key	text	reading	kana
0_Mastery	農業の	nōgyō no	のうぎょう の
3_Mastery	採鉱の	saikō no	さいこう の
4_Mastery	戦闘の	sentō no	せんとう の
AdoptPets	ペットを飼う	petto o kau	ペット を カウ
AdoptedPet_Marnie	をあなたのお家に届けるわ。$h	o anata no o-uchi ni todokeru wa	を あなた の おうち に とどける は
Anvil_bars	が3個必要です。	ga sanko hitsuyō desu	が さんこ ひつよう です
Anvil_fail	これで鍛造し直せるのは	kore de tanzō shinaoseru no wa	これ で たんぞう しなおせる の は
Anvil_fail	装身具だけです。	sōshingu dake desu	そうしんぐ だけ です
Anvil_wrongtrinket	この装身具	kono sōshingu	この そうしんぐ
Anvil_wrongtrinket	を鍛え直すことはできません。	o kitaenaosu koto wa dekimasen	を きたえなおす こと は できません
AttackEnchantment	攻撃 +{0}	kōgeki	こうげき
BasiliskPaw_Description	デバフの効果を受けなくなる。	debafu no kōka o ukenaku naru	デバフ ノ コーカ を ウケナク ナル
BlessingOfFriendship	友好の	yūkō no	ゆうこう の
BlessingOfLuck	幸運の	kōun no	こううん の
BlessingOfTheButterfly	蝶の	chō no	ちょう の
BlessingOfTheButterfly_description	が谷のどこかであなたを待っている…	ga tani no dokoka de anata o matte iru	が たに の どこか で あなた を まって いる
BlessingOfWaters_description	その日最初の3匹を釣り上げるのが簡単になる。	sono hi saisho no sanbiki o tsuriageru no ga kantan ni naru	その ひ さいしょ の さんびき を つりあげる の が かんたん に なる
BooksellerInTown	今日は	kyō wa	きょう は
ButterflyPowder_Goodbye	さようなら、	sayōnara	さようなら
ButterflyPowder_Question	は牧場からいなくなり、	wa bokujō kara inaku nari	は ぼくじょう から いなく なり
ButterflyPowder_Question	もう帰ってきません。	mō kaette kimasen	もう かえって きません
CactusMan_Closed	今は彼らがはずかしがっているんだ。	ima wa karera ga hazukashigatte iru n da	いま は かれら が はずかしがって いる ん だ
CactusMan_Collected	おチビさんは元気かい？	o-chibi-san wa genki kai	オチビサン は ゲンキ カイ
CactusMan_Intro_1	ああ…	ā	ああ
CactusMan_Intro_1	きみは私の活動に理解がある人みたいだね。	kimi wa watashi no katsudō ni rikai ga aru hito mitai da ne	きみ は わたし の かつどう に りかい が ある ひと みたい だ ね
CactusMan_Intro_2	そうそう…	sō sō	そう そう
CactusMan_Intro_2	きみにぴったりな相手を見つけたよ。	kimi ni pittari na aite o mitsuketa yo	きみ に ぴったり な あいて を みつけた よ
CactusMan_No	彼らは小さいが、	karera wa chiisai ga	かれら は ちいさい が
CactusMan_No	きみの人生にサボテンをむかえ入れることには大きな責任がともなう。	kimi no jinsei ni saboten o mukaeireru koto ni wa ōkina sekinin ga tomonau	キミ ノ ジンセイ ニ サボテン を ムカエイレル コト ニ は オーキナ セキニン ガ トモナウ
CactusMan_Question	きみの人生に新しいサボテンをむかえる準備はできたかい？	kimi no jinsei ni atarashii saboten o mukaeru junbi wa dekita kai	キミ ノ ジンセイ ニ アタラシイ サボテン を ムカエル ジュンビ は デキタ カイ
CactusMan_Yes_1	ほら、彼はきみにそっくりだ。	hora kare wa kimi ni sokkuri da	ほら かれ は きみ に そっくり だ
CactusMan_Yes_1	そう思うだろう？	sō omou darō	そう おもう だろう
CactusMan_Yes_2	この子はちょっとはずかしがり屋だけど、	kono ko wa chotto hazukashigariya da kedo	この こ は ちょっと はずかしがりや だ けど
CactusMan_Yes_3	最高にお似合いだよ。	saikō ni oniai da yo	さいこう に おにあい だ よ
CactusMan_Yes_4	理由は言わないが… 	riyū wa iwanai ga	りゆう は いわない が
CactusMan_Yes_4	きみにはこの子がぴったりだ。	kimi ni wa kono ko ga pittari da	きみ に は この こ が ぴったり だ
CactusMan_Yes_5	彼はちょっと変わり者だけど、	kare wa chotto kawarimono da kedo	かれ は ちょっと かわりもの だ けど
CactusMan_Yes_5	きみにはぴったりだ。	kimi ni wa pittari da	きみ に は ぴったり だ
CactusMan_Yes_Full	少し空きをつくってからまた来てくれ。	sukoshi aki o tsukutte kara mata kite kure	すこし あき を つくって から また きて くれ
Cook_ChoseIngredient	ええと… 	ēto	えいと
Cook_ChoseSauce	料理の仕上げに	ryōri no shiage ni	りょうり の しあげ に
Cook_ChoseSauce	をかけて、と。	o kakete to	を かけて と
Cook_DishNames_1_3	洞窟	dōkutsu	どうくつ
Cook_Done	さあ。	sā	さあ
Cook_Ingredient1	洞窟	dōkutsu	どうくつ
Cook_Intro	ようこそ… 	yōkoso	ようこそ
Cook_Intro	お腹は空いていませんか？	onaka wa suite imasen ka	おなか は すいて いません か
Cook_Intro_Yes	おお…	ō	おう
Cook_Intro_Yes	それはよかった。	sore wa yokatta	それ は よかった
Cook_Intro_Yes2	特別な料理を作ってさしあげたいのです。	tokubetsu na ryōri o tsukutte sashiagetai no desu	とくべつ な りょうり を つくって さしあげたい の です
Cook_Intro_Yes2	あなたの好みにぴったりなものを。	anata no konomi ni pittari na mono o	あなた の このみ に ぴったり な もの を
Cook_Intro_Yes3	おお… 	ō	おう
Cook_Sauce0	濃厚な	nōkō na	のうこう な
CursedMannequin_Description	寝ている間に動かないことを祈ろう…	nete iru aida ni ugokanai koto o inorō	ねて いる あいだ に うごかない こと を いのろう
DF_Mine_CalicoStatue	像	zō	ぞう
DF_Mine_CalicoStatue_Description_0	増加	zōka	ぞうか
DF_Mine_CalicoStatue_Description_1	増加	zōka	ぞうか
DF_Mine_CalicoStatue_Description_2	があなたを狙っている…	ga anata o neratte iru	が あなた を ねらって いる
DF_Mine_CalicoStatue_Description_3	増加	zōka	ぞうか
DF_Mine_CalicoStatue_Description_4	昆虫たち	konchū-tachi	こんちゅうたち
DF_Mine_CalicoStatue_Description_6	食べ物の効果が半分になる	tabemono no kōka ga hanbun ni naru	たべもの の こうか が はんぶん に なる
DF_Mine_CalicoStatue_Description_7	増加	zōka	ぞうか
DF_Mine_CalicoStatue_Description_9	が怒りをあらわにした	ga ikari o arawa ni shita	が いかり を あらわ に した
DF_Mine_CalicoStatue_Name_10	魔法の	mahō no	まほう の
DF_Mine_CalicoStatue_Name_7	増加	zōka	ぞうか
DF_Mine_Explanation	にようこそ！---^^	ni yōkoso	に ようこそ
DF_Mine_Explanation	洞窟のあちこちに	dōkutsu no achikochi ni	どうくつ の あちこち に
DF_Mine_Explanation_2	カリコエッグが見つかる確率は	Kariko eggu ga mitsukaru kakuritsu wa	カリコ エッグ ガ ミツカル カクリツ は
DF_Mine_Explanation_2	「タマゴポイント」は、	tamago pointo wa	タマゴ ポイント は
DF_Mine_Explanation_2	またはカリコの像を目覚めさせるたびにたまります。^	mata wa Kariko no zō o mezamesaseru tabi ni tamarimasu	マタ は カリコ ノ ゾー を メザメサセル タビ ニ タマリマス
DF_Mine_Explanation_3	…でも注意してください！	demo chūi shite kudasai	でも ちゅうい して ください
DF_Mine_Explanation_3	カリコの像は、	Kariko no zō wa	カリコ ノ ゾー は
DF_Mine_Explanation_3	不思議な現象を引き起こします！^^	fushigi na genshō o hikiokoshimasu	ふしぎ な げんしょう を ひきおこします
DF_Mine_Explanation_3	「タマゴポイント」をためると	tamago pointo o tameru to	タマゴ ポイント を タメル ト
DefenseEnchantment	防御 +{0}	bōgyo	ぼうぎょ
DeluxeCheesePress_Description	一度に3本のミルクを加工できる。	ichido ni sanbon no miruku o kakō dekiru	イチド ニ サンボン ノ ミルク を カコー デキル
DeluxeLoom_Description	一度に3つのウールを加工できる。	ichido ni mittsu no ūru o kakō dekiru	イチド ニ ミッツ ノ ウール を カコー デキル
DeluxeMayoMachine_Description	一度に3個のタマゴを加工できる。	ichido ni sanko no tamago o kakō dekiru	イチド ニ サンコ ノ タマゴ を カコー デキル
DesertFestival_Abigail	バスを修理してくれてありがとう！	basu o shūri shite kurete arigatō	バス を シューリ シテ クレテ アリガトー
DesertFestival_Abigail	すごくうれしいわ。$h#$e#	sugoku ureshii wa	すごく うれしい は
DesertFestival_Abigail_marriage	食べ物の出店を見たら…#$e#	tabemono no demise o mitara	たべもの の でみせ を みたら
DesertFestival_Abigail_marriage	私はいいから先に行ってきて… 	watashi wa ii kara saki ni itte kite	わたし は いい から さき に いって きて
DesertFestival_Abigail_marriage	でも気をつけてね！	demo ki o tsukete ne	でも き を つけて ね
DesertFestival_Alex	カリコエッグの大きさを見たか？#$b#	Kariko eggu no ōkisa o mita ka	カリコ エッグ ノ オーキサ を ミタ カ
DesertFestival_Alex	あれに含まれてるタンパク質の量を想像してみろよ…	are ni fukumareteru tanpakushitsu no ryō o sōzō shite miro yo	アレ ニ フクマレテル タンパクシツ ノ リョー を ソーゾー シテ ミロ ヨ
DesertFestival_Alex_marriage	砂漠の太陽に照らされたおまえは… 	sabaku no taiyō ni terasareta omae wa	さばく の たいよう に てらされた おまえ は
DesertFestival_Caroline	とてもいい気候ね。	totemo ii kikō ne	とても いい きこう ね
DesertFestival_Caroline	どこまでが自分の肌でどこからが空気なのかわからないわ。$h	doko made ga jibun no hada de doko kara ga kūki na no ka wakaranai wa	どこ まで が じぶん の はだ で どこ から が くうき な の か わからない は
DesertFestival_Clint	よう、	yō	よう
DesertFestival_Clint	実を言うと、	jitsu o iu to	じつ を いう と
DesertFestival_Clint	おれはまつりがあまり好きじゃないんだ。#$b#	ore wa matsuri ga amari suki ja nai n da	おれ は まつり が あまり すき じゃ ない ん だ
DesertFestival_Clint	家にいる気分にはなれないんだよ。$s	ie ni iru kibun ni wa narenai n da yo	いえ に いる きぶん に は なれない ん だ よ
DesertFestival_Demetrius	なぜ人間はからいものを好むのか？	naze ningen wa karai mono o konomu no ka	なぜ にんげん は からい もの を このむ の か
DesertFestival_Demetrius	生物学的観点では直感に反することだ。#$e#	seibutsugakuteki kanten de wa chokkan ni hansuru koto da	せいぶつがくてき かんてん で は ちょっかん に はんする こと だ
DesertFestival_Elliott	つま先はミルキーだが、	tsumasaki wa mirukī da ga	ツマサキ は ミルキー ダ ガ
DesertFestival_Elliott	ボディはしっかりしている。	bodi wa shikkari shite iru	ボディ は シッカリ シテ イル
DesertFestival_Elliott	しかし故郷の風よりも少し穏やかだ…#$b#	shikashi kokyō no kaze yori mo sukoshi odayaka da	しかし こきょう の かぜ より も すこし おだやか だ
DesertFestival_Elliott_marriage	おやおや、どうしたんだい？	oya oya dō shita n dai	おや おや どう した ん だい
DesertFestival_Elliott_marriage	どうか潤いを失わないでおくれ。	dō ka uruoi o ushinawanaide okure	どう か うるおい を うしなわないで おくれ
DesertFestival_Emily	ばっちり仕上げてみせるわ！	batchiri shiagete miseru wa	ばっちり しあげて みせる は
DesertFestival_Emily2_marriage	あなたの方はどう？	anata no hō wa dō	あなた の ほう は どう
DesertFestival_Emily3_marriage	私、今朝オウムにごはんをあげたっけ？	watashi kesa ōmu ni gohan o ageta kke	ワタシ ケサ オーム ニ ゴハン を アゲタ ッケ
DesertFestival_Emily_marriage	ねえ、	nē	ねい
DesertFestival_Emily_marriage	私はありのままのあなたを愛してるわ… 	watashi wa arinomama no anata o aishiteru wa	わたし は ありのまま の あなた を あいしてる は
DesertFestival_Evelyn	ああ… 	ā	ああ
DesertFestival_Evelyn	時間は砂のように流れていくのね…	jikan wa suna no yō ni nagarete iku no ne	じかん は すな の よう に ながれて いく の ね
DesertFestival_George	妻は何をつぶやいているんだ？	tsuma wa nani o tsubuyaite iru n da	つま は なに を つぶやいて いる ん だ
DesertFestival_George	ワシはからい料理を食べに来たんだ！	washi wa karai ryōri o tabe ni kita n da	ワシ は カライ リョーリ を タベ ニ キタ ン ダ
DesertFestival_Gus	町のまつりでは私がみんなの料理を作っているんだ。	machi no matsuri de wa watashi ga minna no ryōri o tsukutte iru n da	まち の まつり で は わたし が みんな の りょうり を つくって いる ん だ
DesertFestival_Gus	でも今日は違う！	demo kyō wa chigau	でも きょう は ちがう
DesertFestival_Haley	もうすっかり砂漠をまんきつしてるわ！$h	mō sukkari sabaku o mankitsu shiteru wa	もう すっかり さばく を まんきつ してる は
DesertFestival_Haley2	は太陽の光を浴びて輝いている。	wa taiyō no hikari o abite kagayaite iru	は たいよう の ひかり を あびて かがやいて いる
DesertFestival_Haley2_marriage	は昼寝をしている。	wa hirune o shite iru	は ひるね を して いる
DesertFestival_Haley_marriage	誰かさんはいい感じに日焼けしてるみたいね… 	dareka-san wa ii kanji ni hiyake shiteru mitai ne	だれかさん は いい かんじ に ひやけ してる みたい ね
DesertFestival_Harvey	洞窟に入るのはとても危険です。	dōkutsu ni hairu no wa totemo kiken desu	どうくつ に はいる の は とても きけん です
DesertFestival_Harvey	ねんのため、一日中ここにいることにしました。#$e#	nen no tame ichinichijū koko ni iru koto ni shimashita	ねん の ため いちにちじゅう ここ に いる こと に しました
DesertFestival_Harvey	医者としては、サーペントがいる洞窟に入るのはおすすめできません！	isha to shite wa sāpento ga iru dōkutsu ni hairu no wa osusume dekimasen	イシャ ト シテ は サーペント ガ イル ドークツ ニ ハイル ノ は オススメ デキマセン
DesertFestival_Harvey	ですが、どうするかはあなた次第です。	desu ga dō suru ka wa anata shidai desu	です が どう する か は あなた しだい です
DesertFestival_Harvey_marriage	やあ、	yā	やあ
DesertFestival_Harvey_marriage	フェスティバルの間は遅くまで仕事をしていますから、	fesutibaru no aida wa osoku made shigoto o shite imasu kara	フェスティバル ノ アイダ は オソク マデ シゴト を シテ イマス カラ
DesertFestival_Harvey_marriage	ドクロの洞窟ではくれぐれも気をつけて。	Dokuro no dōkutsu de wa kuregure mo ki o tsukete	ドクロ ノ ドークツ デ は クレグレ モ キ を ツケテ
DesertFestival_Jodi	あら、今日はちょっと買い物に来てみたのよ。#$e#	ara kyō wa chotto kaimono ni kite mita no yo	あら きょう は ちょっと かいもの に きて みた の よ
DesertFestival_Jodi	リビングにぴったりの飾りを見逃してしまうかもしれないわ！	ribingu ni pittari no kazari o minogashite shimau kamoshirenai wa	リビング ニ ピッタリ ノ カザリ を ミノガシテ シマウ カモシレナイ は
DesertFestival_Kent	よう、	yō	よう
DesertFestival_Kent	この暑さを楽しんでるか？	kono atsusa o tanoshinderu ka	この あつさ を たのしんでる か
DesertFestival_Leah_marriage	水の中はサソリゴイでいっぱいらしいの！$h	mizu no naka wa sasorigoi de ippai rashii no	ミズ ノ ナカ は サソリゴイ デ イッパイ ラシイ ノ
DesertFestival_Leo	ボクはここが好きだよ。	boku wa koko ga suki da yo	ボク は ココ ガ スキ ダ ヨ
DesertFestival_Leo	ふるさとを思い出すような天気なんだ。	furusato o omoidasu yō na tenki nan da	ふるさと を おもいだす よう な てんき なん だ
DesertFestival_Lewis	長く暗い冬を過ごしたみんなを元気づけるのにちょうどいい。	nagaku kurai fuyu o sugoshita minna o genkizukeru no ni chōdo ii	ながく くらい ふゆ を すごした みんな を げんきずける の に ちょうど いい
DesertFestival_Lewis2	きみがバスを修理してくれたおかげだよ！	kimi ga basu o shūri shite kureta okage da yo	キミ ガ バス を シューリ シテ クレタ オカゲ ダ ヨ
DesertFestival_Lewis2	本当にありがとう。	hontō ni arigatō	ほんとう に ありがとう
DesertFestival_Lewis3	今日はまつりの最終日だ。	kyō wa matsuri no saishūbi da	きょう は まつり の さいしゅうび だ
DesertFestival_Lewis3	来年もまたみんなで来よう。	rainen mo mata minna de koyō	らいねん も また みんな で こよう
DesertFestival_Marnie	ミルクのことを考えてたのよ。#$e#	miruku no koto o kangaeteta no yo	ミルク ノ コト を カンガエテタ ノ ヨ
DesertFestival_Marnie	あなたはラクダのミルクを飲んだことがある？	anata wa rakuda no miruku o nonda koto ga aru	アナタ は ラクダ ノ ミルク を ノンダ コト ガ アル
DesertFestival_Marnie	しょっぱいって聞いたことがあるわ。	shoppai tte kiita koto ga aru wa	しょっぱい って きいた こと が ある は
DesertFestival_Maru	この小さなレーサーたちはたくさん練習してきたんだなって感心してるの！$h	kono chiisana rēsā-tachi wa takusan renshū shite kita n da na tte kanshin shiteru no	コノ チイサナ レーサータチ は タクサン レンシュー シテ キタ ン ダ ナ ッテ カンシン シテル ノ
DesertFestival_Maru_marriage	カリコエッグ集めは順調？	Kariko eggu atsume wa junchō	カリコ エッグ アツメ は ジュンチョー
DesertFestival_Maru_marriage	ここにはすてきな賞品がいっぱいあるの！$h#$e#	koko ni wa suteki na shōhin ga ippai aru no	ここ に は すてき な しょうひん が いっぱい ある の
DesertFestival_Maru_marriage	あなたならきっとうまくいくわ！	anata nara kitto umaku iku wa	あなた なら きっと うまく いく は
DesertFestival_Pam	やあ、若いの…	yā wakai no	やあ わかい の
DesertFestival_Pam	今日はお休みかい？	kyō wa o-yasumi kai	きょう は おやすみ かい
DesertFestival_Pam	のんびりするのも悪くないだろう？#$e#	nonbiri suru no mo warukunai darō	のんびり する の も わるくない だろう
DesertFestival_Pam	そう…	sō	そう
DesertFestival_Pam	あたしだってたまには太陽の光をあびたいのさ！	atashi datte tama ni wa taiyō no hikari o abitai no sa	あたし だって たま に は たいよう の ひかり を あびたい の さ
DesertFestival_Penny	数千年前、	sūsennen mae	すうせんねん まえ
DesertFestival_Penny	ここには古代の文明があったのよ。	koko ni wa kodai no bunmei ga atta no yo	ここ に は こだい の ぶんめい が あった の よ
DesertFestival_Penny	どんな人たちが暮らしていたんでしょうね？	donna hito-tachi ga kurashite ita n deshō ne	どんな ひとたち が くらして いた ん でしょう ね
DesertFestival_Pierre	商売をしていると、	shōbai o shite iru to	しょうばい を して いる と
DesertFestival_Pierre	ほかの人たちがどうやってお店を経営しているのかが気になりますね。#$e#	hoka no hito-tachi ga dō yatte o-mise o keiei shite iru no ka ga ki ni narimasu ne	ほか の ひとたち が どう やって おみせ を けいえい して いる の か が き に なります ね
DesertFestival_Pierre	サンディには内緒ですが、	Sandi ni wa naisho desu ga	サンディ ニ は ナイショ デス ガ
DesertFestival_Pierre	私のお店の方が品揃えは充実していますよ！	watashi no o-mise no hō ga shinazoroe wa jūjitsu shite imasu yo	わたし の おみせ の ほう が しなぞろえ は じゅうじつ して います よ
DesertFestival_Robin	私たちはおしゃべりしてるだけだよ。	watashitachi wa oshaberi shiteru dake da yo	わたしたち は おしゃべり してる だけ だ よ
DesertFestival_Sam	よう、	yō	よう
DesertFestival_Sam	オレのサボテンを見てくれよ。	ore no saboten o mite kure yo	オレ ノ サボテン を ミテ クレ ヨ
DesertFestival_Sam	名前をつけてやろうと思ってるんだ。#$e# 	namae o tsukete yarō to omotteru n da	なまえ を つけて やろう と おもってる ん だ
DesertFestival_Sam	「%name」はどうかな？	wa dō ka na	は どう か な
DesertFestival_Sam_marriage	フェスティバルが終わる前に無料のサボテンをもらっといてくれよ。#$b#	fesutibaru ga owaru mae ni muryō no saboten o moratto ite kure yo	フェスティバル ガ オワル マエ ニ ムリョー ノ サボテン を モラット イテ クレ ヨ
DesertFestival_Sam_marriage	わが家にはカンペキにマッチするはずさ！$h	wagaya ni wa kanpeki ni matchi suru hazu sa	ワガヤ ニ は カンペキ ニ マッチ スル ハズ サ
DesertFestival_Sandy	今は一年でいちばんいそがしい時期なの！	ima wa ichinen de ichiban isogashii jiki na no	いま は いちねん で いちばん いそがしい じき な の
DesertFestival_Sandy	みんなと会えてうれしいわ。	minna to aete ureshii wa	みんな と あえて うれしい は
DesertFestival_Sebastian	よう。	yō	よう
DesertFestival_Sebastian_marriage	オレは日陰でくつろぐことにするよ。#$e#	ore wa hikage de kutsurogu koto ni suru yo	オレ は ヒカゲ デ クツログ コト ニ スル ヨ
DesertFestival_Sebastian_marriage	オレの性格は知ってるだろ…	ore no seikaku wa shitteru daro	オレ ノ セイカク は シッテル ダロ
DesertFestival_Sebastian_marriage	太陽が当たらない場所の方が落ち着くんだ。$h	taiyō ga ataranai basho no hō ga ochitsuku n da	たいよう が あたらない ばしょ の ほう が おちつく ん だ
DesertFestival_Shane_marriage	今日は歯みがきを忘れないようにしよう… 	kyō wa hamigaki o wasurenai yō ni shiyō	きょう は はみがき を わすれない よう に しよう
DesertFestival_Shane_marriage	ここにある12種類のソーダをぜんぶ飲んでみるつもりなんだ。#$e#	koko ni aru jūni shurui no sōda o zenbu nonde miru tsumori nan da	ココ ニ アル ジューニ シュルイ ノ ソーダ を ゼンブ ノンデ ミル ツモリ ナン ダ
DesertFestival_Shane_marriage	ええと… 	ēto	えいと
DesertFestival_Vincent	お母さん、	okāsan	おかあさん
DesertFestival_Willy	ああ、	ā	ああ
DesertFestival_Willy	暖かい日のエビの焼けるにおいは最高だ。	atatakai hi no ebi no yakeru nioi wa saikō da	アタタカイ ヒ ノ エビ ノ ヤケル ニオイ は サイコー ダ
DwarfStatue_0	ひとつの鉱脈から手に入る鉱石が1個増える。	hitotsu no kōmyaku kara te ni hairu kōseki ga ikko fueru	ひとつ の こうみゃく から て に はいる こうせき が いっこ ふえる
DwarfStatue_1	ハシゴやシャフトを見つける確率が上がる。	hashigo ya shafuto o mitsukeru kakuritsu ga agaru	ハシゴ ヤ シャフト を ミツケル カクリツ ガ アガル
DwarfStatue_2	石炭を見つける確率が上がる。	sekitan o mitsukeru kakuritsu ga agaru	せきたん を みつける かくりつ が あがる
DwarfStatue_3	ボムからダメージをうけない。	bomu kara damēji o ukenai	ボム カラ ダメージ を ウケナイ
DwarfStatue_4	ジオードを見つける確率が上がる。	jiōdo o mitsukeru kakuritsu ga agaru	ジオード を ミツケル カクリツ ガ アガル
DwarfStatue_source	像	zō	ぞう
EggShop_Closed	閉店中。	heitenchū	へいてんちゅう
FairyBox_Description	戦闘中に回復してくれる妖精を召喚する。	sentōchū ni kaifuku shite kureru yōsei o shōkan suru	せんとうちゅう に かいふく して くれる ようせい を しょうかん する
FairyBox_Description2	戦闘中に回復してくれる	sentōchū ni kaifuku shite kureru	せんとうちゅう に かいふく して くれる
FairyBox_Description2	を召喚する。	o shōkan suru	を しょうかん する
Farm_Perfection_Description	滝の牧場_	taki no bokujō	たき の ぼくじょう
Farm_Perfection_Description	おじいちゃんが強力なボーナスを生み出す魔法のランプをのこしてくれた。	ojīchan ga kyōryoku na bōnasu o umidasu mahō no ranpu o nokoshite kureta	オジーチャン ガ キョーリョク ナ ボーナス を ウミダス マホー ノ ランプ を ノコシテ クレタ
Farm_Perfection_Description	ただし、Joja銀行への1,000,000gの借金も引き継いでおり、	tadashi Joja ginkō e no hyakuman gōrudo no shakkin mo hikitsuide ori	ただし Joja ぎんこう へ の ひゃくまん ごうるど の しゃっきん も ひきついで おり
Farm_Ranching_Description	農作物の栽培には向かないが、	nōsakubutsu no saibai ni wa mukanai ga	のうさくぶつ の さいばい に は むかない が
Farm_Ranching_Description	動物たちが好む青々とした草がある。	dōbutsu-tachi ga konomu aoao to shita kusa ga aru	どうぶつたち が このむ あおあお と した くさ が ある
Farming_Mastery	動物の生産物がずっと2倍になる金の動物ビスケットを見つけられるようになりました。	dōbutsu no seisanbutsu ga zutto nibai ni naru kin no dōbutsu bisuketto o mitsukerareru yō ni narimashita	ドーブツ ノ セイサンブツ ガ ズット ニバイ ニ ナル キン ノ ドーブツ ビスケット を ミツケラレル ヨー ニ ナリマシタ
Farming_Mastery	ブタには効果がありません。	buta ni wa kōka ga arimasen	ブタ ニ は コーカ ガ アリマセン
FestivalTentWarning	明日はおまつりです。	asu wa o-matsuri desu	あす は おまつり です
FishFrenzy_beach	の行動が活発になっています。	no kōdō ga kappatsu ni natte imasu	の こうどう が かっぱつ に なって います
FishFrenzy_forest	の行動が活発になっています。	no kōdō ga kappatsu ni natte imasu	の こうどう が かっぱつ に なって います
FishFrenzy_mountain	の行動が活発になっています。	no kōdō ga kappatsu ni natte imasu	の こうどう が かっぱつ に なって います
FishFrenzy_town	の行動が活発になっています。	no kōdō ga kappatsu ni natte imasu	の こうどう が かっぱつ に なって います
FishingDerbyBooth_BagFull	すこし空きをつくってから来てください。	sukoshi aki o tsukutte kara kite kudasai	すこし あき を つくって から きて ください
FishingDerbyBooth_Explanation	このイベント中は、	kono ibento chū wa	コノ イベント チュー は
FishingDerbyBooth_Explanation	ここで賞品と交換できますよ！	koko de shōhin to kōkan dekimasu yo	ここ で しょうひん と こうかん できます よ
FishingDerbyBooth_Intro	にようこそ！	ni yōkoso	に ようこそ
FishingDerbyBooth_Intro	なにかご用ですか？	nanika go-yō desu ka	なにか ごよう です か
FishingDerbyBooth_NoTags	金色のタグを持っていないようですね… 	kin'iro no tagu o motte inai yō desu ne	キンイロ ノ タグ を モッテ イナイ ヨー デス ネ
FishingDerbyBooth_NoTags	がんばって釣りましょう！	ganbatte tsurimashō	がんばって つりましょう
FishingDerbySign	-----^^今週末、	konshūmatsu	こんしゅうまつ
FishingDerbySign	夏の20日から21日にかけて：	natsu no hatsuka kara nijūichinichi ni kakete	なつ の はつか から にじゅういちにち に かけて
FishingDerbySign	淡水釣りの腕前を披露して賞品をゲットしよう！^^	tansui tsuri no udemae o hirō shite shōhin o getto shiyō	タンスイ ツリ ノ ウデマエ を ヒロー シテ ショーヒン を ゲット シヨー
FishingDerbySign	（注意：この看板の近くにあったものは落とし物ボックスに入れておきました）	chūi kono kanban no chikaku ni atta mono wa otoshimono bokkusu ni irete okimashita	チューイ コノ カンバン ノ チカク ニ アッタ モノ は オトシモノ ボックス ニ イレテ オキマシタ
Fishing_Mastery	金の宝箱を釣り上げられるようになりました。	kin no takarabako o tsuriagerareru yō ni narimashita	きん の たからばこ を つりあげられる よう に なりました
FixRaccoonStump_Hint	古い木はなくなってしまいました… 	furui ki wa nakunatte shimaimashita	ふるい き は なくなって しまいました
FixRaccoonStump_Hint	古い木を修復できるはずです。	furui ki o shūfuku dekiru hazu desu	ふるい き を しゅうふく できる はず です
FixRaccoonStump_Question	堅い木を100個使って	katai ki o hyakko tsukatte	かたい き を ひゃっこ つかって
FixRaccoonStump_Question	切り株を修復しますか？	kirikabu o shūfuku shimasu ka	きりかぶ を しゅうふく します か
Fizz_Intro_1	…私の手紙を受け取ったようですね。	watashi no tegami o uketotta yō desu ne	わたし の てがみ を うけとった よう です ね
Fizz_Intro_1	お会いできて光栄です。#$b#	o-ai dekite kōei desu	おあい できて こうえい です
Fizz_Intro_1	私の名前はフィズ。	watashi no namae wa Fizu	ワタシ ノ ナマエ は フィズ
Fizz_Intro_1	まあいいでしょう、ほとんど知られていませんから…#$b#	mā ii deshō hotondo shirarete imasen kara	まあ いい でしょう ほとんど しられて いません から
Fizz_Intro_1	私たちはJojaの商品の宣伝をしているわけではありません。	watashitachi wa Joja no shōhin no senden o shite iru wake de wa arimasen	わたしたち は Joja の しょうひん の せんでん を して いる わけ で は ありません
Fizz_Intro_1	私たちは特別なお得意さま向けの「特別サービス」を提供しているのです。#$b#	watashitachi wa tokubetsu na o-tokui-sama muke no tokubetsu sābisu o teikyō shite iru no desu	ワタシタチ は トクベツ ナ オトクイサマ ムケ ノ トクベツ サービス を テイキョー シテ イル ノ デス
Fizz_Intro_1	では何をしているのか？	dewa nani o shite iru no ka	でわ なに を して いる の か
Fizz_Intro_1	言ってしまえば「法的に複雑」な問題を専門にしているのです… 	itte shimaeba hōteki ni fukuzatsu na mondai o senmon ni shite iru no desu	いって しまえば ほうてき に ふくざつ な もんだい を せんもん に して いる の です
Fizz_Intro_1	まあ、おしゃべりはこのくらいにしておきましょう。	mā oshaberi wa kono kurai ni shite okimashō	まあ おしゃべり は この くらい に して おきましょう
Fizz_Intro_1	あなたは「完璧」を目指しているそうですね。	anata wa kanpeki o mezashite iru sō desu ne	あなた は かんぺき を めざして いる そう です ね
Fizz_Intro_1	すばらしい目標だ！ 	subarashii mokuhyō da	すばらしい もくひょう だ
Fizz_Intro_1	非常に難しい。#$b#	hijō ni muzukashii	ひじょう に むずかしい
Fizz_Intro_1	料理、	ryōri	りょうり
Fizz_Intro_1	複雑な友人関係… 	fukuzatsu na yūjin kankei	ふくざつ な ゆうじん かんけい
Fizz_Intro_1	さぞかしストレスを感じていることでしょう。$s#$b#	sazokashi sutoresu o kanjite iru koto deshō	サゾカシ ストレス を カンジテ イル コト デショー
Fizz_Intro_1	これからはそんなストレスに悩まされることはありません！	kore kara wa sonna sutoresu ni nayamasareru koto wa arimasen	コレ カラ は ソンナ ストレス ニ ナヤマサレル コト は アリマセン
Fizz_Intro_1	この書類をご覧いただけますか？	kono shorui o go-ran itadakemasu ka	この しょるい を ごらん いただけます か
Fizz_Intro_1	私たちはこれを「完全放棄」と呼んでいます。#$b#	watashitachi wa kore o kanzen hōki to yonde imasu	わたしたち は これ を かんぜん ほうき と よんで います
Fizz_Intro_1	完璧を求める方にとっては1%の価値を持っています。	kanpeki o motomeru kata ni totte wa ichi pāsento no kachi o motte imasu	かんぺき を もとめる かた に とって は いち ぱあせんと の かち を もって います
Fizz_Intro_1	完全に合法です！#$b#	kanzen ni gōhō desu	かんぜん に ごうほう です
Fizz_Intro_1	私がウソをつく人間に見えますか？$u#$b#	watashi ga uso o tsuku ningen ni miemasu ka	ワタシ ガ ウソ を ツク ニンゲン ニ ミエマス カ
Fizz_Intro_1	答えはいりません。#$b#	kotae wa irimasen	こたえ は いりません
Fizz_Intro_1	…とにかく、これをお手ごろな価格で販売しますよ… 	tonikaku kore o o-tegoro na kakaku de hanbai shimasu yo	とにかく これ を おてごろ な かかく で はんばい します よ
Fizz_Intro_1	一冊500,000gです。	issatsu gojūman gōrudo desu	いっさつ ごじゅうまん ごうるど です
Fizz_Intro_1	格安でしょう！#$b#	kakuyasu deshō	かくやす でしょう
Fizz_Intro_1	まあ、無理にとは言いません。	mā muri ni to wa iimasen	まあ むり に と は いいません
Fizz_Intro_2	どうなさいますか？	dō nasaimasu ka	どう なさいます か
Fizz_Intro_2	正真正銘の「完全放棄」が500,000gですよ？	shōshin shōmei no kanzen hōki ga gojūman gōrudo desu yo	しょうしん しょうめい の かんぜん ほうき が ごじゅうまん ごうるど です よ
Fizz_Yes	（500,000g払う）	gojūman gōrudo harau	ごじゅうまん ごうるど はらう
Foraging_Mastery	上質なアイテムが入った金のミステリーボックスを見つけられるようになりました。	jōshitsu na aitemu ga haitta kin no misuterī bokkusu o mitsukerareru yō ni narimashita	ジョーシツ ナ アイテム ガ ハイッタ キン ノ ミステリー ボックス を ミツケラレル ヨー ニ ナリマシタ
ForestMagic	魔法	mahō	まほう
ForestMagic_Description	あなたは森の魔法と共にあります…	anata wa mori no mahō to tomo ni arimasu	あなた は もり の まほう と とも に あります
FoundABook	を一冊見つけた	o issatsu mitsuketa	を いっさつ みつけた
Freezer_name	冷凍庫	reitōko	れいとうこ
FrogEgg_Description	お腹を空かせたカエルを召喚する。	onaka o sukaseta kaeru o shōkan suru	オナカ を スカセタ カエル を ショーカン スル
GameMenu_Animals	動物	dōbutsu	どうぶつ
GetRewards	賞品を受け取る	shōhin o uketoru	しょうひん を うけとる
GiantQiFruitMessage	私の大切なフルーツをいつでも手に入れられると思ったのかい？	watashi no taisetsu na furūtsu o itsu demo te ni irerareru to omotta no kai	ワタシ ノ タイセツ ナ フルーツ を イツ デモ テ ニ イレラレル ト オモッタ ノ カイ
Gil_ComeBack	今日はここまでだ。	kyō wa koko made da	きょう は ここ まで だ
Gil_ComeBack	また明日挑戦すればいい。 	mata ashita chōsen sureba ii	また あした ちょうせん すれば いい
Gil_ComeBack	ぐぅぐぅ…	gūgū	ぐうぐう
Gil_NextYear	今年はここまでだ… 	kotoshi wa koko made da	ことし は ここ まで だ
Gil_NextYear	ぐぅぐぅ…	gūgū	ぐうぐう
Gil_NoRating	今日はいい天気だな… 	kyō wa ii tenki da na	きょう は いい てんき だ な
Gil_NoRating	洞窟でなにか成果があったらまた戻ってきなされ。	dōkutsu de nanika seika ga attara mata modotte kinasare	どうくつ で なにか せいか が あったら また もどって きなされ
Gil_Rating_1000	「チートコードで集めたタマゴポイントを使うのは恥ずべき行為です！」	chīto kōdo de atsumeta tamago pointo o tsukau no wa hazubeki kōi desu	チート コード デ アツメタ タマゴ ポイント を ツカウ ノ は ハズベキ コーイ デス
Gil_Rating_10to14	ほう？	hō	ほう
Gil_Rating_10to14	ワシがあんたぐらいのときは、	washi ga anta gurai no toki wa	ワシ ガ アンタ グライ ノ トキ は
Gil_Rating_10to14	この倍はやっていたよ。	kono bai wa yatte ita yo	この ばい は やって いた よ
Gil_Rating_10to14	食料を持たずに、サビた剣だけを持ってな。	shokuryō o motazu ni sabita ken dake o motte na	ショクリョー を モタズ ニ サビタ ケン ダケ を モッテ ナ
Gil_Rating_15to19	そのくらいのやってくれたら冒険者ギルドとしてはありがたいよ。	sono kurai no yatte kuretara bōkensha girudo to shite wa arigatai yo	ソノ クライ ノ ヤッテ クレタラ ボーケンシャ ギルド ト シテ は アリガタイ ヨ
Gil_Rating_15to19	これが賞品だ。	kore ga shōhin da	これ が しょうひん だ
Gil_Rating_1to4	賞品はこれだよ… 	shōhin wa kore da yo	しょうひん は これ だ よ
Gil_Rating_1to4	さあ、ほかの子たちと遊びに行っておいで。	sā hoka no ko-tachi to asobi ni itte oide	さあ ほか の こたち と あそび に いって おいで
Gil_Rating_20to24	そいつはすごいな… #$b#	soitsu wa sugoi na	そいつ は すごい な
Gil_Rating_20to24	今日のタマゴポイントは{0}だ！	kyō no tamago pointo wa da	キョー ノ タマゴ ポイント は ダ
Gil_Rating_25	こりゃあ…	koryā	こりゃあ
Gil_Rating_5to9	挑戦する勇気は大切だ。	chōsen suru yūki wa taisetsu da	ちょうせん する ゆうき は たいせつ だ
Gil_Rating_5to9	ほら、これを持っていくといい。	hora kore o motte iku to ii	ほら これ を もって いく と いい
Gil_SubmitRating	今日の最高タマゴポイントをギルに伝えますか？^	kyō no saikō tamago pointo o Giru ni tsutaemasu ka	キョー ノ サイコー タマゴ ポイント を ギル ニ ツタエマス カ
GoldClock_Off	金時計をとめますか？	kin dokei o tomemasu ka	きん どけい を とめます か
GoldClock_On	金時計を動かしますか？	kin dokei o ugokashimasu ka	きん どけい を うごかします か
GoldenParrot_Sure	（これでいいんだろうか？	kore de ii n darō ka	これ で いい ん だろう か
GoldenParrot_Sure	オウムが金のクルミをぜんぶ見つけてしまったら、	ōmu ga kin no kurumi o zenbu mitsukete shimattara	オーム ガ キン ノ クルミ を ゼンブ ミツケテ シマッタラ
GoldenParrot_Sure	ジンジャーアイランドを本当に楽しむことができない… ）	Jinjā Airando o hontō ni tanoshimu koto ga dekinai	ジンジャー アイランド を ホントー ニ タノシム コト ガ デキナイ
GoldenParrot_Tonight	今日の夜！	kyō no yoru	きょう の よる
GoldenParrot_Yes	（{0}g払う）	gōrudo harau	ごうるど はらう
GrandpaMasteryNote	このメモを読んでいるということは、	kono memo o yonde iru to iu koto wa	コノ メモ を ヨンデ イル ト イウ コト は
GrandpaMasteryNote	わしがおまえのために用意した秘密の部屋を見つけたということだね。^^	washi ga omae no tame ni yōi shita himitsu no heya o mitsuketa to iu koto da ne	わし が おまえ の ため に ようい した ひみつ の へや を みつけた と いう こと だ ね
GrandpaMasteryNote	この壁には、ヒントやレシピだけでなく、	kono kabe ni wa hinto ya reshipi dake de naku	コノ カベ ニ は ヒント ヤ レシピ ダケ デ ナク
GrandpaMasteryNote	わしの大切などうぐがいくつも入っているんだ… 	washi no taisetsu na dōgu ga ikutsu mo haitte iru n da	わし の たいせつ な どうぐ が いくつ も はいって いる ん だ
GrandpaMasteryNote	ここまで来れたということは、	koko made koreta to iu koto wa	ここ まで これた と いう こと は
GrandpaMasteryNote	おまえにはこうした強力な秘密をうまく使うための技術や知恵がそなわっているんだね。^^	omae ni wa kō shita kyōryoku na himitsu o umaku tsukau tame no gijutsu ya chie ga sonawatte iru n da ne	おまえ に は こう した きょうりょく な ひみつ を うまく つかう ため の ぎじゅつ や ちえ が そなわって いる ん だ ね
GrandpaMasteryNote	わしが見つけたものがおまえを助け、	washi ga mitsuketa mono ga omae o tasuke	わし が みつけた もの が おまえ を たすけ
GrandpaMasteryNote	{1}牧場が世界に明るく輝く星のような場所になることを願っているよ！^^	bokujō ga sekai ni akaruku kagayaku hoshi no yō na basho ni naru koto o negatte iru yo	ぼくじょう が せかい に あかるく かがやく ほし の よう な ばしょ に なる こと を ねがって いる よ
GrandpaMasteryNote	- おじいちゃんより	ojīchan yori	おじいちゃん より
GreenRainForecast	これが何を意味するのかは… 	kore ga nani o imi suru no ka wa	これ が なに を いみ する の か は
HeavyFurnace_coal	石炭が3個必要	sekitan ga sanko hitsuyō	せきたん が さんこ ひつよう
HeavyFurnace_ores	鉱石が25個必要	kōseki ga nijūgoko hitsuyō	こうせき が にじゅうごこ ひつよう
HeavyMagicQuiver	魔法の	mahō no	まほう の
HideIP	IPと招待コードを非表示にする	IP to shōtai kōdo o hihyōji ni suru	IP ト ショータイ コード を ヒヒョージ ニ スル
IceRod_Description	{0}秒おきに	byō oki ni	びょう おき に
IceRod_Description	氷の球を放ち、	kōri no tama o hanachi	こうり の たま を はなち
IceRod_Description	当たった敵を{1}秒間凍らせる。	atatta teki o byōkan kōraseru	あたった てき を びょうかん こうらせる
Instant	時間はかからない	jikan wa kakaranai	じかん は かからない
Jas_IceCream	ちょうど食べたかったの…	chōdo tabetakatta no	ちょうど たべたかった の
Jas_IceCream	ありがとう！	arigatō	ありがとう
JojaCatalogueDescription	40点の限定家具を取りそろえた	yonjitten no gentei kagu o torisoroeta	よんじってん の げんてい かぐ を とりそろえた
JojaCatalogueDescriptionTerms	利用規約：^^	riyō kiyaku	りよう きやく
JojaCatalogueDescriptionTerms	このアイテムを有効にすることにより、	kono aitemu o yūkō ni suru koto ni yori	コノ アイテム を ユーコー ニ スル コト ニ ヨリ
JojaCatalogueDescriptionTerms	利用者は、Jojaサクセス家具の使用にから生じる生命または財産への損害に対してJoja社が責任を負わないことに同意するものとします。^^	riyōsha wa Joja sakusesu kagu no shiyō kara shōjiru seimei mata wa zaisan e no songai ni taishite Joja sha ga sekinin o owanai koto ni dōi suru mono to shimasu	リヨーシャ は Joja サクセス カグ ノ シヨー カラ ショージル セイメイ マタ は ザイサン へ ノ ソンガイ ニ タイシテ Joja シャ ガ セキニン を オワナイ コト ニ ドーイ スル モノ ト シマス
JojaCatalogueDescriptionTerms	利用者は、1つまたは複数のサクセス家具に未検査のプラスチック素材が含まれている可能性があることを認識し、	riyōsha wa hitotsu mata wa fukusū no sakusesu kagu ni miken'sa no purasuchikku sozai ga fukumarete iru kanōsei ga aru koto o ninshiki shi	リヨーシャ は ヒトツ マタ は フクスー ノ サクセス カグ ニ ミケンサ ノ プラスチック ソザイ ガ フクマレテ イル カノーセイ ガ アル コト を ニンシキ シ
JojaCatalogueDescriptionTerms	当該プラスチック素材との接触に起因する健康上の有害な結果について、Joja社の責任を問う権利を放棄するものとします。^^	tōgai purasuchikku sozai to no sesshoku ni kiin suru kenkōjō no yūgai na kekka ni tsuite Joja sha no sekinin o tou kenri o hōki suru mono to shimasu	トーガイ プラスチック ソザイ ト ノ セッショク ニ キイン スル ケンコージョー ノ ユーガイ ナ ケッカ ニ ツイテ Joja シャ ノ セキニン を トウ ケンリ を ホーキ スル モノ ト シマス
JojaCatalogueDescriptionTerms	利用者は、いわゆる「製品の不具合」についてJoja社に責任を問う権利を放棄するものとし、	riyōsha wa iwayuru seihin no fuguai ni tsuite Joja sha ni sekinin o tou kenri o hōki suru mono to shi	りようしゃ は いわゆる せいひん の ふぐあい に ついて Joja しゃ に せきにん を とう けんり を ほうき する もの と し
JojaCatalogueDescriptionTerms	Jojaサクセス家具の使用による破損、ひび割れ、粉吹き、変形、挟み込み、突き刺し、その他の意図しない影響による身体的危害は、	Joja sakusesu kagu no shiyō ni yoru hason hibiware kofuki henkei hasamikomi tsukisashi sonota no ito shinai eikyō ni yoru shintaiteki kigai wa	Joja サクセス カグ ノ シヨー ニ ヨル ハソン ヒビワレ コフキ ヘンケイ ハサミコミ ツキサシ ソノタ ノ イト シナイ エイキョー ニ ヨル シンタイテキ キガイ は
JojaCatalogueDescriptionTerms	すべて利用者の自発的な行為によるものであることに同意するものとします。^^ 	subete riyōsha no jihatsuteki na kōi ni yoru mono de aru koto ni dōi suru mono to shimasu	すべて りようしゃ の じはつてき な こうい に よる もの で ある こと に どうい する もの と します
JojaCatalogueDescriptionTerms	--共に成功しましょう。 --	tomo ni seikō shimashō	とも に せいこう しましょう
JojaFreeRun	Jojaのサービスはありません！	Joja no sābisu wa arimasen	Joja ノ サービス は アリマセン
JojaGrandpaIntro_0	実に感動的だ…	jitsu ni kandōteki da	じつ に かんどうてき だ
JojaGrandpaIntro_0	では、この書類にサインを…	dewa kono shorui ni sain o	デワ コノ ショルイ ニ サイン を
Joja_Debt_Notice	注意：^^	chūi	ちゅうい
Joja_Debt_Notice	季節の終わりに{0}gが口座から引き落とされます。^^	kisetsu no owari ni gōrudo ga kōza kara hikiotosaremasu	きせつ の おわり に ごうるど が こうざ から ひきおとされます
Joja_Debt_Notice	お支払いいただけない場合、残高はマイナスになります。^^	o-shiharai itadakenai baai zandaka wa mainasu ni narimasu	オシハライ イタダケナイ バアイ ザンダカ は マイナス ニ ナリマス
Joja_Debt_Notice	- Joja銀行	Joja ginkō	Joja ぎんこう
LearnedANewPower	新たな力を身につけた！	arata na chikara o mi ni tsuketa	あらた な ちから を み に つけた
MagicHairDye_Name	魔法の	mahō no	まほう の
MagicQuiver_Description	{0}秒おきに	byō oki ni	びょう おき に
MagicQuiver_Description	近くの敵にむかって魔法の矢を放つ。	chikaku no teki ni mukatte mahō no ya o hanatsu	ちかく の てき に むかって まほう の や を はなつ
MagicQuiver_Name	魔法の	mahō no	まほう の
MakeOver_Emily_1	じゃあ、まずはあなたのオーラを視覚化して、	jā mazu wa anata no ōra o shikakuka shite	ジャー マズ は アナタ ノ オーラ を シカクカ シテ
MakeOver_Emily_1	どんなスタイルがあなたを一番しあわせにするかを見てみるね…	donna sutairu ga anata o ichiban shiawase ni suru ka o mite miru ne	ドンナ スタイル ガ アナタ を イチバン シアワセ ニ スル カ を ミテ ミル ネ
MakeOver_Emily_5	感じるわ。	kanjiru wa	かんじる は
MakeOver_Emily_5	あなたの内面と外面の自我は、今完全に一致してる！$h#$b#	anata no naimen to gaimen no jiga wa ima kanzen ni itchi shiteru	あなた の ないめん と がいめん の じが は いま かんぜん に いっち してる
MakeOver_Emily_5	新しい「あなた」を見るのが楽しみだわ！$h	atarashii anata o miru no ga tanoshimi da wa	あたらしい あなた を みる の が たのしみ だ は
MakeOver_Emily_AlreadyStyled	また今度来てくれたら新しいコーディネートを考えるからね！	mata kondo kite kuretara atarashii kōdinēto o kangaeru kara ne	マタ コンド キテ クレタラ アタラシイ コーディネート を カンガエル カラ ネ
MakeOver_Emily_Done	ねえ？	nē	ねい
MakeOver_Emily_Done	あなたはどう思う？#$b#	anata wa dō omou	あなた は どう おもう
MakeOver_Emily_Done	古い服はバックパックに入れておいたよ！$h	furui fuku wa bakkupakku ni irete oita yo	フルイ フク は バックパック ニ イレテ オイタ ヨ
MakeOver_Emily_InventoryFull	着替えが全部入るようにしてからまた来てね！	kigae ga zenbu hairu yō ni shite kara mata kite ne	きがえ が ぜんぶ はいる よう に して から また きて ね
MakeOver_Emily_Reaction3	ヘアジェルが多すぎたわ…	hea jeru ga ōsugita wa	ヘア ジェル ガ オースギタ は
MakeOver_Emily_Reaction4	こうじゃないわ…	kō ja nai wa	こう じゃ ない は
MakeOver_Emily_Reaction7	ここをもうちょっと切り詰めて、と…	koko o mō chotto kiritsumete to	ここ を もう ちょっと きりつめて と
MakeOver_Emily_Reaction8	ここは指でちょっとにじませて…	koko wa yubi de chotto nijimasete	ここ は ゆび で ちょっと にじませて
MakeOver_Emily_Reaction9	気をつけて、	ki o tsukete	き を つけて
MakeOver_Emily_Reaction9	これはちょっとキツいかもしれないわ…	kore wa chotto kitsui kamoshirenai wa	コレ は チョット キツイ カモシレナイ は
MakeOver_NoStylist	担当者がいるときにお越しください。	tantōsha ga iru toki ni o-koshi kudasai	たんとうしゃ が いる とき に おこし ください
MakeOver_Sandy_3	入るわね！	hairu wa ne	はいる は ね
MakeOver_Sandy_6	楽しかったわ！$h#$b#	tanoshikatta wa	たのしかった は
MakeOver_Sandy_6	あなたも私と同じように新しいスタイルを気に入ってもらえたらうれしいわ！$h	anata mo watashi to onaji yō ni atarashii sutairu o ki ni itte moraetara ureshii wa	アナタ モ ワタシ ト オナジ ヨー ニ アタラシイ スタイル を キ ニ イッテ モラエタラ ウレシイ は
MakeOver_Sandy_AlreadyStyled	かなりいけてるわ！$h#$b#	kanari iketeru wa	かなり いけてる は
MakeOver_Sandy_AlreadyStyled	新しいアイディアを用意して待ってるから！	atarashii aidia o yōi shite matteru kara	アタラシイ アイディア を ヨーイ シテ マッテル カラ
MakeOver_Sandy_Done	今のあなたはキラキラしてるわ！#$b#	ima no anata wa kirakira shiteru wa	イマ ノ アナタ は キラキラ シテル は
MakeOver_Sandy_Done	古い服はバックパックに入れておいたわよ。$h	furui fuku wa bakkupakku ni irete oita wa yo	フルイ フク は バックパック ニ イレテ オイタ は ヨ
MakeOver_Sandy_InventoryFull	着替えが全部入るようにしてからまた来てちょうだい。	kigae ga zenbu hairu yō ni shite kara mata kite chōdai	きがえ が ぜんぶ はいる よう に して から また きて ちょうだい
Marlon_1	自分の勇気を試したいのか？#$b#	jibun no yūki o tameshitai no ka	じぶん の ゆうき を ためしたい の か
Marlon_2	冒険者の血がさわぐのか？#$b#	bōkensha no chi ga sawagu no ka	ぼうけんしゃ の ち が さわぐ の か
Marlon_3	武器の準備は万全にしておけ。#$b#	buki no junbi wa banzen ni shite oke	ぶき の じゅんび は ばんぜん に して おけ
Marlon_3	今日のチャレンジは生半可じゃないぞ。	kyō no charenji wa namahanka ja nai zo	キョー ノ チャレンジ は ナマハンカ ジャ ナイ ゾ
Marlon_4	自信にあふれた目をしているな。#$b#	jishin ni afureta me o shite iru na	じしん に あふれた め を して いる な
Marlon_4	どうだ、挑戦してみるか？	dō da chōsen shite miru ka	どう だ ちょうせん して みる か
Marlon_Challenge_Chosen	わかっているとは思うが。	wakatte iru to wa omou ga	わかって いる と は おもう が
Marlon_Challenge_Finished	上出来だ。#$b#	jōdeki da	じょうでき だ
Marlon_Challenge_Finished	チャレンジは明日もある。 	charenji wa asu mo aru	チャレンジ は アス モ アル
Marlon_Challenge_Finished_LastDay	おお、やったな！	ō yatta na	おう やった な
Marlon_Challenge_Finished_LastDay	今年はこれで終わりだが、	kotoshi wa kore de owari da ga	ことし は これ で おわり だ が
Marlon_Challenge_Finished_LastDay	おれとギルは次もここに来るつもりだ。	ore to Giru wa tsugi mo koko ni kuru tsumori da	オレ ト ギル は ツギ モ ココ ニ クル ツモリ ダ
Marlon_Intro	よう、	yō	よう
Marlon_Intro	ここは冒険者ギルドのチャレンジブースだ。#$b#	koko wa bōkensha girudo no charenji būsu da	ココ は ボーケンシャ ギルド ノ チャレンジ ブース ダ
Marlon_Intro	おれたちは毎日2つのチャレンジを出すことにした。 	oretachi wa mainichi futatsu no charenji o dasu koto ni shita	オレタチ は マイニチ フタツ ノ チャレンジ を ダス コト ニ シタ
Marlon_Intro	おまえはどちらか1つを選ぶことができる。	omae wa dochira ka hitotsu o erabu koto ga dekiru	おまえ は どちら か ひとつ を えらぶ こと が できる
Marlon_Intro	成功したら賞品としてカリコエッグをやろう。#$b#	seikō shitara shōhin to shite Kariko eggu o yarō	セイコー シタラ ショーヒン ト シテ カリコ エッグ を ヤロー
Marlon_Intro	一度選んだチャレンジは変更できない。 	ichido eranda charenji wa henkō dekinai	イチド エランダ チャレンジ は ヘンコー デキナイ
Marlon_Intro	慎重に選ぶんだ。	shinchō ni erabu n da	しんちょう に えらぶ ん だ
Marnie_Counter	動物カタログを使えば買い物ができるわ！」 	dōbutsu katarogu o tsukaeba kaimono ga dekiru wa	ドーブツ カタログ を ツカエバ カイモノ ガ デキル は
MasteryCompleteToast	おじいさんが肩をなでてくれるのを感じます…	ojīsan ga kata o nadete kureru no o kanjimasu	おじいさん が かた を なでて くれる の を かんじます
MasteryHint	新しい道がひらけたような気がする…	atarashii michi ga hiraketa yō na ki ga suru	あたらしい みち が ひらけた よう な き が する
MasteryRequirement	あなたはまだこれを使う知識を持っていません…	anata wa mada kore o tsukau chishiki o motte imasen	あなた は まだ これ を つかう ちしき を もって いません
Mastery_newlevel	あなたは新たな理解レベルに達しました…	anata wa arata na rikai reberu ni tasshimashita	アナタ は アラタ ナ リカイ レベル ニ タッシマシタ
Mayo_reaction1	これは…？	kore wa	これ は
Mayo_reaction2	どうして？！	dōshite	どうして
Mining_Mastery	宝石が入った石から2倍の宝石が手が入るようになりました。	hōseki ga haitta ishi kara nibai no hōseki ga te ga hairu yō ni narimashita	ほうせき が はいった いし から にばい の ほうせき が て が はいる よう に なりました
MonsterQuestTitle	報奨金：{0}	hōshōkin	ほうしょうきん
MysteryBoxAnnounce	ミステリーボックスを見つけられるようになりました…	misuterī bokkusu o mitsukerareru yō ni narimashita	ミステリー ボックス を ミツケラレル ヨー ニ ナリマシタ
Pam_busSign	あたしはおまつりに行くよ、若いの！	atashi wa o-matsuri ni iku yo wakai no	あたし は おまつり に いく よ わかい の
Pam_busSign_generic	今日はお休みだよ！	kyō wa o-yasumi da yo	きょう は おやすみ だ よ
Pam_busSign_resort	今日は休暇なんだ！	kyō wa kyūka nan da	きょう は きゅうか なん だ
ParrotEgg_Chance_1	中くらい	chūkurai	ちゅうくらい
ParrotEgg_Description	モンスターを倒すたびに	monsutā o taosu tabi ni	モンスター を タオス タビ ニ
ParrotEgg_Description	ゴールドコインを見つけてくれる、	gōrudo koin o mitsukete kureru	ゴールド コイン を ミツケテ クレル
ParrotEgg_Description	を召喚する。	o shōkan suru	を しょうかん する
PastaPrimavera_Description	新鮮な野菜を使った	shinsen na yasai o tsukatta	しんせん な やさい を つかった
PerfectMagicQuiver	魔法の	mahō no	まほう の
QiSummitCheat	いったい誰が頂上にたどり着いたのでしょう。#$b#	ittai dare ga chōjō ni tadoritsuita no deshō	いったい だれ が ちょうじょう に たどりついた の でしょう
QiSummitCheat	あなたは自分ことをとても賢いと思っているのでしょうね。#$b#	anata wa jibun koto o totemo kashikoi to omotte iru no deshō ne	あなた は じぶん こと を とても かしこい と おもって いる の でしょう ね
QiSummitCheat	「どうすれば自分の利益のためにシステムをだますことができるのか」、	dō sureba jibun no rieki no tame ni shisutemu o damasu koto ga dekiru no ka	ドー スレバ ジブン ノ リエキ ノ タメ ニ システム を ダマス コト ガ デキル ノ カ
QiSummitCheat	そう考えましたね？#$b#	sō kangaemashita ne	そう かんがえました ね
QiSummitCheat	ひきょう者だ。	hikyōmono da	ひきょうもの だ
QoS_Cookbook	{0}品の新しいレシピをおぼえた。	hin no atarashii reshipi o oboeta	ヒン ノ アタラシイ レシピ を オボエタ
RaccoonFinal	新しいご近所さんたちは元気そうだ！	atarashii go-kinjo-san-tachi wa genki sō da	あたらしい ごきんじょさんたち は げんき そう だ
Raccoon_busy	今は別のプレイヤーがアライグマと話をしています。	ima wa betsu no pureiyā ga araiguma to hanashi o shite imasu	イマ は ベツ ノ プレイヤー ガ アライグマ ト ハナシ を シテ イマス
Raccoon_interim	ぼくらはなかよしだね、	bokura wa nakayoshi da ne	ぼくら は なかよし だ ね
Raccoon_interim_1	さあ、	sā	さあ
Raccoon_interim_1	おくさんをみつけようかな…	okusan o mitsukeyō ka na	おくさん を みつけよう か な
Raccoon_interim_2	さあ、	sā	さあ
Raccoon_interim_2	かぞくをつくろう…	kazoku o tsukurō	かぞく を つくろう
Raccoon_interim_3	これでかぞくがおおくなる…	kore de kazoku ga ōku naru	これ で かぞく が おうく なる
Raccoon_interim_4	きみはやさしいおともだちだね、	kimi wa yasashii o-tomodachi da ne	きみ は やさしい おともだち だ ね
Raccoon_interim_4	これでかぞくがもっとおおくなる…	kore de kazoku ga motto ōku naru	これ で かぞく が もっと おうく なる
Raccoon_intro	いいものをあげるよ。	ii mono o ageru yo	いい もの を あげる よ
Raccoon_receive	ありがとう、	arigatō	ありがとう
Raccoon_receive	これをあげるよ…	kore o ageru yo	これ を あげる よ
Race_Close	また明日会おう！	mata ashita aō	また あした あおう
Race_Close_LastDay	また次回会おう！	mata jikai aō	また じかい あおう
Race_Collect_Prize	おめでとう！	omedetō	おめでとう
Race_Collect_Prize	これが賞品だ！	kore ga shōhin da	これ が しょうひん だ
Race_Collect_Prize_Special	どうやって？	dō yatte	どう やって
Race_Collect_Prize_Special	ええと… 	ēto	えいと
Race_Collect_Prize_Special	まあ、これが賞品だ…	mā kore ga shōhin da	まあ これ が しょうひん だ
Race_Comment_4	さあ、ついにこの瞬間が…	sā tsui ni kono shunkan ga	さあ つい に この しゅんかん が
Race_Ended	今日のレースは終わりだよ。	kyō no rēsu wa owari da yo	キョー ノ レース は オワリ ダ ヨ
Race_Guess_Made	さあ座って。	sā suwatte	さあ すわって
Race_Guess_Made	レースを楽しもう！	rēsu o tanoshimō	レース を タノシモー
Race_Late_Guess	レースはもう始まってしまったんだ。	rēsu wa mō hajimatte shimatta n da	レース は モー ハジマッテ シマッタ ン ダ
Race_Lose	次は当たるといいですね！	tsugi wa ataru to ii desu ne	つぎ は あたる と いい です ね
Race_Ongoing	今はレース中なんだ！	ima wa rēsuchū nan da	イマ は レースチュー ナン ダ
Race_Question	優勝者を当てて、	yūshōsha o atete	ゆうしょうしゃ を あてて
Race_Question	豪華賞品をゲットしよう！	gōka shōhin o getto shiyō	ゴーカ ショーヒン を ゲット シヨー
Race_Win	賞品を受け取りに来てください！	shōhin o uketori ni kite kudasai	しょうひん を うけとり に きて ください
Race_Winner	このレースの勝者は…	kono rēsu no shōsha wa	コノ レース ノ ショーシャ は
RapidMagicQuiver	魔法の	mahō no	まほう の
Renovation_AddAttic	屋根裏部屋を追加/	yaneura beya o tsuika	やねうら べや を ついか
Renovation_AddAttic	階段を作って最上部に部屋を作ります。/	kaidan o tsukutte saijōbu ni heya o tsukurimasu	かいだん を つくって さいじょうぶ に へや を つくります
Renovation_AddAttic	リノベーションする場所を選んでください。	rinobēshon suru basho o erande kudasai	リノベーション スル バショ を エランデ クダサイ
Renovation_AddCubby	小部屋を追加/	kobeya o tsuika	こべや を ついか
Renovation_AddCubby	玄関の横に小部屋を追加します。/	genkan no yoko ni kobeya o tsuika shimasu	げんかん の よこ に こべや を ついか します
Renovation_AddCubby	リノベーションする場所を選んでください。	rinobēshon suru basho o erande kudasai	リノベーション スル バショ を エランデ クダサイ
Renovation_AddDiningRoom	ダイニングルームを追加/	dainingu rūmu o tsuika	ダイニング ルーム を ツイカ
Renovation_AddDiningRoom	キッチンの左側に大きな部屋を追加します。/	kitchin no hidarigawa ni ōkina heya o tsuika shimasu	キッチン ノ ヒダリガワ ニ オーキナ ヘヤ を ツイカ シマス
Renovation_AddDiningRoom	リノベーションする場所を選んでください。	rinobēshon suru basho o erande kudasai	リノベーション スル バショ を エランデ クダサイ
Renovation_AddExtendedCornerRoom	角部屋を拡張/	kadobeya o kakuchō	かどべや を かくちょう
Renovation_AddExtendedCornerRoom	角部屋を拡張して広くします。/	kadobeya o kakuchō shite hiroku shimasu	かどべや を かくちょう して ひろく します
Renovation_AddExtendedCornerRoom	リノベーションする場所を選んでください。	rinobēshon suru basho o erande kudasai	リノベーション スル バショ を エランデ クダサイ
Renovation_CloseDiningRoom	ダイニングルームを区切る/	dainingu rūmu o kugiru	ダイニング ルーム を クギル
Renovation_CloseDiningRoom	ダイニングルームとキッチンの間の壁を修復します。/	dainingu rūmu to kitchin no aida no kabe o shūfuku shimasu	ダイニング ルーム ト キッチン ノ アイダ ノ カベ を シューフク シマス
Renovation_CloseDiningRoom	リノベーションする場所を選んでください。	rinobēshon suru basho o erande kudasai	リノベーション スル バショ を エランデ クダサイ
Renovation_OpenDiningRoom	ダイニングルームを開放/	dainingu rūmu o kaihō	ダイニング ルーム を カイホー
Renovation_OpenDiningRoom	ダイニングルームとキッチンを区切っている壁を取り除きます。/	dainingu rūmu to kitchin o kugitte iru kabe o torinozokimasu	ダイニング ルーム ト キッチン を クギッテ イル カベ を トリノゾキマス
Renovation_OpenDiningRoom	リノベーションする場所を選んでください。	rinobēshon suru basho o erande kudasai	リノベーション スル バショ を エランデ クダサイ
Renovation_RemoveAttic	屋根裏部屋を削除/	yaneura beya o sakujo	やねうら べや を さくじょ
Renovation_RemoveAttic	屋根裏部屋を削除します。/	yaneura beya o sakujo shimasu	やねうら べや を さくじょ します
Renovation_RemoveAttic	リノベーションする場所を選んでください。	rinobēshon suru basho o erande kudasai	リノベーション スル バショ を エランデ クダサイ
Renovation_RemoveCubby	小部屋を削除/	kobeya o sakujo	こべや を さくじょ
Renovation_RemoveCubby	玄関の横の小部屋を削除します。/	genkan no yoko no kobeya o sakujo shimasu	げんかん の よこ の こべや を さくじょ します
Renovation_RemoveCubby	リノベーションする場所を選んでください。	rinobēshon suru basho o erande kudasai	リノベーション スル バショ を エランデ クダサイ
Renovation_RemoveDiningRoom	ダイニングルームを削除/	dainingu rūmu o sakujo	ダイニング ルーム を サクジョ
Renovation_RemoveDiningRoom	キッチンの左側の大きな部屋を削除します。/	kitchin no hidarigawa no ōkina heya o sakujo shimasu	キッチン ノ ヒダリガワ ノ オーキナ ヘヤ を サクジョ シマス
Renovation_RemoveDiningRoom	リノベーションする場所を選んでください。	rinobēshon suru basho o erande kudasai	リノベーション スル バショ を エランデ クダサイ
Renovation_RemoveExtendedCornerRoom	角部屋を縮小/	kadobeya o shukushō	かどべや を しゅくしょう
Renovation_RemoveExtendedCornerRoom	角部屋を縮小してもとの広さに戻します。/	kadobeya o shukushō shite moto no hirosa ni modoshimasu	かどべや を しゅくしょう して もと の ひろさ に もどします
Renovation_RemoveExtendedCornerRoom	リノベーションする場所を選んでください。	rinobēshon suru basho o erande kudasai	リノベーション スル バショ を エランデ クダサイ
ResourceQuestTitle	収集：{0}	shūshū	しゅうしゅう
Scholar_Closed	きみと話すことはできない。	kimi to hanasu koto wa dekinai	きみ と はなす こと は できない
Scholar_DoneThisYear	友よ、タマゴをもらってくれ。	tomo yo tamago o moratte kure	トモ ヨ タマゴ を モラッテ クレ
Scholar_DoneThisYear	来年もまた挑戦しに来るよ。	rainen mo mata chōsen shi ni kuru yo	らいねん も また ちょうせん し に くる よ
Scholar_Intro	やあ、友よ！	yā tomo yo	やあ とも よ
Scholar_Intro	きみの知識をためしてみないか？	kimi no chishiki o tameshite minai ka	きみ の ちしき を ためして みない か
Scholar_Intro	私が出す問題に正しく答えられたら賞品をあげよう。	watashi ga dasu mondai ni tadashiku kotaeraretara shōhin o ageyō	わたし が だす もんだい に ただしく こたえられたら しょうひん を あげよう
Scholar_Intro	どうだい？	dō dai	どう だい
Scholar_Intro2	では最初の問題は…	dewa saisho no mondai wa	でわ さいしょ の もんだい は
Scholar_Question_0_0	を経営しているのは誰？	o keiei shite iru no wa dare	を けいえい して いる の は だれ
Scholar_Question_0_0_Options	動物店,	dōbutsuten	どうぶつてん
Scholar_Question_0_0_Options	商店	shōten	しょうてん
Scholar_Question_0_1	季節の最終日は？	kisetsu no saishūbi wa	きせつ の さいしゅうび は
Scholar_Question_0_1_Answers	28日,	nijūhachinichi	にじゅうはちにち
Scholar_Question_0_1_Answers	30日,	sanjūnichi	さんじゅうにち
Scholar_Question_0_1_Answers	31日,	sanjūichinichi	さんじゅういちにち
Scholar_Question_0_1_Answers	26日	nijūrokunichi	にじゅうろくにち
Scholar_Question_0_2	ここはどこ？	koko wa doko	ここ は どこ
Scholar_Question_1_0	が育つ季節はいつ？	ga sodatsu kisetsu wa itsu	が そだつ きせつ は いつ
Scholar_Question_1_1	の実がなるのはいつ？	no mi ga naru no wa itsu	の み が なる の は いつ
Scholar_Question_1_2	ピエール商店の休業日はいつ？	Piēru shōten no kyūgyōbi wa itsu	ピエール ショーテン ノ キューギョービ は イツ
Scholar_Question_1_2_Answers	水曜日,	suiyōbi	すいようび
Scholar_Question_1_2_Answers	木曜日,	mokuyōbi	もくようび
Scholar_Question_1_2_Answers	火曜日,	kayōbi	かようび
Scholar_Question_1_2_Answers	月曜日,	getsuyōbi	げつようび
Scholar_Question_1_2_Answers	土曜日,	doyōbi	どようび
Scholar_Question_1_2_Answers	日曜日,	nichiyōbi	にちようび
Scholar_Question_1_2_Answers	金曜日	kin'yōbi	きんようび
Scholar_Question_2_0	が釣れる季節はいつ？	ga tsureru kisetsu wa itsu	が つれる きせつ は いつ
Scholar_Question_2_2	の値段はいくら？	no nedan wa ikura	の ねだん は いくら
Scholar_Question_3_0	が釣れるかもしれない場所はどこ？	ga tsureru kamoshirenai basho wa doko	が つれる かもしれない ばしょ は どこ
Scholar_Question_3_0_Answers	鉱山の20階,	kōzan no nijikkai	こうざん の にじっかい
Scholar_Question_3_0_Answers	鉱山の60階,	kōzan no rokujikkai	こうざん の ろくじっかい
Scholar_Question_3_0_Answers	鉱山の100階,	kōzan no hyakkai	こうざん の ひゃっかい
Scholar_Question_3_0_Answers	下水道,	gesuidō	げすいどう
Scholar_Question_3_0_Answers	鉱山の120階	kōzan no hyakunijikkai	こうざん の ひゃくにじっかい
Scholar_Question_3_1	ジョージの苗字は？	Jōji no myōji wa	ジョージ ノ ミョージ は
Scholar_Question_3_2	ペリカンタウンにゴミ箱はいくつある？	Perikan Taun ni gomibako wa ikutsu aru	ペリカン タウン ニ ゴミバコ は イクツ アル
Scholar_Win	きみの知識には感心したよ。	kimi no chishiki ni wa kanshin shita yo	きみ の ちしき に は かんしん した よ
Scholar_Win	これが賞品だ。	kore ga shōhin da	これ が しょうひん だ
Shady_Guy	おまえが「有利」になるための小さな代償だ。	omae ga yūri ni naru tame no chiisana daishō da	おまえ が ゆうり に なる ため の ちいさな だいしょう だ
Shady_Guy_Closed	今はだめだ、小僧。	ima wa dame da kozō	いま は だめ だ こぞう
Shady_Guy_Closed	そしたら話をしてやろう。	soshitara hanashi o shite yarō	そしたら はなし を して やろう
Shady_Guy_Ended	おそすぎだ、小僧。	ososugi da kozō	おそすぎ だ こぞう
Shady_Guy_Intro	よう…	yō	よう
Shady_Guy_Intro	そこの小僧。	soko no kozō	そこ の こぞう
Shady_Guy_Intro	レースを見ていたのか？	rēsu o mite ita no ka	レース を ミテ イタ ノ カ
Shady_Guy_Intro_3	おまえがレーサーを選んだら、	omae ga rēsā o erandara	オマエ ガ レーサー を エランダラ
Shady_Guy_Intro_3	そいつの次のレースは散々なものになる… 	soitsu no tsugi no rēsu wa sanzan na mono ni naru	ソイツ ノ ツギ ノ レース は サンザン ナ モノ ニ ナル
Shady_Guy_Late	もうレースは始まってしまった。	mō rēsu wa hajimatte shimatta	モー レース は ハジマッテ シマッタ
Shady_Guy_NoEgg	カリコエッグを持ってないようだな、小僧。	Kariko eggu o mottenai yō da na kozō	カリコ エッグ を モッテナイ ヨー ダ ナ コゾー
Shady_Guy_NoEgg	おまえと話してるヒマはない。	omae to hanashiteru hima wa nai	オマエ ト ハナシテル ヒマ は ナイ
Shady_Guy_Ongoing	レースを見てろ、小僧！	rēsu o mitero kozō	レース を ミテロ コゾー
Shady_Guy_Question	さて、不運なレーサーは誰かな？	sate fuun na rēsā wa dare ka na	サテ フウン ナ レーサー は ダレ カ ナ
Shady_Guy_Selected_1	わかったよ、小僧。	wakatta yo kozō	わかった よ こぞう
Shady_Guy_Selected_2	じゃあ失礼するよ。 	jā shitsurei suru yo	じゃあ しつれい する よ
Shady_Guy_Selected_3	じゃあな、小僧。 	jā na kozō	じゃあ な こぞう
Shop_Abigail	何かほしいものはある？	nanika hoshii mono wa aru	なにか ほしい もの は ある
Shop_Alex	よう、	yō	よう
Shop_Alex	タマゴは持ってるか？	tamago wa motteru ka	タマゴ は モッテル カ
Shop_Clint	鉱石がほしいのか？	kōseki ga hoshii no ka	こうせき が ほしい の か
Shop_Demetrius	交換できるタマゴを持ってるかい？	kōkan dekiru tamago o motteru kai	コーカン デキル タマゴ を モッテル カイ
Shop_Demetrius	タマゴのカラの組成を研究しているんだ。	tamago no kara no sosei o kenkyū shite iru n da	タマゴ ノ カラ ノ ソセイ を ケンキュー シテ イル ン ダ
Shop_Eggs	こ…こうかん…	kōkan	こうかん
Shop_Elliott	交換しないか？	kōkan shinai ka	こうかん しない か
Shop_Emily	ああ、日陰は気持ちいいね。	ā hikage wa kimochi ii ne	ああ ひかげ は きもち いい ね
Shop_Evelyn	私は一日ここにいますから。	watashi wa ichinichi koko ni imasu kara	わたし は いちにち ここ に います から
Shop_George	売れそうなものはぜんぶ持ってきたぞ。	uresō na mono wa zenbu motte kita zo	うれそう な もの は ぜんぶ もって きた ぞ
Shop_Gus	おいしいものを食べたくないか？	oishii mono o tabetakunai ka	おいしい もの を たべたくない か
Shop_Haley	私のをぜんぶ買っていって！	watashi no o zenbu katte itte	わたし の を ぜんぶ かって いって
Shop_Harvey	ええと… 	ēto	えいと
Shop_Harvey	これは僕が作った模型飛行機なんだ… 	kore wa boku ga tsukutta mokei hikōki nan da	これ は ぼく が つくった もけい ひこうき なん だ
Shop_Harvey	どうかな？	dō ka na	どう か な
Shop_Jodi	今年はあまりいいものがないの…	kotoshi wa amari ii mono ga nai no	ことし は あまり いい もの が ない の
Shop_Leah	小さな本棚を作ってみたの…	chiisana hondana o tsukutte mita no	ちいさな ほんだな を つくって みた の
Shop_Leo	タマゴをくれない？	tamago o kurenai	タマゴ を クレナイ
Shop_Maru	何か気に入ったものはある？	nanika ki ni itta mono wa aru	なにか き に いった もの は ある
Shop_Pam	冷蔵庫の奥で見つけた年代物の飲み物さ。	reizōko no oku de mitsuketa nendaimono no nomimono sa	れいぞうこ の おく で みつけた ねんだいもの の のみもの さ
Shop_Penny	気に入ってもらえるものがあったらうれしいわ。	ki ni itte moraeru mono ga attara ureshii wa	き に いって もらえる もの が あったら うれしい は
Shop_Pierre	実は…	jitsu wa	じつ は
Shop_Pierre	タマゴをお金で売っているんです！	tamago o o-kane de utte iru n desu	タマゴ を オカネ デ ウッテ イル ン デス
Shop_Pierre	ルイスさんには内緒ですよ。	Ruisu-san ni wa naisho desu yo	ルイスサン ニ は ナイショ デス ヨ
Shop_Robin	特製の壁紙を作ってきたんだ。	tokusei no kabegami o tsukutte kita n da	とくせい の かべがみ を つくって きた ん だ
Shop_Sam	飾りぐらいにはなると思うぜ。	kazari gurai ni wa naru to omou ze	かざり ぐらい に は なる と おもう ぜ
Shop_Shane	冷蔵庫にあった食べ物さ。	reizōko ni atta tabemono sa	れいぞうこ に あった たべもの さ
Shop_Shane	消費期限は見ないでくれ。	shōhi kigen wa minaide kure	しょうひ きげん は みないで くれ
SkillBookMessage	について少し勉強した。	ni tsuite sukoshi benkyō shita	に ついて すこし べんきょう した
SkillName_0	農業	nōgyō	のうぎょう
SkillName_3	採鉱	saikō	さいこう
SkillName_4	戦闘	sentō	せんとう
SkullCaveKickWarning	続行しますか？	zokkō shimasu ka	ぞっこう します か
SlimeGathererEnchantment	収集家	shūshūka	しゅうしゅうか
SlimeSlayerEnchantment	討伐者	tōbatsusha	とうばつしゃ
SpiritsEveCart	秘密の近道を通って帰りますか？	himitsu no chikamichi o tōtte kaerimasu ka	ひみつ の ちかみち を とうって かえります か
SquidFestBooth_Explanation	イカ釣り大会を開催中です！	ika tsuri taikai o kaisaichū desu	イカ ツリ タイカイ を カイサイチュー デス
SquidFestBooth_Explanation	その日の目標をクリアして賞品をゲットしましょう。	sono hi no mokuhyō o kuria shite shōhin o getto shimashō	ソノ ヒ ノ モクヒョー を クリア シテ ショーヒン を ゲット シマショー
SquidFestBooth_Explanation	期間中は一日中イカが釣れるように特別なエサをまいてあります！	kikanchū wa ichinichijū ika ga tsureru yō ni tokubetsu na esa o maite arimasu	キカンチュー は イチニチジュー イカ ガ ツレル ヨー ニ トクベツ ナ エサ を マイテ アリマス
SquidFestBooth_Intro	にようこそ！	ni yōkoso	に ようこそ
SquidFestBooth_Intro	なにかご用ですか？	nanika go-yō desu ka	なにか ごよう です か
SquidFestBooth_NoRewards	まだ目標に届いていません。	mada mokuhyō ni todoite imasen	まだ もくひょう に とどいて いません
SquidFestBooth_NoRewards	がんばってイカを釣りましょう！	ganbatte ika o tsurimashō	ガンバッテ イカ を ツリマショー
SquidFestSign	-----^^12日の金曜日と13日の土曜日。^^	jūninichi no kin'yōbi to jūsannichi no doyōbi	じゅうににち の きんようび と じゅうさんにち の どようび
SquidFestSign	その日の目標をクリアして賞品をゲットしよう。^^	sono hi no mokuhyō o kuria shite shōhin o getto shiyō	ソノ ヒ ノ モクヒョー を クリア シテ ショーヒン を ゲット シヨー
SquidFestSign	（注意：この看板の近くにあったものは落とし物ボックスに入れておきました）	chūi kono kanban no chikaku ni atta mono wa otoshimono bokkusu ni irete okimashita	チューイ コノ カンバン ノ チカク ニ アッタ モノ は オトシモノ ボックス ニ イレテ オキマシタ
SquidFest_AlreadyGotAvailableRewards	今は賞品をお渡しできません。	ima wa shōhin o o-watashi dekimasen	いま は しょうひん を おわたし できません
SquidFest_AlreadyGotAvailableRewards	もっとイカを釣りましょう！	motto ika o tsurimashō	モット イカ を ツリマショー
SquidFest_GotAllRewardsToday	おめでとうございます！	omedetō gozaimasu	おめでとう ございます
SquidFest_GotAllRewardsToday	イリジウムレベルの目標をクリアして今日の賞品をすべて獲得しました！	irijiumu reberu no mokuhyō o kuria shite kyō no shōhin o subete kakutoku shimashita	イリジウム レベル ノ モクヒョー を クリア シテ キョー ノ ショーヒン を スベテ カクトク シマシタ
SquidFest_Pam	あたしはイカを釣るのはうまくないけど、	atashi wa ika o tsuru no wa umakunai kedo	アタシ は イカ を ツル ノ は ウマクナイ ケド
SquidFest_Pam	まあいいさ。	mā ii sa	まあ いい さ
SquidFest_Pam	ここから応援してるよ、若いの。	koko kara ōen shiteru yo wakai no	ここ から おうえん してる よ わかい の
SquidFest_Willy	イカの姿を見なくても釣り針にかかったのが分かるようになるのさ。	ika no sugata o minakute mo tsuribari ni kakatta no ga wakaru yō ni naru no sa	イカ ノ スガタ を ミナクテ モ ツリバリ ニ カカッタ ノ ガ ワカル ヨー ニ ナル ノ サ
Tent_Blocked	広げるにはもうすこしスペースが必要です。	hirogeru ni wa mō sukoshi supēsu ga hitsuyō desu	ヒロゲル ニ は モー スコシ スペース ガ ヒツヨー デス
TownTreeWarning	町の木を切ってはいけません。	machi no ki o kitte wa ikemasen	まち の き を きって は いけません
TrashCatalogueDescription	使用後はよく手を洗うこと。	shiyōgo wa yoku te o arau koto	しようご は よく て を あらう こと
TravelingMerchant_DF	ああ… 	ā	ああ
TravelingMerchant_DF	カリコ砂漠の暖かな空気は最高ね。	Kariko sabaku no atataka na kūki wa saikō ne	カリコ サバク ノ アタタカ ナ クーキ は サイコー ネ
TravelingMerchant_DF	ブタさんも気に入ってるわ。	buta-san mo ki ni itteru wa	ブタサン モ キ ニ イッテル は
TravelingMerchant_DF_Closed	正午まで閉店	shōgo made heiten	しょうご まで へいてん
Trinket	装身具	sōshingu	そうしんぐ
Trinkets	装身具：	sōshingu	そうしんぐ
Trinkets_Description	装身具用の新しい装備スロットをアンロックする。	sōshingu yō no atarashii sōbi surotto o anrokku suru	ソーシング ヨー ノ アタラシイ ソービ スロット を アンロック スル
Trinkets_Description	装身具は冒険中に見つけることができ、	sōshingu wa bōkenchū ni mitsukeru koto ga deki	そうしんぐ は ぼうけんちゅう に みつける こと が でき
Trinkets_Description	特別な力を与えてくれる。	tokubetsu na chikara o ataete kureru	とくべつ な ちから を あたえて くれる
Waiver_Note	こちらが「完全放棄」です！	kochira ga kanzen hōki desu	こちら が かんぜん ほうき です
Waiver_Note	（合計：{0}。）	gōkei	ごうけい
Waiver_Note_Multiplayer	は「完全放棄」を購入した…	wa kanzen hōki o kōnyū shita	は かんぜん ほうき を こうにゅう した
Willy_Challenge	挑戦	chōsen	ちょうせん
Willy_Challenge_Description_1	スナゴチを3匹釣り上げよう。	sunagochi o sanbiki tsuriageyō	スナゴチ を サンビキ ツリアゲヨー
Willy_Challenge_Description_2	サソリゴイを釣り上げよう。	sasorigoi o tsuriageyō	サソリゴイ を ツリアゲヨー
Willy_Challenge_Description_3	「金色のウキ」を見つけよう。	kin'iro no uki o mitsukeyō	キンイロ ノ ウキ を ミツケヨー
Willy_Challenge_Return_1	釣れたようだな。	tsureta yō da na	つれた よう だ な
Willy_Challenge_Return_1	なかなかの相手だろう？#$b#	nakanaka no aite darō	なかなか の あいて だろう
Willy_Challenge_Return_2	おお、やったな。	ō yatta na	おう やった な
Willy_Challenge_Return_2	手ごわい相手だろう？#$b#	tegowai aite darō	てごわい あいて だろう
Willy_Challenge_Return_3	おお、そいつはおれが使ってた金色のウキじゃないか！#$b#	ō soitsu wa ore ga tsukatteta kin'iro no uki ja nai ka	オー ソイツ は オレ ガ ツカッテタ キンイロ ノ ウキ ジャ ナイ カ
Willy_DesertFishing1	スナゴチを3匹釣り上げる。
      	sunagochi o sanbiki tsuriageru	スナゴチ を サンビキ ツリアゲル
Willy_DesertFishing2	サソリゴイを釣り上げよう。	sasorigoi o tsuriageyō	サソリゴイ を ツリアゲヨー
Willy_DesertFishing3	取り戻してくれたやつにはタマゴを30個やろう。	torimodoshite kureta yatsu ni wa tamago o sanjikko yarō	トリモドシテ クレタ ヤツ ニ は タマゴ を サンジッコ ヤロー
Willy_GoldenBobber	金色のウキを見つけてウィリーに返そう。	kin'iro no uki o mitsukete Wirī ni kaesō	キンイロ ノ ウキ を ミツケテ ウィリー ニ カエソー
WizardCatalogueLetter	前の妻が家具をすべて持ち去った。^^	mae no tsuma ga kagu o subete mochisatta	まえ の つま が かぐ を すべて もちさった
WizardCatalogueLetter	さいわいにも、吾輩にはあらゆるものを霊的に複製して、	saiwai ni mo wagahai ni wa arayuru mono o reiteki ni fukusei shite	さいわい に も わがはい に は あらゆる もの を れいてき に ふくせい して
WizardCatalogueLetter	この本に書き写すだけの良識があった。	kono hon ni kakiutsusu dake no ryōshiki ga atta	この ほん に かきうつす だけ の りょうしき が あった
alreadyreadbook	この本を読み返すことで、	kono hon o yomikaesu koto de	この ほん を よみかえす こと で
alreadyreadbook	すこしだけ経験を積むことができる。	sukoshi dake keiken o tsumu koto ga dekiru	すこし だけ けいけん を つむ こと が できる
alreadyreadbook_random	この本を読み返すことで、	kono hon o yomikaesu koto de	この ほん を よみかえす こと で
alreadyreadbook_random	すこしだけすべてのスキルの経験を積むことができる。	sukoshi dake subete no sukiru no keiken o tsumu koto ga dekiru	スコシ ダケ スベテ ノ スキル ノ ケイケン を ツム コト ガ デキル
bigtree	大きな木ですが…　	ōkina ki desu ga	おうきな き です が
books_buy_welcome	は…いつでもご用件をうかがいます！	wa itsu demo go-yōken o ukagaimasu	は いつ でも ごようけん を うかがいます
books_trade_welcome	お手持ちの本を、	o-temochi no hon o	おてもち の ほん を
books_trade_welcome	別のすてきな本と交換しましょう。	betsu no suteki na hon to kōkan shimashō	べつ の すてき な ほん と こうかん しましょう
books_welcome	にようこそ！	ni yōkoso	に ようこそ
buy_books	本を買う	hon o kau	ほん を かう
forester_profession_possible	の生産量が{0}％の確率で2倍になる。	no seisanryō ga pāsento no kakuritsu de nibai ni naru	の せいさんりょう が ぱあせんと の かくりつ で にばい に なる
guild_door	1000体のモンスターを倒すと	sen tai no monsutā o taosu to	セン タイ ノ モンスター を タオス ト
lumberjack_profession_possible	野生の木の切り株を取り除いた時に	yasei no ki no kirikabu o torinozoita toki ni	やせい の き の きりかぶ を とりのぞいた とき に
tapper_profession_possible	収穫のたびに	shūkaku no tabi ni	しゅうかく の たび に
tapper_profession_possible	樹液採取器の生産量+1	jueki saishuki no seisanryō purasu ichi	じゅえき さいしゅき の せいさんりょう ぷらす いち
AncientStool_Description	おばあちゃんの家	obāchan no ie	おばあちゃん の いえ
AncientTable_Description	におおわれている。	ni ōwarete iru	に おうわれて いる
Anvil_Description	装身具	sōshingu	そうしんぐ
Anvil_Description	を作り直すことができる。	o tsukurinaosu koto ga dekiru	を つくりなおす こと が できる
Anvil_Description	一回の使用に	ikkai no shiyō ni	いっかい の しよう に
Anvil_Description	が3個必要。	ga sanko hitsuyō	が さんこ ひつよう
AutoGrabber_Description	動物から	dōbutsu kara	どうぶつ から
AutoGrabber_Description	自動で収穫できる。	jidō de shūkaku dekiru	じどう で しゅうかく できる
AutoGrabber_Description	小屋または家畜小屋	koya mata wa kachiku goya	こや また は かちく ごや
AutoGrabber_Description	の中に置く必要がある。	no naka ni oku hitsuyō ga aru	の なか に おく ひつよう が ある
AutoGrabber_Name	自動	jidō	じどう
AutoGrabber_Name	収穫機	shūkakuki	しゅうかくき
AutoPetter_Description	Joja Co.が特許を取得した	ga tokkyo o shutoku shita	が とっきょ を しゅとく した
AutoPetter_Description	動物たちとの友好度を保つことができるが、	dōbutsu-tachi to no yūkōdo o tamotsu koto ga dekiru ga	どうぶつたち と の ゆうこうど を たもつ こと が できる が
AutoPetter_Description	人の手で撫でるほどの効果はない。	hito no te de naderu hodo no kōka wa nai	ひと の て で なでる ほど の こうか は ない
AutoPetter_Description	実際に動物と触れ合うことで不足を補うことができる。	jissai ni dōbutsu to fureau koto de fusoku o oginau koto ga dekiru	じっさい に どうぶつ と ふれあう こと で ふそく を おぎなう こと が できる
AutoPetter_Name	自動	jidō	じどう
BaitMaker_Description	中に魚を入れて	naka ni sakana o irete	なか に さかな を いれて
BaitMaker_Description	専用のエサを作る。	sen'yō no esa o tsukuru	センヨー ノ エサ を ツクル
BaitMaker_Name	製造器	seizōki	せいぞうき
BarrelBrazier_Description	周囲をほどほどに照らしてくれる。	shūi o hodohodo ni terashite kureru	しゅうい を ほどほど に てらして くれる
BasicLog_Description	農場用の	nōjō yō no	のうじょう よう の
BeeHouse_Description	（冬をのぞく）	fuyu o nozoku	ふゆ を のぞく
BigChest_Description	ふつうの箱	futsū no hako	ふつう の はこ
BigChest_Name	大きな	ōkina	おうきな
BigGreenCane_Description	農場用の	nōjō yō no	のうじょう よう の
BigRedCane_Description	農場用の	nōjō yō no	のうじょう よう の
BigStoneChest_Name	大きな	ōkina	おうきな
BoneMill_Description	から肥料を作る。	kara hiryō o tsukuru	から ひりょう を つくる
Bookcase_Description	本を取り入れたい人に。	hon o toriiretai hito ni	ほん を とりいれたい ひと に
Campfire_2_Description	外出先で料理しよう！	gaishutsusaki de ryōri shiyō	がいしゅつさき で りょうり しよう
Campfire_Description	周囲をほどほどに照らしてくれる。	shūi o hodohodo ni terashite kureru	しゅうい を ほどほど に てらして くれる
CarvedBrazier_Description	周囲をほどほどに照らしてくれる。	shūi o hodohodo ni terashite kureru	しゅうい を ほどほど に てらして くれる
Cask_Description	のようなアイテムを熟成させる。	no yō na aitemu o jukusei saseru	ノ ヨー ナ アイテム を ジュクセイ サセル
CharcoalKiln_Description	から石炭を1つつくれる。	kara sekitan o hitotsu tsukureru	から せきたん を ひとつ つくれる
CheesePress_Description	からチーズをつくる。	kara chīzu o tsukuru	カラ チーズ を ツクル
Chest_Description	中にアイテムを入れておける。	naka ni aitemu o irete okeru	ナカ ニ アイテム を イレテ オケル
ChickenStatue_Name	像	zō	ぞう
CoffeeMaker_Description	作りたての一杯を	tsukuritate no ippai o	つくりたて の いっぱい を
CoffeeMaker_Description	自動で作ってくれる。	jidō de tsukutte kureru	じどう で つくって くれる
Crystalarium_Description	なかに宝石を入れると	naka ni hōseki o ireru to	なか に ほうせき を いれる と
Crystalarium_Description	コピーをつくってくれる。	kopī o tsukutte kureru	コピー を ツクッテ クレル
Crystalarium_Name	結晶	kesshō	けっしょう
CursedPKArcadeSystem_Description	は、何かがおかしい…	wa nanika ga okashii	は なにか が おかしい
DarkSign_Description	これにアイテムを使用すると、	kore ni aitemu o shiyō suru to	コレ ニ アイテム を シヨー スル ト
DarkSign_Description	いろいろ表示を変えられる。	iroiro hyōji o kaerareru	いろいろ ひょうじ を かえられる
DarkSign_Description	アイテムは消費されない。	aitemu wa shōhi sarenai	アイテム は ショーヒ サレナイ
Deconstructor_Description	を壊して、	o kowashite	を こわして
Deconstructor_Description	もっとも価値が高い素材を回収する。	mottomo kachi ga takai sozai o kaishū suru	もっとも かち が たかい そざい を かいしゅう する
DecorativePitcher_Description	真ちゅうから	shinchū kara	しんちゅう から
DecorativeSpears_Description	あまり安全とは言えない	amari anzen to wa ienai	あまり あんぜん と は いえない
DecorativeSpears_Name	装飾用	sōshoku yō	そうしょく よう
Dehydrator_Description	中にくだものやキノコを5個入れて	naka ni kudamono ya kinoko o goko irete	ナカ ニ クダモノ ヤ キノコ を ゴコ イレテ
Dehydrator_Description	乾燥させる。	kansō saseru	かんそう させる
Dehydrator_Name	乾燥器	kansōki	かんそうき
DeluxeScarecrow_Description	農作物	nōsakubutsu	のうさくぶつ
DeluxeScarecrow_Description	を鳥から守ってくれる。	o tori kara mamotte kureru	を とり から まもって くれる
DeluxeScarecrow_Description	広範囲	kōhan'i	こうはんい
DeluxeWormBin_Description	エサはやらなくてOK。	esa wa yaranakute ōkē	エサ は ヤラナクテ オーケー
Door_Description	床に引っこむようになっている。	yuka ni hikkomu yō ni natte iru	ゆか に ひっこむ よう に なって いる
FancyTable_Name	高級な	kōkyū na	こうきゅう な
FarmComputer_Description	農場をスキャンし、	nōjō o sukyan shi	ノージョー を スキャン シ
FarmComputer_Description	役立つ情報を表示する。	yakudatsu jōhō o hyōji suru	やくだつ じょうほう を ひょうじ する
FarmComputer_Name	農場	nōjō	のうじょう
FeedHopper_Description	をラクにとり出せる。	o raku ni toridaseru	を ラク ニ トリダセル
FishSmoker_Description	魚と石炭を入れて	sakana to sekitan o irete	さかな と せきたん を いれて
FishSmoker_Description	魚のくんせいを作る。	sakana no kunsei o tsukuru	さかな の くんせい を つくる
Furnace_Description	鉱石と石炭を入れると	kōseki to sekitan o ireru to	こうせき と せきたん を いれる と
Furnace_Description	のべ棒ができる。	nobebō ga dekiru	のべぼう が できる
Furnace_Name	溶鉱炉	yōkōro	ようこうろ
GardenPot_Description	屋外では、	okugai de wa	おくがい で は
GeodeCrusher_Description	自動で	jidō de	じどう で
GeodeCrusher_Description	ジオードを割る。	jiōdo o waru	ジオード を ワル
GoldBrazier_Description	周囲をほどほどに照らしてくれる。	shūi o hodohodo ni terashite kureru	しゅうい を ほどほど に てらして くれる
GrandfatherClock_Description	ふり子はサビついて止まってしまったようだ。	furiko wa sabitsuite tomatte shimatta yō da	フリコ は サビツイテ トマッテ シマッタ ヨー ダ
GrandfatherClock_Name	大きな	ōkina	おうきな
GraveStone_Description	農場用の	nōjō yō no	のうじょう よう の
GreenCanes_Description	農場用の	nōjō yō no	のうじょう よう の
GreenCanes_Name	（小）	shō	しょう
Heater_Description	小屋をあたため、	koya o atatame	こや を あたため
Heater_Description	冬でも動物たちの暮らしを快適に保ってくれる。	fuyu demo dōbutsu-tachi no kurashi o kaiteki ni tamotte kureru	ふゆ でも どうぶつたち の くらし を かいてき に たもって くれる
HeavyFurnace_Description	一度に5個ののべ棒が作れる。	ichido ni goko no nobebō ga tsukureru	いちど に ごこ の のべぼう が つくれる
HeavyFurnace_Description	一回の使用に	ikkai no shiyō ni	いっかい の しよう に
HeavyFurnace_Description	鉱石25個と石炭3個が必要。	kōseki nijūgoko to sekitan sanko ga hitsuyō	こうせき にじゅうごこ と せきたん さんこ が ひつよう
HeavyFurnace_Name	強力	kyōryoku	きょうりょく
HeavyFurnace_Name	溶鉱炉	yōkōro	ようこうろ
HeavyTapper_Description	木がたくわえた樹液を採取できる。	ki ga takuwaeta jueki o saishu dekiru	き が たくわえた じゅえき を さいしゅ できる
HeavyTapper_Description	ふつうの樹液採取器	futsū no jueki saishuki	ふつう の じゅえき さいしゅき
HeavyTapper_Description	の2倍の効率がある。	no nibai no kōritsu ga aru	の にばい の こうりつ が ある
HeavyTapper_Name	大型	ōgata	おうがた
Hopper_Description	を、前にある装置に自動的に投入する。	o mae ni aru sōchi ni jidōteki ni tōnyū suru	を まえ に ある そうち に じどうてき に とうにゅう する
HousePlant_Description	暮らしにはなやかさをそえてくれる	kurashi ni hanayakasa o soete kureru	くらし に はなやかさ を そえて くれる
HousePlant_Name	観葉植物	kan'yō shokubutsu	かんよう しょくぶつ
Incubator_Description	をかえすことができる。	o kaesu koto ga dekiru	を かえす こと が できる
IronLamppost_Description	周囲を明るく照らしてくれる。	shūi o akaruku terashite kureru	しゅうい を あかるく てらして くれる
IronLamppost_Name	街灯	gaitō	がいとう
ItemPedestal_Description	アイテムを展示するための	aitemu o tenji suru tame no	アイテム を テンジ スル タメ ノ
JunimoChest_Description	森の魔法の力	mori no mahō no chikara	もり の まほう の ちから
JunimoChest_Description	が、ジュニモの箱をすべて同じ隠し場所につなげている。	ga Junimo no hako o subete onaji kakushibasho ni tsunagete iru	ガ ジュニモ ノ ハコ を スベテ オナジ カクシバショ ニ ツナゲテ イル
JunimoKartArcadeSystem_Description	を家であそぼう！	o ie de asobō	を いえ で あそぼう
Keg_Description	なかに野菜やくだものを入れて待つと、	naka ni yasai ya kudamono o irete matsu to	なか に やさい や くだもの を いれて まつ と
LawnFlamingo_Description	農場用の	nōjō yō no	のうじょう よう の
LightningRod_Description	をあつめ、	o atsume	を あつめ
LockedDoor_Description	床に引っこむようになっている。	yuka ni hikkomu yō ni natte iru	ゆか に ひっこむ よう に なって いる
LogSection_Description	農場用の	nōjō yō no	のうじょう よう の
Loom_Description	から布をつくる。	kara nuno o tsukuru	から ぬの を つくる
MarbleBrazier_Description	周囲をほどほどに照らしてくれる。	shūi o hodohodo ni terashite kureru	しゅうい を ほどほど に てらして くれる
MayonnaiseMachine_Description	マヨネーズをつくれる。	mayonēzu o tsukureru	マヨネーズ を ツクレル
MiniForge_Name	鍛造機	tanzōki	たんぞうき
MiniFridge_Description	料理の追加材料	ryōri no tsuika zairyō	りょうり の ついか ざいりょう
MiniFridge_Description	を保管できる。	o hokan dekiru	を ほかん できる
MiniFridge_Name	冷蔵庫	reizōko	れいぞうこ
MiniJukebox_Description	をプレイできる。	o purei dekiru	を プレイ デキル
MiniObelisk_Description	農場に2箇所設置して、	nōjō ni nikasho setchi shite	のうじょう に にかしょ せっち して
MiniObelisk_Description	その間をワープする。	sono aida o wāpu suru	ソノ アイダ を ワープ スル
MixedCane_Description	農場用の	nōjō yō no	のうじょう よう の
MushroomBox_Description	数日おきに	sūjitsu oki ni	すうじつ おき に
MushroomLog_Description	効率がよくなる。	kōritsu ga yoku naru	こうりつ が よく なる
Obelisk_Description	禍々しい様子をした門。	magamagashii yōsu o shita mon	まがまがしい ようす を した もん
Obelisk_Description	邪悪なエネルギーをはなっている。	jaaku na enerugī o hanatte iru	ジャアク ナ エネルギー を ハナッテ イル
ObsidianVase_Description	黒曜石と金からつくられた、	kokuyōseki to kin kara tsukurareta	こくようせき と きん から つくられた
ObsidianVase_Description	装飾用のうつくしい花びん。	sōshoku yō no utsukushii kabin	そうしょく よう の うつくしい かびん
ObsidianVase_Name	黒曜石の	kokuyōseki no	こくようせき の
OilMaker_Description	をつくる。	o tsukuru	を つくる
OrnamentalHayBale_Description	農場用の	nōjō yō no	のうじょう よう の
OstrichIncubator_Description	をダチョウのヒナにふ化させる。	o dachō no hina ni fuka saseru	を ダチョー ノ ヒナ ニ フカ サセル
PlushBunny_Description	おおきくてふかふかな、	ōkikute fukafuka na	おうきくて ふかふか な
PrairieKingArcadeSystem_Description	を自宅であそべる！	o jitaku de asoberu	を じたく で あそべる
PreservesJar_Description	をピクルスに、	o pikurusu ni	を ピクルス ニ
PreservesJar_Description	をジャムに変える	o jamu ni kaeru	を ジャム ニ カエル
RareCrow_1_Description	全種類あつめよう！	zenshurui atsumeyō	ぜんしゅるい あつめよう
RareCrow_1_Description	（全8個中の1個目）	zen hakko chū no 1個目	ぜん はっこ ちゅう の 1個目
RareCrow_2_Description	全種類あつめよう！	zenshurui atsumeyō	ぜんしゅるい あつめよう
RareCrow_2_Description	（全8個中の2個目）	zen hakko chū no 2個目	ぜん はっこ ちゅう の 2個目
RareCrow_3_Description	全種類あつめよう！	zenshurui atsumeyō	ぜんしゅるい あつめよう
RareCrow_3_Description	（全8個中の3個目）	zen hakko chū no 3個目	ぜん はっこ ちゅう の 3個目
RareCrow_4_Description	全種類あつめよう！	zenshurui atsumeyō	ぜんしゅるい あつめよう
RareCrow_4_Description	（全8個中の4個目）	zen hakko chū no 4個目	ぜん はっこ ちゅう の 4個目
RareCrow_5_Description	全種類あつめよう！	zenshurui atsumeyō	ぜんしゅるい あつめよう
RareCrow_5_Description	（全8個中の5個目）	zen hakko chū no 5個目	ぜん はっこ ちゅう の 5個目
RareCrow_6_Description	全種類あつめよう！	zenshurui atsumeyō	ぜんしゅるい あつめよう
RareCrow_6_Description	（全8個中の6個目）	zen hakko chū no 6個目	ぜん はっこ ちゅう の 6個目
RareCrow_7_Description	全種類あつめよう！	zenshurui atsumeyō	ぜんしゅるい あつめよう
RareCrow_7_Description	（全8個中の7個目）	zen hakko chū no 7個目	ぜん はっこ ちゅう の 7個目
RareCrow_8_Description	全種類あつめよう！	zenshurui atsumeyō	ぜんしゅるい あつめよう
RareCrow_8_Description	（全8個中の8個目）	zen hakko chū no 8個目	ぜん はっこ ちゅう の 8個目
RecyclingMachine_Description	を素材に変える。	o sozai ni kaeru	を そざい に かえる
RedCanes_Description	農場用の	nōjō yō no	のうじょう よう の
RedCanes_Name	（小）	shō	しょう
RitualMask_Description	顔にはかぶれない。	kao ni wa kaburenai	かお に は かぶれない
RitualMask_Name	儀式用	gishiki yō	ぎしき よう
Scarecrow_Description	から作物を守ってくれる。	kara sakumotsu o mamotte kureru	から さくもつ を まもって くれる
Scarecrow_Description	一定の範囲にだけ有効。	ittei no han'i ni dake yūkō	いってい の はんい に だけ ゆうこう
SeasonalPlant_Description	観賞用植物。	kanshō yō shokubutsu	かんしょう よう しょくぶつ
SeasonalPlant_Description	水やりの必要がない	mizuyari no hitsuyō ga nai	みずやり の ひつよう が ない
SeedMaker_Description	作物を中に入れると、	sakumotsu o naka ni ireru to	さくもつ を なか に いれる と
SeedMaker_Description	タネをいくつか生産する。	tane o ikutsuka seisan suru	タネ を イクツカ セイサン スル
SeedMaker_Description	にはつかえない。	ni wa tsukaenai	に は つかえない
SewingMachine_Description	からお洋服の仕立てまで	kara o-yōfuku no shitate made	から おようふく の したて まで
SewingMachine_Description	ご利用いただけます！	go-riyō itadakemasu	ごりよう いただけます
SignOfTheVessel_Description	農場用の	nōjō yō no	のうじょう よう の
SignOfTheVessel_Name	象徴	shōchō	しょうちょう
SingingStone_Description	すんだ音をひびかせる石。	sunda oto o hibikaseru ishi	すんだ おと を ひびかせる いし
SkeletonModel_Description	のすがたを模した人形。	no sugata o moshita ningyō	の すがた を もした にんぎょう
SkullBrazier_Description	周囲をほどほどに照らしてくれる。	shūi o hodohodo ni terashite kureru	しゅうい を ほどほど に てらして くれる
SlimeEggPress_Description	を、スライムのタマゴ1つに変えられる。	o suraimu no tamago hitotsu ni kaerareru	を スライム ノ タマゴ ヒトツ ニ カエラレル
SlimeIncubator_Description	をふ化させる。	o fuka saseru	を ふか させる
SlimeIncubator_Description	スライムを飼えるようになる。	suraimu o kaeru yō ni naru	スライム を カエル ヨー ニ ナル
SlothSkeletonL_Description	に大むかし生息していた	ni ōmukashi seisoku shite ita	に おうむかし せいそく して いた
SlothSkeletonL_Description	頑丈な植物のせんいもかみ砕いていた。	ganjō na shokubutsu no sen'i mo kamikudaite ita	がんじょう な しょくぶつ の せんい も かみくだいて いた
SlothSkeletonM_Description	大むかしに生息していた	ōmukashi ni seisoku shite ita	おうむかし に せいそく して いた
SlothSkeletonR_Description	大むかしに生息していた	ōmukashi ni seisoku shite ita	おうむかし に せいそく して いた
SodaMachine_Description	を生産しつづけるマシン。	o seisan shitsuzukeru mashin	を セイサン シツズケル マシン
SolarPanel_Description	太陽の下に置いて、	taiyō no shita ni oite	たいよう の した に おいて
SolarPanel_Description	ゆっくり電池を充電する。	yukkuri denchi o jūden suru	ゆっくり でんち を じゅうでん する
SolidGoldLewis_Description	町長の	chōchō no	ちょうちょう の
SolidGoldLewis_Name	黄金像	ōgonzō	おうごんぞう
Staircase_Description	鉱山でつかうと	kōzan de tsukau to	こうざん で つかう と
Staircase_Description	下の階へおりられる。	shita no kai e orirareru	した の かい へ おりられる
StandingGeode_Description	なかには数えきれないほどの紫水晶がきらめいている。	naka ni wa kazoekirenai hodo no murasakizuishō ga kirameite iru	なか に は かぞえきれない ほど の むらさきずいしょう が きらめいて いる
StandingGeode_Name	晶洞石の	shōdōseki no	しょうどうせき の
StardewHeroTrophy_Description	にとってもっとも栄誉ある賞をもらった証。	ni totte mottomo eiyo aru shō o moratta akashi	に とって もっとも えいよ ある しょう を もらった あかし
StatueOfBlessings_Description	この像にふれると	kono zō ni fureru to	この ぞう に ふれる と
StatueOfBlessings_Description	毎日特別な祝福を受けることができる。	mainichi tokubetsu na shukufuku o ukeru koto ga dekiru	まいにち とくべつ な しゅくふく を うける こと が できる
StatueOfBlessings_Name	像	zō	ぞう
StatueOfEndlessFortune_Description	何の役にたつんだろう？	nan no yaku ni tatsu n darō	なん の やく に たつ ん だろう
StatueOfEndlessFortune_Name	幸運の	kōun no	こううん の
StatueOfEndlessFortune_Name	像	zō	ぞう
StatueOfPerfection_Name	像	zō	ぞう
StatueOfTheDwarfKing_Name	像	zō	ぞう
StatueOfTruePerfection_Name	像	zō	ぞう
StoneBrazier_Description	周囲をほどほどに照らしてくれる。	shūi o hodohodo ni terashite kureru	しゅうい を ほどほど に てらして くれる
StoneCairn_Description	農場用の	nōjō yō no	のうじょう よう の
StoneChest_Description	中にアイテムを入れておける。	naka ni aitemu o irete okeru	ナカ ニ アイテム を イレテ オケル
StoneFrog_Description	農場の	nōjō no	のうじょう の
StoneJunimo_Description	農場の	nōjō no	のうじょう の
StoneOwl_Decorative_Description	農場の	nōjō no	のうじょう の
StoneOwl_Secret_Description	みごとな石像だが、	migoto na sekizō da ga	みごと な せきぞう だ が
StoneOwl_Secret_Description	どこでつくられたのかは不明。	doko de tsukurareta no ka wa fumei	どこ で つくられた の か は ふめい
StoneOwl_Secret_Name	石像	sekizō	せきぞう
StoneParrot_Description	農場の	nōjō no	のうじょう の
StoneSign_Description	これにアイテムを使用すると、	kore ni aitemu o shiyō suru to	コレ ニ アイテム を シヨー スル ト
StoneSign_Description	いろいろ表示を変えられる。	iroiro hyōji o kaerareru	いろいろ ひょうじ を かえられる
StoneSign_Description	アイテムは消費されない。	aitemu wa shōhi sarenai	アイテム は ショーヒ サレナイ
StrangeCapsule_Description	肉のようなもの	niku no yō na mono	にく の よう な もの
StrangeCapsule_Name	奇妙な	kimyō na	きみょう な
StumpBrazier_Description	周囲をほどほどに照らしてくれる。	shūi o hodohodo ni terashite kureru	しゅうい を ほどほど に てらして くれる
SuitOfArmor_Description	農場用の	nōjō yō no	のうじょう よう の
TallTorch_Description	柄は	e wa	へ は
Tapper_Description	木がたくわえた樹液を採取できる。	ki ga takuwaeta jueki o saishu dekiru	き が たくわえた じゅえき を さいしゅ できる
TeddyTimer_Description	クマちゃんの形をした	kuma-chan no katachi o shita	クマチャン ノ カタチ を シタ
Telephone_Description	店の営業時間や、	mise no eigyō jikan ya	みせ の えいぎょう じかん や
Telephone_Description	在庫の確認に利用できる。	zaiko no kakunin ni riyō dekiru	ざいこ の かくにん に りよう できる
TextSign_Description	この看板には	kono kanban ni wa	この かんばん に は
TextSign_Description	メッセージを書くことができます。	messēji o kaku koto ga dekimasu	メッセージ を カク コト ガ デキマス
TuboFlowers_Description	花を咲かせる。	hana o sakaseru	はな を さかせる
WickedStatue_Description	どこか胸さわぎがする彫像。	dokoka munasawagi ga suru chōzō	どこか むなさわぎ が する ちょうぞう
WickedStatue_LitEyes_Description	どこかおかしな雰囲気がただよう彫像。	dokoka okashi na fun'iki ga tadayou chōzō	どこか おかし な ふんいき が ただよう ちょうぞう
WickedStatue_LitEyes_Name	像	zō	ぞう
WickedStatue_Name	像	zō	ぞう
WoodChair_Description	4方向、	yonhōkō	よんほうこう
WoodChipper_Description	硬材を入れると、	kōzai o ireru to	こうざい を いれる と
WoodChipper_Description	通常の木に分解してくれる。	tsūjō no ki ni bunkai shite kureru	つうじょう の き に ぶんかい して くれる
WoodLamppost_Description	周囲を明るく照らしてくれる。	shūi o akaruku terashite kureru	しゅうい を あかるく てらして くれる
WoodLamppost_Name	街灯	gaitō	がいとう
WoodSign_Description	これにアイテムを使用すると、	kore ni aitemu o shiyō suru to	コレ ニ アイテム を シヨー スル ト
WoodSign_Description	いろいろ表示を変えられる。	iroiro hyōji o kaerareru	いろいろ ひょうじ を かえられる
WoodSign_Description	アイテムは消費されない。	aitemu wa shōhi sarenai	アイテム は ショーヒ サレナイ
WoodenBrazier_Description	周囲をほどほどに照らしてくれる。	shūi o hodohodo ni terashite kureru	しゅうい を ほどほど に てらして くれる
Workbench_Description	近くにある箱に入っている材料を使うことができる。	chikaku ni aru hako ni haitte iru zairyō o tsukau koto ga dekiru	ちかく に ある はこ に はいって いる ざいりょう を つかう こと が できる
Workbench_Name	作業台	sagyōdai	さぎょうだい
WormBin_Description	エサはやらなくてOK。	esa wa yaranakute ōkē	エサ は ヤラナクテ オーケー
AddedHay	を{0}つ	o tsu	を つ
Barn_Description	動物小屋用の動物	dōbutsu goya yō no dōbutsu	どうぶつ ごや よう の どうぶつ
Barn_Description	を4頭飼える。	o yontō kaeru	を よんとう かえる
BigBarn_Description	動物小屋用の動物	dōbutsu goya yō no dōbutsu	どうぶつ ごや よう の どうぶつ
BigBarn_Description	を8頭飼える。	o hattō kaeru	を はっとう かえる
BigBarn_Description	動物が子どもを産むようになる。	dōbutsu ga kodomo o umu yō ni naru	どうぶつ が こども を うむ よう に なる
BigBarn_Name	大型の	ōgata no	おうがた の
BigCoop_Description	を8匹飼える。	o happiki kaeru	を はっぴき かえる
BigCoop_Name	大型の	ōgata no	おうがた の
BigShed_Description	を2倍にします。	o nibai ni shimasu	を にばい に します
BigShed_Description	インテリアを飾ることができます。	interia o kazaru koto ga dekimasu	インテリア を カザル コト ガ デキマス
BuildingSkinMenu_ChooseAppearance	外見を選んでください	gaiken o erande kudasai	がいけん を えらんで ください
Cabin_Description	町の農業基金の助成によって建てられる。	machi no nōgyō kikin no josei ni yotte taterareru	まち の のうぎょう ききん の じょせい に よって たてられる
CantEnter	今は入れない	ima wa hairenai	いま は はいれない
CantPutInPonds	はそこでは幸せみはなれないでしょう。	wa soko de wa shiawase mi wa narenai deshō	は そこ で は しあわせ み は なれない でしょう
Construction_ChooseLocation	どの施設を管理しますか？	dono shisetsu o kanri shimasu ka	どの しせつ を かんり します か
Coop_Description	を4匹飼える。	o yonhiki kaeru	を よんひき かえる
DeluxeBarn_Description	動物小屋用の動物	dōbutsu goya yō no dōbutsu	どうぶつ ごや よう の どうぶつ
DeluxeBarn_Description	を12頭飼える。	o jūnitō kaeru	を じゅうにとう かえる
DeluxeCoop_Description	を12匹飼える。	o jūnihiki kaeru	を じゅうにひき かえる
EarthObelisk_Name	地球	chikyū	ちきゅう
FishPond_Description	魚を育てて、	sakana o sodatete	さかな を そだてて
FishPond_Description	彼らの農産物を収穫するの。	karera no nōsanbutsu o shūkaku suru no	かれら の のうさんぶつ を しゅうかく する の
FishPond_Description	時間が経つと魚は増殖するよ。	jikan ga tatsu to sakana wa zōshoku suru yo	じかん が たつ と さかな は ぞうしょく する よ
GoldClock_Description	岩や倒木、	iwa ya bōboku	いわ や ぼうぼく
GoldClock_Description	雑草の発生や、	zassō no hassei ya	ざっそう の はっせい や
GoldClock_Description	フェンスの劣化をふせいでくれる。	fensu no rekka o fuseide kureru	フェンス ノ レッカ を フセイデ クレル
Greenhouse_Description	どんな季節でも一年中、	donna kisetsu demo ichinen jū	どんな きせつ でも いちねん じゅう
Greenhouse_Description	好きな作物を育てられる！	suki na sakumotsu o sodaterareru	すき な さくもつ を そだてられる
JunimoHut_Description	を、	o	を
Mill_Description	を製粉できる。	o seifun dekiru	を せいふん できる
NeedSilo	が必要です	ga hitsuyō desu	が ひつよう です
NoFish	に魚を投入することができます。	ni sakana o tōnyū suru koto ga dekimasu	に さかな を とうにゅう する こと が できます
PetBowl_Description	に心地よい暮らしを提供する。	ni kokochi yoi kurashi o teikyō suru	に ここち よい くらし を ていきょう する
PondFull	はいっぱいです。	wa ippai desu	は いっぱい です
Shed_Description	好きなものを入れよう！	suki na mono o ireyou	すき な もの を いれよう
Shed_Description	なかには家具を設置できる。	naka ni wa kagu o setchi dekiru	なか に は かぐ を せっち できる
ShippingBin_Description	アイテムを中に入れておくと	aitemu o naka ni irete oku to	アイテム を ナカ ニ イレテ オク ト
Silo_Description	を動物のエサとして	o dōbutsu no esa to shite	を ドーブツ ノ エサ ト シテ
SlimeHutch_Description	スライムを20匹まで飼える。	suraimu o nijūppiki made kaeru	スライム を ニジューッピキ マデ カエル
SlimeHutch_Description	エサ箱に水を満たしておくと、	esa bako ni mizu o mitashite oku to	エサ バコ ニ ミズ を ミタシテ オク ト
SlimeHutch_Description	スライムがスライムボールをつくる。	suraimu ga suraimu bōru o tsukuru	スライム ガ スライム ボール を ツクル
Stable_Description	を飼える。	o kaeru	を かえる
UnderConstruction	工事中	kōji chū	こうじ ちゅう
Well_Description	に水をくめる。	ni mizu o kumeru	に みず を くめる
WrongFishType	は{1}池	wa ike	は いけ
WrongFishTypeCoral	は{0}池	wa ike	は いけ
WrongFishTypeCoral	にのみ配置が可能です。	ni nomi haichi ga kanō desu	に のみ はいち が かのう です
Aquatic Jelly	洞窟	dōkutsu	どうくつ
Brewer's	醸造家	jōzōka	じょうぞうか
Fish Farmer's	魚養殖者	sakana yōshokusha	さかな ようしょくしゃ
Home Cook's	家庭料理人	katei ryōrinin	かてい りょうりにん
Master Fisher's	漁師	ryōshi	りょうし
Rare Crops	希少な	kishō na	きしょう な
AbigailInMine0	ふう！	fū	ふう
AbigailInMine1	ああもう、	ā mō	ああ もう
AbigailInMine1	興奮しすぎて 	kōfun shisugite	こうふん しすぎて
AbigailInMine3	来たことは 	kita koto wa	きた こと は
AbigailInMine3	パパには内緒で、	papa ni wa naisho de	パパ ニ は ナイショ デ
AbigailInMine4	鉱山探検？ 	kōzan tanken	こうざん たんけん
AbigailInMineFirst	...ようやく 	yōyaku	ようやく
AbigailInMineFirst	勇気が 	yūki ga	ゆうき が
AbigailInMineFirst	出たわ。#$b#	deta wa	でた は
AbigailInMineFirst	最初は 	saisho wa	さいしょ は
AbigailInMineFirst	今はなんだか 	ima wa nandaka	いま は なんだか
AbigailInMineFlute	は演奏に夢中だ…	wa ensō ni muchū da	は えんそう に むちゅう だ
Henchman1	…ここを通りたいのか？	koko o tōritai no ka	ここ を とうりたい の か
Henchman1	ここは私有地なんだ。$s	koko wa shiyūchi nan da	ここ は しゆうち なん だ
Henchman2	ここは通せない…	koko wa tōsenai	ここ は とうせない
Henchman2	クビになりたくはないんでね。	kubi ni naritaku wa nai n de ne	クビ ニ ナリタク は ナイ ン デ ネ
Henchman3	こいつをおれに？	koitsu o ore ni	こいつ を おれ に
Henchman3	ふうん…	fūn	ふうん
Henchman4	うまそうだが、	umasō da ga	うまそう だ が
Henchman4	自分で食べたらどうだ？	jibun de tabetara dō da	じぶん で たべたら どう だ
Henchman5	なあ、	nā	なあ
JunimoThankYou1	ありがとう！	arigatō	ありがとう
KrobusDarkTalisman	えっ、なんだって…	e nan datte	へ なん だって
KrobusDarkTalisman	を探してるのかい？#$b#	o sagashiteru no kai	を さがしてる の かい
KrobusDarkTalisman	まあ一応、	mā ichiō	まあ いちおう
KrobusDarkTalisman	このトンネルをうろついるうちに、	kono tonneru o urotsuiru uchi ni	コノ トンネル を ウロツイル ウチ ニ
KrobusDarkTalisman	奥のほうで落っことしちゃったんだよねえ。#$b#	oku no hō de okkotoshichatta n da yo nē	おく の ほう で おっことしちゃった ん だ よ ねい
KrobusDarkTalisman	トンネルの入り口を閉じたんだよねえ。#$b#	tonneru no iriguchi o tojita n da yo nē	トンネル ノ イリグチ を トジタ ン ダ ヨ ネー
KrobusDarkTalisman	まあ、見たとこ、	mā mita toko	まあ みた とこ
KrobusDarkTalisman	おたくずいぶん強そうだし…	otaku zuibun tsuyosō da shi	おたく ずいぶん つよそう だ し
KrobusDarkTalisman	ま、くれぐれも気をつけてくれよな。	ma kuregure mo ki o tsukete kure yo na	ま くれぐれ も き を つけて くれ よ な
KrobusDarkTalisman_elsewhere	それは何...	sore wa nani	それ は なに
KrobusDarkTalisman_elsewhere	を探してる？#$b#	o sagashiteru	を さがしてる
KrobusDarkTalisman_elsewhere	君がそれを言及した今、	kimi ga sore o genkyū shita ima	きみ が それ を げんきゅう した いま
KrobusDarkTalisman_elsewhere	私が所有しているものをそんなに前に持っていなかった。#$b#	watashi ga shoyū shite iru mono o sonna ni mae ni motte inakatta	わたし が しょゆう して いる もの を そんな に まえ に もって いなかった
KrobusDarkTalisman_elsewhere	下水でトンネルを探索中に落としたんだ。#$b#	gesui de tonneru o tansakuchū ni otoshita n da	ゲスイ デ トンネル を タンサクチュー ニ オトシタ ン ダ
KrobusDarkTalisman_elsewhere	そこでは温暖化が始まったから、	soko de wa ondanka ga hajimatta kara	そこ で は おんだんか が はじまった から
KrobusDarkTalisman_elsewhere	急いで出入り口を封印したんだ。#$b#	isoide deiriguchi o fūin shita n da	いそいで でいりぐち を ふういん した ん だ
KrobusDarkTalisman_elsewhere	かなり丈夫そうだけど...	kanari jōbu sō da kedo	かなり じょうぶ そう だ けど
KrobusDarkTalisman_elsewhere	だから君のためにそれをバックアップするよ。	dakara kimi no tame ni sore o bakkuappu suru yo	ダカラ キミ ノ タメ ニ ソレ を バックアップ スル ヨ
KrobusDarkTalisman_elsewhere	注意して、	chūi shite	ちゅうい して
KrobusDarkTalisman_elsewhere	大丈夫？	daijōbu	だいじょうぶ
Leo_Memory	ねえ…	nē	ねい
Leo_Memory	を考えてたんだ…	o kangaeteta n da	を かんがえてた ん だ
Leo_Memory_6497421	鳥たちの話をした時のこと？	tori-tachi no hanashi o shita toki no koto	とりたち の はなし を した とき の こと
Leo_Memory_6497423	キミの家の話をした時のこと？	kimi no ie no hanashi o shita toki no koto	キミ ノ イエ ノ ハナシ を シタ トキ ノ コト
Leo_Memory_6497428	ボクが引っ越しを決めた時のこと？	boku ga hikkoshi o kimeta toki no koto	ボク ガ ヒッコシ を キメタ トキ ノ コト
Leo_Memory_Answer_No	今は忙しいんだ	ima wa isogashii n da	いま は いそがしい ん だ
MovieInvite_AlreadyInvitedSomeone	君はすでに	kimi wa sude ni	きみ は すで に
MovieInvite_AlreadyInvitedSomeone	と一緒に映画を観ることを計画したんだね！	to issho ni eiga o miru koto o keikaku shita n da ne	と いっしょ に えいが を みる こと を けいかく した ん だ ね
MovieInvite_AlreadySeen	今週すでに映画を見たんだ...	konshū sude ni eiga o mita n da	こんしゅう すで に えいが を みた ん だ
MovieInvite_CantInvite	を招待できないんだ。	o shōtai dekinai n da	を しょうたい できない ん だ
MovieInvite_Closed	は夜間休業してる...	wa yakan kyūgyō shiteru	は やかん きゅうぎょう してる
MovieInvite_FarmerAlreadySeen	まだ映画を見に行く気分じゃない...	mada eiga o mi ni iku kibun ja nai	まだ えいが を み に いく きぶん じゃ ない
MovieInvite_Festival	は祭りの日には開いてないよ！	wa matsuri no hi ni wa aitenai yo	は まつり の ひ に は あいてない よ
MovieInvite_Invited	劇場で落ち合おう。	gekijō de ochiaō	げきじょう で おちあおう
MovieInvite_InvitedBySomeoneElse	今日はもう映画を見る予定があるんだ、	kyō wa mō eiga o miru yotei ga aru n da	きょう は もう えいが を みる よてい が ある ん だ
MovieInvite_InvitedBySomeoneElse	でも君はそこに参加できる？	demo kimi wa soko ni sanka dekiru	でも きみ は そこ に さんか できる
MovieInvite_Invited_Child	劇場で会いましょう！	gekijō de aimashō	げきじょう で あいましょう
MovieInvite_Invited_Dwarf	まあ、	mā	まあ
MovieInvite_Invited_Krobus	おぉ？	ō	おう
MovieInvite_Invited_Krobus	僕は普段人間から身を隠してるんだ...#$b#	boku wa fudan ningen kara mi o kakushiteru n da	ぼく は ふだん にんげん から み を かくしてる ん だ
MovieInvite_Invited_Krobus	後で劇場で会おう。	ato de gekijō de aō	あと で げきじょう で あおう
MovieInvite_Invited_Rude	劇場で会おう...	gekijō de aō	げきじょう で あおう
MovieInvite_Invited_Sandy	ああ...	ā	ああ
MovieInvite_Invited_Sandy	向こうで会おう、	mukō de aō	むこう で あおう
MovieInvite_NoTheater	は困惑してる...	wa konwaku shiteru	は こんわく してる
MovieInvite_Reject	今は映画を見る気分じゃない...	ima wa eiga o miru kibun ja nai	いま は えいが を みる きぶん じゃ ない
MovieInvite_Reject_Child	僕はこれを見るのがダメだとは思わない...	boku wa kore o miru no ga dame da to wa omowanai	ボク は コレ を ミル ノ ガ ダメ ダ ト は オモワナイ
MovieInvite_Spouse_Abigail	いいわね、	ii wa ne	いい は ね
MovieInvite_Spouse_Abigail	楽しそう！ 	tanoshisō	たのしそう
MovieInvite_Spouse_Abigail	じゃあ映画館で会いましょう。$h#$e#	jā eigakan de aimashō	じゃあ えいがかん で あいましょう
MovieInvite_Spouse_Alex	へえ、	hē	へい
MovieInvite_Spouse_Alex	面白そうだな！ 	omoshirosō da na	おもしろそう だ な
MovieInvite_Spouse_Alex	映画館で会おうぜ。	eigakan de aō ze	えいがかん で あおう ぜ
MovieInvite_Spouse_Elliott	君と一緒に映画を見られるなんて嬉しいよ！ 	kimi to issho ni eiga o mirareru nante ureshii yo	きみ と いっしょ に えいが を みられる なんて うれしい よ
MovieInvite_Spouse_Elliott	映画館で会おう。	eigakan de aō	えいがかん で あおう
MovieInvite_Spouse_Emily	私、今日はずっと映画のことを考えてたの。	watashi kyō wa zutto eiga no koto o kangaeteta no	わたし きょう は ずっと えいが の こと を かんがえてた の
MovieInvite_Spouse_Emily	どうして分かったの！？$h#$e#	dōshite wakatta no	どうして わかった の
MovieInvite_Spouse_Emily	映画館で会いましょう！	eigakan de aimashō	えいがかん で あいましょう
MovieInvite_Spouse_Haley	わぁ… 	wā	わあ
MovieInvite_Spouse_Haley	少し身だしなみを整えてから映画館に向かうわね。$h	sukoshi mi-dashinami o totonoete kara eigakan ni mukau wa ne	すこし みだしなみ を ととのえて から えいがかん に むかう は ね
MovieInvite_Spouse_Harvey	そうですね… 	sō desu ne	そう です ね
MovieInvite_Spouse_Harvey	ぜひ一緒に行きましょう！$h#$e#	zehi issho ni ikimashō	ぜひ いっしょ に いきましょう
MovieInvite_Spouse_Harvey	こういうことは大切なんです。	kō iu koto wa taisetsu nan desu	こう いう こと は たいせつ なん です
MovieInvite_Spouse_Harvey	あなたが結婚生活に飽きないようにしたいですからね！	anata ga kekkon seikatsu ni akinai yō ni shitai desu kara ne	あなた が けっこん せいかつ に あきない よう に したい です から ね
MovieInvite_Spouse_Leah	楽しみだわ… 	tanoshimi da wa	たのしみ だ は
MovieInvite_Spouse_Leah	映画館で会いましょう。	eigakan de aimashō	えいがかん で あいましょう
MovieInvite_Spouse_Maru	まあ！ 	mā	まあ
MovieInvite_Spouse_Maru	夜のデートの計画を立ててくれたのね！$h#$b#	yoru no dēto no keikaku o tatete kureta no ne	ヨル ノ デート ノ ケイカク を タテテ クレタ ノ ネ
MovieInvite_Spouse_Maru	映画館で会いましょう。$h	eigakan de aimashō	えいがかん で あいましょう
MovieInvite_Spouse_Penny	ええ、	ē	えい
MovieInvite_Spouse_Penny	一緒に行きたいわ！ 	issho ni ikitai wa	いっしょ に いきたい は
MovieInvite_Spouse_Penny	じゃあ映画館で会いましょう。$h	jā eigakan de aimashō	じゃあ えいがかん で あいましょう
MovieInvite_Spouse_Sam	チケットを取ってくれたのか？ 	chiketto o totte kureta no ka	チケット を トッテ クレタ ノ カ
MovieInvite_Spouse_Sam	最高だよ！ 	saikō da yo	さいこう だ よ
MovieInvite_Spouse_Sebastian	なかなか楽しそうだな。	nakanaka tanoshisō da na	なかなか たのしそう だ な
MovieInvite_Spouse_Sebastian	映画館で会おうぜ。$h	eigakan de aō ze	えいがかん で あおう ぜ
MovieInvite_Spouse_Shane	映画を見たいのか？ 	eiga o mitai no ka	えいが を みたい の か
MovieInvite_Spouse_Shane	スナックをおごってくれたら行くよ、	sunakku o ogotte kuretara iku yo	スナック を オゴッテ クレタラ イク ヨ
MovieInvite_Spouse_Shane	映画館で会おうぜ。	eigakan de aō ze	えいがかん で あおう ぜ
MovieTheater_AfterMovie	は映画について活発な議論をしています。	wa eiga ni tsuite kappatsu na giron o shite imasu	は えいが に ついて かっぱつ な ぎろん を して います
MovieTheater_AfterMovieAlone	はその映画について黙って考えています。	wa sono eiga ni tsuite damatte kangaete imasu	は その えいが に ついて だまって かんがえて います
MovieTheater_AlreadySeen	君は今週すでに映画を見たね。	kimi wa konshū sude ni eiga o mita ne	きみ は こんしゅう すで に えいが を みた ね
MovieTheater_BoxOfficeClosed	は誰もいない。	wa dare mo inai	は だれ も いない
MovieTheater_Closed	は閉鎖されてるよ。	wa heisa sareteru yo	は へいさ されてる よ
MovieTheater_ClosedFestival	はお祭りの間は休業してる。	wa o-matsuri no aida wa kyūgyō shiteru	は おまつり の あいだ は きゅうぎょう してる
MovieTheater_Concession	へようこそ！	e yōkoso	へ ようこそ
MovieTheater_Concession	ゲストのためにスナックを注文したいですか？	gesuto no tame ni sunakku o chūmon shitai desu ka	ゲスト ノ タメ ニ スナック を チューモン シタイ デス カ
MovieTheater_ConcessionAfterMovie	映画はどうだった？	eiga wa dō datta	えいが は どう だった
MovieTheater_ConcessionAlone	おお、	ō	おう
MovieTheater_ConcessionAlone	君が一人でここにいるように見えます。	kimi ga hitori de koko ni iru yō ni miemasu	きみ が ひとり で ここ に いる よう に みえます
MovieTheater_ConcessionAlone	彼らにスナックを注文することができます。	karera ni sunakku o chūmon suru koto ga dekimasu	カレラ ニ スナック を チューモン スル コト ガ デキマス
MovieTheater_CurrentlyShowing	いま映画は上映中です。	ima eiga wa jōeichū desu	いま えいが は じょうえいちゅう です
MovieTheater_DislikeConcession_Female	は彼女の	wa kanojo no	は かのじょ の
MovieTheater_DislikeConcession_Male	は彼の	wa kare no	は かれ の
MovieTheater_DislikeMovie	は居眠りしています...	wa inemuri shite imasu	は いねむり して います
MovieTheater_LeavePrompt	映画を見ないで	eiga o minaide	えいが を みないで
MovieTheater_LeavePrompt	劇場を離れますか？	gekijō o hanaremasu ka	げきじょう を はなれます か
MovieTheater_LikeConcession	を楽しんでいます。	o tanoshinde imasu	を たのしんで います
MovieTheater_LikeConcession_Female	は彼女の	wa kanojo no	は かのじょ の
MovieTheater_LikeConcession_Female	を楽しんでいます。	o tanoshinde imasu	を たのしんで います
MovieTheater_LikeConcession_Male	は彼の	wa kare no	は かれ の
MovieTheater_LikeConcession_Male	を楽しんでいます。	o tanoshinde imasu	を たのしんで います
MovieTheater_LikeMovie	は楽しい時間を過ごしているようです！	wa tanoshii jikan o sugoshite iru yō desu	は たのしい じかん を すごして いる よう です
MovieTheater_LoveConcession	は本当に	wa hontō ni	は ほんとう に
MovieTheater_LoveConcession	を楽しんでいます！	o tanoshinde imasu	を たのしんで います
MovieTheater_LoveConcession_Female	は本当に彼女の	wa hontō ni kanojo no	は ほんとう に かのじょ の
MovieTheater_LoveConcession_Female	を楽しんでいます！	o tanoshinde imasu	を たのしんで います
MovieTheater_LoveConcession_Male	は本当に彼の	wa hontō ni kare no	は ほんとう に かれ の
MovieTheater_LoveConcession_Male	を楽しんでいます！	o tanoshinde imasu	を たのしんで います
MovieTheater_LoveMovie	は絶対に夢中です...！	wa zettai ni muchū desu	は ぜったい に むちゅう です
MovieTheater_NoTicket	劇場に入れない！	gekijō ni hairenai	げきじょう に はいれない
MovieTheater_WatchAlonePrompt	映画を見るために	eiga o miru tame ni	えいが を みる ため に
MovieTheater_WatchAlonePrompt	映画のチケットを使いますか？	eiga no chiketto o tsukaimasu ka	エイガ ノ チケット を ツカイマス カ
MovieTheater_WatchWithFriendPrompt	の映画を見るために	no eiga o miru tame ni	の えいが を みる ため に
MovieTheater_WatchWithFriendPrompt	映画のチケットを使いますか？	eiga no chiketto o tsukaimasu ka	エイガ ノ チケット を ツカイマス カ
PetLovesYou	はあなたがだーいすき！♡	wa anata ga dāisuki	は アナタ ガ ダーイスキ
Phone_CheckAnimalPrices	を確認する	o kakunin suru	を かくにん する
Phone_CheckBuildingCost	を確認する	o kakunin suru	を かくにん する
Phone_CheckHouseCost	を確認する	o kakunin suru	を かくにん する
Phone_CheckSeedStock	を確認する	o kakunin suru	を かくにん する
Phone_CheckToolCost	を確認する	o kakunin suru	を かくにん する
Phone_Clint_Closed	今は対応できません…	ima wa taiō dekimasen	いま は たいおう できません
Phone_Clint_Closed	営業時間は午前9時から午後4時までです。	eigyō jikan wa gozen kuji kara gogo yoji made desu	えいぎょう じかん は ごぜん くじ から ごご よじ まで です
Phone_Clint_Festival	今日は休業しています。	kyō wa kyūgyō shite imasu	きょう は きゅうぎょう して います
Phone_Clint_Open	おや、どうも、	oya dōmo	おや どうも
Phone_Clint_Open	ああ、午後4時まで営業してるよ。	ā gogo yoji made eigyō shiteru yo	ああ ごご よじ まで えいぎょう してる よ
Phone_Clint_Open	大丈夫。	daijōbu	だいじょうぶ
Phone_Clint_Open_Rare	ああ、午後4時まで営業してるよ。	ā gogo yoji made eigyō shiteru yo	ああ ごご よじ まで えいぎょう してる よ
Phone_Clint_Open_Rare	もう行かないと。	mō ikanai to	もう いかない と
Phone_Clint_Open_Rare	ええと…	ēto	えいと
Phone_Clint_Open_Rare	大丈夫。	daijōbu	だいじょうぶ
Phone_Clint_Open_Rare	午後4時まで営業してるよ。	gogo yoji made eigyō shiteru yo	ごご よじ まで えいぎょう してる よ
Phone_Clint_Working	あんたの道具の仕上げにはもう何日か必要なんだ。	anta no dōgu no shiage ni wa mō nannichi ka hitsuyō nan da	あんた の どうぐ の しあげ に は もう なんにち か ひつよう なん だ
Phone_Clint_Working_OneDay	どうも…	dōmo	どうも
Phone_Clint_Working_OneDay	あんたの道具は明日には仕上がるよ。	anta no dōgu wa ashita ni wa shiagaru yo	あんた の どうぐ は あした に は しあがる よ
Phone_Clint_Working_OneDay	じゃあ作業に戻る。	jā sagyō ni modoru	じゃあ さぎょう に もどる
Phone_Gus_Closed	今は営業時間外です。	ima wa eigyō jikangai desu	いま は えいぎょう じかんがい です
Phone_Gus_Closed	今日のオススメは	kyō no osusume wa	キョー ノ オススメ は
Phone_Gus_Closed_NoDishOfTheDay	今は営業時間外です。	ima wa eigyō jikangai desu	いま は えいぎょう じかんがい です
Phone_Gus_Closed_NoDishOfTheDay	おいしい食べ物と飲み物をお求めでしたら、	oishii tabemono to nomimono o o-motome deshitara	おいしい たべもの と のみもの を おもとめ でしたら
Phone_Gus_Closed_NoDishOfTheDay	午後12時から午前12時の間にご来店ください。	gogo jūniji kara gozen jūniji no aida ni go-raiten kudasai	ごご じゅうにじ から ごぜん じゅうにじ の あいだ に ごらいてん ください
Phone_Gus_Festival	今日は休業しています。	kyō wa kyūgyō shite imasu	きょう は きゅうぎょう して います
Phone_Gus_Open	やあ、	yā	やあ
Phone_Gus_Open	ああ…	ā	ああ
Phone_Gus_Open	今日のオススメは	kyō no osusume wa	キョー ノ オススメ は
Phone_Gus_Open	今は営業中だから、	ima wa eigyōchū da kara	いま は えいぎょうちゅう だ から
Phone_Gus_Open_NoDishOfTheDay	やあ、	yā	やあ
Phone_Gus_Open_NoDishOfTheDay	ああ、今は営業中だよ。	ā ima wa eigyōchū da yo	ああ いま は えいぎょうちゅう だ よ
Phone_Gus_Open_NoDishOfTheDay	じゃあまた後で。	jā mata ato de	じゃあ また あと で
Phone_Gus_Open_Rare	（何かを食べる音が聞こえる…）#$b#	nanika o taberu oto ga kikoeru	なにか を たべる おと が きこえる
Phone_Gus_Open_Rare	おお！	ō	おう
Phone_Gus_Open_Rare	やあ、こんにちは！	yā konnichiwa	やあ こんにちわ
Phone_Gus_Open_Rare	を味見していたんだ。	o ajimi shite ita n da	を あじみ して いた ん だ
Phone_Gus_Open_Rare	ああ、今は営業中だよ。	ā ima wa eigyōchū da yo	ああ いま は えいぎょうちゅう だ よ
Phone_HangUp	（電話を切る）	denwa o kiru	でんわ を きる
Phone_Marlon_AlreadyRecovering	よう…	yō	よう
Phone_Marlon_AlreadyRecovering	ああ、今夜アイテムを回収しに行く。	ā kon'ya aitemu o kaishū shi ni iku	アー コンヤ アイテム を カイシュー シ ニ イク
Phone_Marlon_NoDeathItems	どうした？	dō shita	どう した
Phone_Marlon_NoDeathItems	鉱山で無くした物は無いんだろう？	kōzan de nakushita mono wa nai n darō	こうざん で なくした もの は ない ん だろう
Phone_Marlon_NoDeathItems	だったらオレの助けは必要ないな。	dattara ore no tasuke wa hitsuyō nai na	ダッタラ オレ ノ タスケ は ヒツヨー ナイ ナ
Phone_Marlon_NoDeathItems	気を付けろよ。	ki o tsukero yo	き を つけろ よ
Phone_Marlon_Open	また鉱山で何か無くしたのか？	mata kōzan de nanika nakushita no ka	また こうざん で なにか なくした の か
Phone_Marlon_Open	回収しに行ってくるよ…	kaishū shi ni itte kuru yo	かいしゅう し に いって くる よ
Phone_Marlon_Open	代金はもらうからな。	daikin wa morau kara na	だいきん は もらう から な
Phone_Marnie_Closed	営業時間は、午前9時から午後4時までです。	eigyō jikan wa gozen kuji kara gogo yoji made desu	えいぎょう じかん は ごぜん くじ から ごご よじ まで です
Phone_Marnie_ClosedDay	今日はお休みしています。	kyō wa o-yasumi shite imasu	きょう は おやすみ して います
Phone_Marnie_Open	ええ、お店は今日の午後4時まで開いてるわ。	ē o-mise wa kyō no gogo yoji made aiteru wa	えい おみせ は きょう の ごご よじ まで あいてる は
Phone_Marnie_Open	じゃあまた後でね。	jā mata ato de ne	じゃあ また あと で ね
Phone_Marnie_Open_Rare	ええ、今は営業中よ。	ē ima wa eigyōchū yo	えい いま は えいぎょうちゅう よ
Phone_Marnie_Open_Rare	必要なものがあったら、	hitsuyō na mono ga attara	ひつよう な もの が あったら
Phone_Pierre_Closed	お電話ありがとうございます、	o-denwa arigatō gozaimasu	おでんわ ありがとう ございます
Phone_Pierre_Closed	ただいま営業時間外です。	tadaima eigyō jikangai desu	ただいま えいぎょう じかんがい です
Phone_Pierre_Closed	営業時間は午前9時から午後5時までです。	eigyō jikan wa gozen kuji kara gogo goji made desu	えいぎょう じかん は ごぜん くじ から ごご ごじ まで です
Phone_Pierre_Closed	ご来店をお待ちしております！	go-raiten o o-machi shite orimasu	ごらいてん を おまち して おります
Phone_Pierre_Festival	お電話ありがとうございます、	o-denwa arigatō gozaimasu	おでんわ ありがとう ございます
Phone_Pierre_Festival	今日はお祭りのため休業しています。	kyō wa o-matsuri no tame kyūgyō shite imasu	きょう は おまつり の ため きゅうぎょう して います
Phone_Pierre_Open	ああ、こんにちは、	ā konnichiwa	ああ こんにちわ
Phone_Pierre_Open	ええ、午後5時まで営業しています。	ē gogo goji made eigyō shite imasu	えい ごご ごじ まで えいぎょう して います
Phone_Pierre_Open	種や作物をお買い得価格で取りそろえています。	tane ya sakumotsu o o-kaidoku kakaku de torisoroete imasu	たね や さくもつ を おかいどく かかく で とりそろえて います
Phone_Pierre_Open_Rare	ええと…	ēto	えいと
Phone_Pierre_Open_Rare	お電話ありがとうございます。	o-denwa arigatō gozaimasu	おでんわ ありがとう ございます
Phone_Pierre_Open_Rare	は…はい、午後5時まで営業しています。	ha hai gogo goji made eigyō shite imasu	は はい ごご ごじ まで えいぎょう して います
Phone_Ring_Bear	オレはまだ、あのいい感じのソースを持ってるんだ。#$b#	ore wa mada ano ii kanji no sōsu o motteru n da	オレ は マダ アノ イイ カンジ ノ ソース を モッテル ン ダ
Phone_Ring_Bear	オレを最高にイイ気分にさせてくれるぜ	ore o saikō ni ii kibun ni sasete kureru ze	オレ を サイコー ニ イイ キブン ニ サセテ クレル ゼ
Phone_Ring_Bear	じゃあな。	jā na	じゃあ な
Phone_Ring_Cursed	受話器を耳に近づけると、	juwaki o mimi ni chikazukeru to	じゅわき を みみ に ちかずける と
Phone_Ring_Cursed	「お-ま-え-は-お-れ-た-ち-を-う-ら-ぎ-っ-た」	omae wa oretachi o uragitta	おまえ は おれたち を うらぎった
Phone_Ring_Foreign	何を言っているのか全くわかりませんでした。	nani o itte iru no ka mattaku wakarimasen deshita	なに を いって いる の か まったく わかりません でした
Phone_Ring_HatMouse	オレはいい帽子を売ってんだ。	ore wa ii bōshi o utten da	オレ は イイ ボーシ を ウッテン ダ
Phone_Ring_HatMouse	カネを持って。	kane o motte	カネ を モッテ
Phone_Ring_HatMouse	オレはカネに目がねぇんだ。	ore wa kane ni me ga nē n da	オレ は カネ ニ メ ガ ネー ン ダ
Phone_Ring_Pierre	やあ、	yā	やあ
Phone_Ring_Pierre	それは良かった。#$b#	sore wa yokatta	それ は よかった
Phone_Ring_Pierre	ええ、取引についてのお礼を伝えたかったのです。	ē torihiki ni tsuite no o-rei o tsutaetakatta no desu	えい とりひき に ついて の おれい を つたえたかった の です
Phone_Ring_Pierre	ご存知でしょうが、	go-zonji deshō ga	ごぞんじ でしょう が
Phone_Ring_Pierre	では最高品質の種や作物を取りそろえています。#$b#	de wa saikō hinshitsu no tane ya sakumotsu o torisoroete imasu	で は さいこう ひんしつ の たね や さくもつ を とりそろえて います
Phone_Ring_Pierre	またお店でお会いできるのを楽しみにしています。	mata o-mise de o-ai dekiru no o tanoshimi ni shite imasu	また おみせ で おあい できる の を たのしみ に して います
Phone_Ring_RoboCaller	アナタハ、トウセン。	anata wa tōsen	アナタ は トーセン
Phone_Ring_RoboCaller	イツデモ、アナタヲ…	itsu demo anata o	イツ デモ アナタ を
Phone_Ring_RoboCaller	ドウゾ、メールシテ、アナタノ、クレジット、カードノ、バンゴウヲ。	dōzo mēru shite anata no kurejitto kādo no bangō o	ドーゾ メール シテ アナタ ノ クレジット カード ノ バンゴー を
Phone_Ring_RoboCaller	ジュウショハ、133、バンチ、ガンガードオリ、ズズ、シティ、	jūsho wa hyakusanjūsan banchi Gangā dōri Zuzu Shiti	ジューショ は ヒャクサンジューサン バンチ ガンガー ドーリ ズズ シティ
Phone_Ring_Vincent	ボクはヴィンセント。$3#$b#	boku wa Vinsento	ボク は ヴィンセント
Phone_Ring_Vincent	あなたの農場にブタさんはいる？$h#$b#	anata no nōjō ni buta-san wa iru	アナタ ノ ノージョー ニ ブタサン は イル
Phone_Ring_Vincent	わかった、もう行かなくちゃ！	wakatta mō ikanakucha	わかった もう いかなくちゃ
Phone_Robin_Closed	営業時間は午前9時から午後5時までです。	eigyō jikan wa gozen kuji kara gogo goji made desu	えいぎょう じかん は ごぜん くじ から ごご ごじ まで です
Phone_Robin_Closed	ご用がありましたら、	go-yō ga arimashitara	ごよう が ありましたら
Phone_Robin_Festival	今日はお休みです。	kyō wa o-yasumi desu	きょう は おやすみ です
Phone_Robin_Festival	ご不便をおかけしてスミマセン！	go-fuben o o-kake shite sumimasen	ゴフベン を オカケ シテ スミマセン
Phone_Robin_Open	やあ！	yā	やあ
Phone_Robin_Open	うん、今は営業中だよ…	un ima wa eigyōchū da yo	うん いま は えいぎょうちゅう だ よ
Phone_Robin_Open_Rare	あ、やあ	a yā	あ やあ
Phone_Robin_Open_Rare	ハニー、ドアを閉めておいてくれないか？	hanī doa o shimete oite kurenai ka	ハニー ドア を シメテ オイテ クレナイ カ
Phone_Robin_Open_Rare	今は仕事中なんだ。）	ima wa shigotochū nan da	いま は しごとちゅう なん だ
Phone_Robin_Open_Rare	うん、午後5時までは営業してるよ。	un gogo goji made wa eigyō shiteru yo	うん ごご ごじ まで は えいぎょう してる よ
Phone_Robin_Working	この数日は対応できません。	kono sūjitsu wa taiō dekimasen	この すうじつ は たいおう できません
Phone_Robin_Workout	今日は週に一度のエアロビクスクラブの日なので	kyō wa shū ni ichido no earobikusu kurabu no hi na node	キョー は シュー ニ イチド ノ エアロビクス クラブ ノ ヒ ナ ノデ
Phone_SelectNumber	番号を選択してください：	bangō o sentaku shite kudasai	ばんごう を せんたく して ください
PierreStockListDialogue	それは私の古い在庫リストじゃないですか！	sore wa watashi no furui zaiko risuto ja nai desu ka	ソレ は ワタシ ノ フルイ ザイコ リスト ジャ ナイ デス カ
PierreStockListDialogue	1年中、すべての季節のタネを在庫に加えることができるんです！#$b#	ichinenjū subete no kisetsu no tane o zaiko ni kuwaeru koto ga dekiru n desu	イチネンジュー スベテ ノ キセツ ノ タネ を ザイコ ニ クワエル コト ガ デキル ン デス
PierreStockListDialogue	持ってきてくれて本当にありがとうございます、	motte kite kurete hontō ni arigatō gozaimasu	もって きて くれて ほんとう に ありがとう ございます
Relative_Dad	父さん	tōsan	とうさん
Relative_EldestSon	長男	chōnan	ちょうなん
Relative_LittleBrother	弟	otōto	おとうと
Relative_Mom	母さん	kāsan	かあさん
Saloon_neutralEvent_2	行こう！	ikō	いこう
Saloon_neutralEvent_3	を渡すよ！	o watasu yo	を わたす よ
WipedMemory	ああ、	ā	ああ
WipedMemory	新しく越してきた牧場主さん？#$e#	atarashiku koshite kita bokujōnushi-san	あたらしく こして きた ぼくじょうぬしさん
WipedMemory	どこかで見たような…	dokoka de mita yō na	どこか で みた よう な
504#1	防御	bōgyo	ぼうぎょ
504#1	はうすいが、	wa usui ga	は うすい が
504#1	はオシャレ！	wa oshare	は オシャレ
505#1	を守ってくれる。	o mamotte kureru	を まもって くれる
507#1	を守る。	o mamoru	を まもる
507#6	作業用	sagyō yō	さぎょう よう
508#1	で補強されている。	de hokyō sarete iru	で ほきょう されて いる
509#1	を寒さ	o samusa	を さむさ
510#1	異常気象	ijō kishō	いじょう きしょう
512#1	溶岩	yōgan	ようがん
512#6	防火	bōka	ぼうか
514#1	むらさき色の光沢	murasaki iro no kōtaku	むらさき いろ の こうたく
514#1	は、	wa	は
515#1	の頂点。	no chōten	の ちょうてん
804#1	の愛を込めて	no ai o komete	の あい を こめて
804#1	100％堆肥です！	hyaku pāsento taihi desu	ひゃく ぱあせんと たいひ です
806#1	は純金製。	wa junkin sei	は じゅんきん せい
853#1	有名な	yūmei na	ゆうめい な
853#1	の道化師	no dōkeshi	の どうけし
853#1	魔法の靴。	mahō no kutsu	まほう の くつ
855#1	とても丈夫で	totemo jōbu de	とても じょうぶ で
878#1	をしっかり守ってくれる、	o shikkari mamotte kureru	を しっかり まもって くれる
Boiler Room/22#6	冒険者	bōkensha	ぼうけんしゃ
Bulletin Board/31#6	料理人	ryōrinin	りょうりにん
Bulletin Board/32#6	調査	chōsa	ちょうさ
Crafts Room/13#6	採集	saishū	さいしゅう
Crafts Room/14#6	採集	saishū	さいしゅう
Crafts Room/15#6	採集	saishū	さいしゅう
Crafts Room/16#6	採集	saishū	さいしゅう
Crafts Room/17#6	建築材料	kenchiku zairyō	けんちく ざいりょう
Crafts Room/19#6	採集	saishū	さいしゅう
Pantry/3#6	高品質な	kōhinshitsu na	こうひんしつ な
Pantry/5#6	加工品	kakōhin	かこうひん
Abigail0	しようね。$h	shiyō ne	しよう ね
Abigail1	牧場主	bokujōnushi	ぼくじょうぬし
Abigail1	と婚約かあ…	to kon'yaku kā	と こんやく かあ
Alex0	人生最高の気分	jinsei saikō no kibun	じんせい さいこう の きぶん
Alex1	牧場暮らし	bokujō gurashi	ぼくじょう ぐらし
Elliott0	牧場	bokujō	ぼくじょう
Elliott0	は作品の執筆	wa sakuhin no shippitsu	は さくひん の しっぴつ
Elliott0	にうってつけだろうね。	ni uttetsuke darō ne	に うってつけ だろう ね
Elliott0	ああ、	ā	ああ
Elliott1	すばらしい冒険	subarashii bōken	すばらしい ぼうけん
Elliott1	だろう！	darō	だろう
Elliott1	きみもそうだろ？$h#$e#	kimi mo sō daro	きみ も そう だろ
Elliott1	としてつかえそうだね。$l	to shite tsukaesō da ne	と して つかえそう だ ね
Emily0	ねえ、	nē	ねい
Emily1	のあいだには、	no aida ni wa	の あいだ に は
Haley0	やったあ！$h#$e#	yattā	やったあ
Haley1	にはいけないだろうけど、	ni wa ikenai darō kedo	に は いけない だろう けど
Haley1	だいじょうぶ。	daijōbu	だいじょうぶ
Haley1	牧場	bokujō	ぼくじょう
Haley1	を見なきゃいけないもんね。#$e#	o minakya ikenai mon ne	を みなきゃ いけない もん ね
Haley1	も牧場	mo bokujō	も ぼくじょう
Harvey0	ああ、	ā	ああ
Harvey0	すごいなあ！	sugoi nā	すごい なあ
Harvey0	ううっ、	ū	うう
Harvey0	緊張するなあ。$l#$e#	kinchō suru nā	きんちょう する なあ
Harvey0	きみの牧場	kimi no bokujō	きみ の ぼくじょう
Harvey1	ああ、	ā	ああ
Krobus0	を秘密にしておかなければいけない...	o himitsu ni shite okanakereba ikenai	を ひみつ に して おかなければ いけない
Krobus0	を受け入れないよ。	o ukeirenai yo	を うけいれない よ
Krobus1	同居する	dōkyo suru	どうきょ する
Krobus1	のはすごく変な人	no wa sugoku hen na hito	の は すごく へん な ひと
Krobus1	になるだろうね？	ni naru darō ne	に なる だろう ね
Krobus1	は家	wa ie	は いえ
Krobus1	を出ることができないだろう...	o deru koto ga dekinai darō	を でる こと が できない だろう
Leah1	牧場で暮らす	bokujō de kurasu	ぼくじょう で くらす
Maru1	牧場主	bokujōnushi	ぼくじょうぬし
Maru1	をしなきゃね。	o shinakya ne	を しなきゃ ね
Penny1	牧場に住んだら、	bokujō ni sundara	ぼくじょう に すんだら
Penny1	こんなふうに想ってくれる	konna fū ni omotte kureru	こんな ふう に おもって くれる
Sebastian0	は牧場で暮らしてるんだな。	wa bokujō de kurashiteru n da na	は ぼくじょう で くらしてる ん だ な
Sebastian0	まあ、	mā	まあ
Sebastian1	は、	wa	は
Sebastian1	とは思ってなかったよ。$l#$e#	to wa omottenakatta yo	と は おもってなかった よ
Shane0	ほんとうはぜんぶ、	hontō wa zenbu	ほんとう は ぜんぶ
Shane0	なんじゃねえかってな。#$e#	na n ja nē ka tte na	な ん じゃ ねい か って な
Shane0	実際信じられねえよ。	jissai shinjirarenē yo	じっさい しんじられねい よ
Shane1	きょうはまだ1杯も	kyō wa mada ippai mo	きょう は まだ いっぱい も
Birdie0	とは思っていなかったの。	to wa omotte inakatta no	と は おもって いなかった の
Birdie0	でも来てくれて嬉しいわ！	demo kite kurete ureshii wa	でも きて くれて うれしい は
Birdie1	を築いていた	o kizuite ita	を きずいて いた
Birdie1	に入ったことはある？	ni haitta koto wa aru	に はいった こと は ある
Birdie1	そこには彼ら	soko ni wa karera	そこ に は かれら
Birdie12	（はぁ）	hā	はあ
Birdie12	限りない可能性	kagirinai kanōsei	かぎりない かのうせい
Birdie12	を生きるため	o ikiru tame	を いきる ため
Birdie12	それが出来たかどうか	sore ga dekita ka dō ka	それ が できた か どう か
Birdie12	は誰にも分からない。$s#$b#	wa dare ni mo wakaranai	は だれ に も わからない
Birdie15	食べ物の採集…	tabemono no saishū	たべもの の さいしゅう
Birdie15	食生活はバッチリよ！	shokuseikatsu wa batchiri yo	ショクセイカツ は バッチリ ヨ
Birdie17	一年中	ichinen jū	いちねん じゅう
Birdie17	暖かくて気持ちのいい気候…	atatakakute kimochi no ii kikō	あたたかくて きもち の いい きこう
Birdie17	ここは私	koko wa watashi	ここ は わたし
Birdie17	にとって最高の場所よ…	ni totte saikō no basho yo	に とって さいこう の ばしょ よ
Birdie19	を見たことがある？	o mita koto ga aru	を みた こと が ある
Birdie19	を持っていたら、	o motte itara	を もって いたら
Birdie19	様子を見るわ…	yōsu o miru wa	ようす を みる は
Birdie2	胃の調子	i no chōshi	い の ちょうし
Birdie2	を一口食べたら	o hitokuchi tabetara	を ひとくち たべたら
Birdie22	今日はとっても元気そうね！$h	kyō wa tottemo genki sō ne	きょう は とっても げんき そう ね
Birdie23	もう波の音でさえ	mō nami no oto de sae	もう なみ の おと で さえ
Birdie23	聞こえなくなってしまったわ…	kikoenaku natte shimatta wa	きこえなく なって しまった は
Birdie28	今夜は満月よ…	kon'ya wa mangetsu yo	こんや は まんげつ よ
Birdie28	とにかく気を付けてね。	tonikaku ki o tsukete ne	とにかく き を つけて ね
Birdie3	には行ってみた？	ni wa itte mita	に は いって みた
Birdie3	はとっても素敵な香りなのよ…	wa tottemo suteki na kaori na no yo	は とっても すてき な かおり な の よ
Birdie4	朝食にはポイ	chōshoku ni wa poi	チョーショク ニ は ポイ
Birdie4	を食べて	o tabete	を たべて
Birdie4	を飲むの。	o nomu no	を のむ の
Birdie5	毎日浜辺を散歩しているわ。	mainichi hamabe o sanpo shite iru wa	まいにち はまべ を さんぽ して いる は
Birdie6	は小さいけけど、	wa chiisai kekedo	は ちいさい けけど
Birdie6	これで十分なの。	kore de jūbun na no	これ で じゅうぶん な の
Birdie_NoGift	贈物なんて受け取れないわ。	okurimono nante uketorenai wa	おくりもの なんて うけとれない は
Birdie_NoGift	それはあなたが持っていて。	sore wa anata ga motte ite	それ は あなた が もって いて
Clint_NoInventorySpace	なぁ、 	nā	なあ
Clint_NoInventorySpace	の 強化は 終わったが、 	no kyōka wa owatta ga	の きょうか は おわった が
Clint_StillWorking	をアップグレードし終わってないんだ。	o appugurēdo shiowattenai n da	を アップグレード シオワッテナイ ン ダ
Clint_StillWorking	もうちょっと待っててくれ。	mō chotto mattete kure	もう ちょっと まってて くれ
Farm_RobinWorking1	は、	wa	は
Farm_RobinWorking1	それまで牧場にいるけど、	sore made bokujō ni iru kedo	それ まで ぼくじょう に いる けど
Farm_RobinWorking1	は気にしないでね。	wa ki ni shinaide ne	は き に しないで ね
Farm_RobinWorking2	は、	wa	は
Farm_RobinWorking_ReadyTomorrow	は明日には完成するよ！	wa ashita ni wa kansei suru yo	は あした に は かんせい する よ
Gunther_MuseumComplete	本当に 	hontō ni	ほんとう に
Gunther_NoArtifactsFound	やあ！ 	yā	やあ
Gunther_NoArtifactsFound	へ よく来てくれた。#$b#	e yoku kite kureta	へ よく きて くれた
Gunther_NoArtifactsFound	を 丸々持ち逃げ 	o marumaru mochinige	を まるまる もちにげ
Gunther_NoArtifactsFound	何とかなるだろう！ 	nan toka naru darō	なん とか なる だろう
Gunther_NoArtifactsFound	もし 貴重な 	moshi kichō na	もし きちょう な
Gunther_NoArtifactsFound	や 鉱物	ya kōbutsu	や こうぶつ
Gunther_NoArtifactsFound	を 見つけたら… 	o mitsuketara	を みつけたら
Gunther_NothingToDonate	どうやら、 	dōyara	どうやら
Gunther_NothingToDonate	寄付できそうな 	kifu dekisō na	きふ できそう な
Gunther_NothingToDonate	を なに1つ 	o nani hitotsu	を なに ひとつ
Gunther_NothingToDonate	にでも 出たら どうだ？	ni demo detara dō da	に でも でたら どう だ
Island_leo_rescue	どうやら生きてるみたいだね。$u#$b#	dōyara ikiteru mitai da ne	どうやら いきてる みたい だ ね
Island_leo_rescue	キミを見つけた	kimi o mitsuketa	キミ を ミツケタ
Island_leo_rescue	危なそうだ	abunasō da	あぶなそう だ
Island_leo_rescue	外では十分気を付けてね。	soto de wa jūbun ki o tsukete ne	そと で は じゅうぶん き を つけて ね
Island_leo_rescue	もう悲しい思いはしたくないんだ…$s	mō kanashii omoi wa shitakunai n da	もう かなしい おもい は したくない ん だ
Island_willy_rescue	大丈夫か？	daijōbu ka	だいじょうぶ か
Island_willy_rescue	は岸に打ち上げられてたんだよ、	wa kishi ni uchiagerareteta n da yo	は きし に うちあげられてた ん だ よ
Island_willy_rescue	坊主。$s^	bōzu	ぼうず
Island_willy_rescue	は岸に打ち上げられてたんだよ、	wa kishi ni uchiagerareteta n da yo	は きし に うちあげられてた ん だ よ
Island_willy_rescue	嬢ちゃん。$s#$b#	jōchan	じょうちゃん
Island_willy_rescue	本当に心配したんだぞ…	hontō ni shinpai shita n da zo	ほんとう に しんぱい した ん だ ぞ
Island_willy_rescue	もう少し気を付けるんだ…$s#$b#	mō sukoshi ki o tsukeru n da	もう すこし き を つける ん だ
Island_willy_rescue	この島は安全ではないからな。	kono shima wa anzen de wa nai kara na	この しま は あんぜん で は ない から な
LostItemQuest_DefaultThankYou	ありがとう。	arigatō	ありがとう
Mines_PlayerKilled_Clint	鉱山で気絶してたぞ。	kōzan de kizetsu shiteta zo	こうざん で きぜつ してた ぞ
Mines_PlayerKilled_Clint	あんたをずっとここまで運んできたもんだから、	anta o zutto koko made hakonde kita mon da kara	あんた を ずっと ここ まで はこんで きた もん だ から
Mines_PlayerKilled_Clint	すっかり腰を痛めちまったよ。#$b#	sukkari koshi o itamechimatta yo	すっかり こし を いためちまった よ
Mines_PlayerKilled_Clint	こんどはもっと気を付けろよ、	kondo wa motto ki o tsukero yo	こんど は もっと き を つけろ よ
Mines_PlayerKilled_Linus	…君は鉱山の中でたおれていたんだよ。	kimi wa kōzan no naka de taorete ita n da yo	きみ は こうざん の なか で たおれて いた ん だ よ
Mines_PlayerKilled_Linus	わたしが通りがかって！#$b#	watashi ga tōrigakatte	わたし が とうりがかって
Mines_PlayerKilled_Linus	次からはもっと気をつけるんだよ？$s	tsugi kara wa motto ki o tsukeru n da yo	つぎ から は もっと き を つける ん だ よ
Mines_PlayerKilled_Maru_NotSpouse	鉱山でたおれてたんだよ。	kōzan de taoreteta n da yo	こうざん で たおれてた ん だ よ
Mines_PlayerKilled_Maru_NotSpouse	鉱石を取りに鉱山に入ってたんだけど、	kōseki o tori ni kōzan ni haitteta n da kedo	こうせき を とり に こうざん に はいってた ん だ けど
Mines_PlayerKilled_Maru_NotSpouse	あとちょっとであなたの頭を踏みつけるところだったよ！#$b#	ato chotto de anata no atama o fumitsukeru tokoro datta yo	あと ちょっと で あなた の あたま を ふみつける ところ だった よ
Mines_PlayerKilled_Maru_NotSpouse	こんど鉱山に入るときは、	kondo kōzan ni hairu toki wa	こんど こうざん に はいる とき は
Mines_PlayerKilled_Maru_NotSpouse	もっと注意してね。$s	motto chūi shite ne	もっと ちゅうい して ね
Mines_PlayerKilled_Maru_Spouse	鉱山でたおれてたんだよ。	kōzan de taoreteta n da yo	こうざん で たおれてた ん だ よ
Mines_PlayerKilled_Maru_Spouse	こんど鉱山に行くときは、	kondo kōzan ni iku toki wa	こんど こうざん に いく とき は
Mines_PlayerKilled_Maru_Spouse	もっと注意してね。$s	motto chūi shite ne	もっと ちゅうい して ね
Mines_PlayerKilled_Robin	…鉱山に行ったら、	kōzan ni ittara	こうざん に いったら
Mines_PlayerKilled_Robin	気をうしなってるあなたを見つけたんだ。	ki o ushinatteru anata o mitsuketa n da	き を うしなってる あなた を みつけた ん だ
Mines_PlayerKilled_Robin	と見まちがえて通りすぎるとこだったよ！#$b#	to mimachigaete tōrisugiru toko datta yo	と みまちがえて とうりすぎる とこ だった よ
Mines_PlayerKilled_Robin	次からはもっと気をつけなよ。	tsugi kara wa motto ki o tsukena yo	つぎ から は もっと き を つけな よ
Mines_PlayerKilled_Spouse_PlayerFemale	たおれてるところを見つけたときはほんと、	taoreteru tokoro o mitsuketa toki wa honto	たおれてる ところ を みつけた とき は ほんと
Mines_PlayerKilled_Spouse_PlayerFemale	心臓発作が起きるんじゃないかと思った…$a	shinzō hossa ga okiru n ja nai ka to omotta	しんぞう ほっさ が おきる ん じゃ ない か と おもった
Mines_PlayerKilled_Spouse_PlayerMale	たおれてるところを見つけたときはもう、	taoreteru tokoro o mitsuketa toki wa mō	たおれてる ところ を みつけた とき は もう
MisterQi_PlayerClubMember	へ ようこそ。#$e#	e yōkoso	へ ようこそ
MisterQi_PlayerClubMember	は 招待したのだ。#$e#	wa shōtai shita no da	は しょうたい した の だ
MisterQi_PlayerClubMember	輝きとは 何か？ 	kagayaki to wa nani ka	かがやき と は なに か
MisterQi_PlayerClubMember	のような 人々	no yō na hitobito	の よう な ひとびと
MisterQi_PlayerClubMember	には、 	ni wa	に は
MisterQi_PlayerClubMember	に 常人とは異なる存在	ni jōjin to wa kotonaru sonzai	に じょうじん と は ことなる そんざい
MisterQi_PlayerClubMember	を 知らしめる 義務が ある。#$e#	o shirashimeru gimu ga aru	を しらしめる ぎむ が ある
MisterQi_PlayerClubMember	は 米の入った 皿だ。 	wa kome no haitta sara da	は こめ の はいった さら だ
MisterQi_PlayerClubMember	存在はするものの、 	sonzai wa suru mono no	そんざい は する もの の
MisterQi_PlayerClubMember	その価値は まったく無い。 	sono kachi wa mattaku nai	その かち は まったく ない
MisterQi_PlayerClubMember	あの 古い鉱山	ano furui kōzan	あの ふるい こうざん
MisterQi_PlayerClubMember	に ものを 入れているか 	ni mono o irete iru ka	に もの を いれて いる か
MisterQi_PlayerClubMember	気になったことは あるかね？ 	ki ni natta koto wa aru ka ne	き に なった こと は ある か ね
MisterQi_PlayerClubMember	は 人々	wa hitobito	は ひとびと
MisterQi_PlayerClubMember	を あたえるのが 好きなのだ。#$e# 	o ataeru no ga suki na no da	を あたえる の が すき な の だ
MisterQi_PlayerClubMember	にも わかるだろう。 	ni mo wakaru darō	に も わかる だろう
MisterQi_PlayerClubMember	ベストを 尽くしたまえ。	besuto o tsukushi tamae	ベスト を ツクシ タマエ
Morris_BuyMovieTheater	は、	wa	は
Morris_BuyMovieTheater	を承認しました。	o shōnin shimashita	を しょうにん しました
Morris_BuyMovieTheater	を支えたいと思っている	o sasaetai to omotte iru	を ささえたい と おもって いる
Morris_BuyMovieTheater	投資家	tōshika	とうしか
Morris_BuyMovieTheater	だけが必要です！	dake ga hitsuyō desu	だけ が ひつよう です
Morris_BuyMovieTheater	当然、	tōzen	とうぜん
Morris_BuyMovieTheater	はあなたに目を向けます...	wa anata ni me o mukemasu	は あなた に め を むけます
Morris_BuyMovieTheater	を小規模の投資	o shōkibo no tōshi	を しょうきぼ の とうし
Morris_BuyMovieTheater	で実現可能です...	de jitsugen kanō desu	で じつげん かのう です
Morris_ComeBackLater	に ついては、 	ni tsuite wa	に ついて は
Morris_ComeBackLater	話し合いましょう…  	hanashiaimashō	はなしあいましょう
Morris_ComeBackLater	を 持ってくること	o motte kuru koto	を もって くる こと
Morris_ComeBackLater	を 忘れないでくださいね。 	o wasurenaide kudasai ne	を わすれないで ください ね
Morris_CommunityDevelopmentForm_PlayerFemale	を お持ちしましたが、 	o o-mochi shimashita ga	を おもち しました が
Morris_CommunityDevelopmentForm_PlayerMale	を お持ちしましたが、 	o o-mochi shimashita ga	を おもち しました が
Morris_FirstGreeting	へようこそ！	e yōkoso	へ ようこそ
Morris_FirstGreeting	本日はご機嫌いかがでしょうか。#$b#	honjitsu wa go-kigen ikaga deshō ka	ほんじつ は ごきげん いかが でしょう か
Morris_FirstGreeting	は現在、	wa genzai	は げんざい
Morris_FirstGreeting	の準備をしております。	no junbi o shite orimasu	の じゅんび を して おります
Morris_FirstGreeting	登録の機会	tōroku no kikai	とうろく の きかい
Morris_FirstGreeting	をどうぞお見逃しなく！	o dōzo o-minogashi naku	を どうぞ おみのがし なく
Morris_FirstGreeting_CommunityCenterComplete	へようこそ！	e yōkoso	へ ようこそ
Morris_FirstGreeting_CommunityCenterComplete	ご機嫌はいかがですか？#$b#	go-kigen wa ikaga desu ka	ごきげん は いかが です か
Morris_FirstGreeting_CommunityCenterComplete	申し訳ありませんが、	mōshiwake arimasen ga	もうしわけ ありません が
Morris_FirstGreeting_CommunityCenterComplete	は現在利用できません。	wa genzai riyō dekimasen	は げんざい りよう できません
Morris_FirstGreeting_MembershipAvailable	へようこそ！	e yōkoso	へ ようこそ
Morris_FirstGreeting_MembershipAvailable	本日はご機嫌いかがでしょうか。#$b#	honjitsu wa go-kigen ikaga deshō ka	ほんじつ は ごきげん いかが でしょう か
Morris_FirstGreeting_MembershipAvailable	にご登録いただければ、	ni go-tōroku itadakereba	に ごとうろく いただければ
Morris_FirstGreeting_MembershipAvailable	をお手伝いいたします…	o o-tetsudai itashimasu	を おてつだい いたします
Morris_FirstGreeting_MembershipAvailable	有料で。#$b#	yūryō de	ゆうりょう で
Morris_FirstGreeting_MembershipAvailable	ああ、	ā	ああ
Morris_FirstGreeting_MembershipAvailable	そういえば…	sō ieba	そう いえば
Morris_FirstGreeting_MembershipAvailable	は、	wa	は
Morris_FirstGreeting_MembershipAvailable	会員に登録したら、	kaiin ni tōroku shitara	かいいん に とうろく したら
Morris_FirstGreeting_MembershipAvailable	あの古い公民館	ano furui kōminkan	あの ふるい こうみんかん
Morris_FirstGreeting_MembershipAvailable	を売却して	o baikyaku shite	を ばいきゃく して
Morris_FirstGreeting_MembershipAvailable	Joja社の倉庫	Joja sha no sōko	Joja しゃ の そうこ
Morris_FirstGreeting_MembershipAvailable	すばらしいでしょう？#$q -1 -1#	subarashii deshō	すばらしい でしょう
Morris_FirstGreeting_MembershipAvailable	会員登録	kaiin tōroku	かいいん とうろく
Morris_FirstGreeting_MembershipAvailable	には{0}G	ni wa	に は
Morris_FirstGreeting_MembershipAvailable	が必要です。	ga hitsuyō desu	が ひつよう です
Morris_FirstGreeting_MembershipAvailable	登録なさいますか？#$r -1 -1 Yes#	tōroku nasaimasu ka	とうろく なさいます か
Morris_FirstGreeting_SecondPlayer	へようこそ！	e yōkoso	へ ようこそ
Morris_FirstGreeting_SecondPlayer	本日はご機嫌いかがでしょうか。#$b#	honjitsu wa go-kigen ikaga deshō ka	ほんじつ は ごきげん いかが でしょう か
Morris_FirstGreeting_SecondPlayer	はほかの方	wa hoka no kata	は ほか の かた
Morris_FirstGreeting_SecondPlayer	とご一緒に牧場	to go-issho ni bokujō	と ごいっしょ に ぼくじょう
Morris_FirstGreeting_SecondPlayer	へお住まいのようですね…	e o-sumai no yō desu ne	へ おすまい の よう です ね
Morris_FirstGreeting_SecondPlayer	申しわけございませんが、	mōshiwake gozaimasen ga	もうしわけ ございません が
Morris_FirstGreeting_SecondPlayer	会員登録していただける	kaiin tōroku shite itadakeru	かいいん とうろく して いただける
Morris_FirstGreeting_SecondPlayer	のはご自宅の家主様	no wa go-jitaku no yanushi-sama	の は ごじたく の やぬしさま
Morris_Greeting	へ ようこそ！ 	e yōkoso	へ ようこそ
Morris_Greeting	調子は いかがですか？#$b#	chōshi wa ikaga desu ka	ちょうし は いかが です か
Morris_Greeting	は モーリス、 	wa Mōrisu	は モーリス
Morris_Greeting	の担当でございます。#$b#	no tantō de gozaimasu	の たんとう で ございます
Morris_Greeting	に ご協力いたします。	ni go-kyōryoku itashimasu	に ごきょうりょく いたします
Morris_JojaCDConfirm	作業に 取り掛かるよう 	sagyō ni torikakaru yō	さぎょう に とりかかる よう
Morris_JojaCDConfirm	明日には 	ashita ni wa	あした に は
Morris_JojaCDConfirm	準備が できているでしょう。	junbi ga dekite iru deshō	じゅんび が できて いる でしょう
Morris_NoMoreCD	ああ！	ā	ああ
Morris_NoMoreCD	現時点で利用できる	genjiten de riyō dekiru	げんじてん で りよう できる
Morris_NoMoreCD	はありません。	wa arimasen	は ありません
Morris_PlayerSignedUp	へ ようこそ！ 	e yōkoso	へ ようこそ
Morris_PlayerSignedUp	に ついては、 	ni tsuite wa	に ついて は
Morris_PlayerSignedUp	話し合いましょう…  	hanashiaimashō	はなしあいましょう
Morris_PlayerSignedUp	を 忘れないように してくださいね！	o wasurenai yō ni shite kudasai ne	を わすれない よう に して ください ね
Morris_PlayerSignedUp	それでは、 	sore de wa	それ で は
Morris_PlayerSignedUp	あの 古ぼけた 公民館	ano furuboketa kōminkan	あの ふるぼけた こうみんかん
Morris_PlayerSignedUp	聞いてみましょう…	kiite mimashō	きいて みましょう
Morris_StillProcessingOrder	は現在、 	wa genzai	は げんざい
Morris_StillProcessingOrder	が 完了してから 	ga kanryō shite kara	が かんりょう して から
Morris_StillProcessingOrder	もう一度 お越しください。	mō ichido o-koshi kudasai	もう いちど おこし ください
Morris_TheaterBought	というのは...	to iu no wa	と いう の は
Morris_TheaterBought	優秀だ！	yūshū da	ゆうしゅう だ
Morris_TheaterBought	は今夜新しい建物の作業	wa kon'ya atarashii tatemono no sagyō	は こんや あたらしい たてもの の さぎょう
Morris_TheaterBought	を開始します！	o kaishi shimasu	を かいし します
Morris_TheaterBought	を支えてくれて	o sasaete kurete	を ささえて くれて
Morris_TheaterBought	ありがとう。	arigatō	ありがとう
Morris_WeekendGreeting	へようこそ！	e yōkoso	へ ようこそ
Morris_WeekendGreeting	週末はいかがおすごしですか？#$b#	shūmatsu wa ikaga o-sugoshi desu ka	しゅうまつ は いかが おすごし です か
Morris_WeekendGreeting	は現在、	wa genzai	は げんざい
Morris_WeekendGreeting	の準備をしております。	no junbi o shite orimasu	の じゅんび を して おります
Morris_WeekendGreeting	登録の機会	tōroku no kikai	とうろく の きかい
Morris_WeekendGreeting	をどうぞお見逃しなく！	o dōzo o-minogashi naku	を どうぞ おみのがし なく
Morris_WeekendGreeting_CommunityCenterComplete	へようこそ！	e yōkoso	へ ようこそ
Morris_WeekendGreeting_CommunityCenterComplete	週末はいかがですか？#$b#	shūmatsu wa ikaga desu ka	しゅうまつ は いかが です か
Morris_WeekendGreeting_CommunityCenterComplete	申し訳ありませんが、	mōshiwake arimasen ga	もうしわけ ありません が
Morris_WeekendGreeting_CommunityCenterComplete	は現在利用できません。	wa genzai riyō dekimasen	は げんざい りよう できません
Morris_WeekendGreeting_MembershipAvailable	へようこそ！	e yōkoso	へ ようこそ
Morris_WeekendGreeting_MembershipAvailable	週末はいかがおすごしですか？#$b#	shūmatsu wa ikaga o-sugoshi desu ka	しゅうまつ は いかが おすごし です か
Morris_WeekendGreeting_MembershipAvailable	にご登録いただければ、	ni go-tōroku itadakereba	に ごとうろく いただければ
Morris_WeekendGreeting_MembershipAvailable	をお手伝いいたします…	o o-tetsudai itashimasu	を おてつだい いたします
Morris_WeekendGreeting_MembershipAvailable	有料で。#$b#	yūryō de	ゆうりょう で
Morris_WeekendGreeting_MembershipAvailable	ああ、	ā	ああ
Morris_WeekendGreeting_MembershipAvailable	そういえば…	sō ieba	そう いえば
Morris_WeekendGreeting_MembershipAvailable	は、	wa	は
Morris_WeekendGreeting_MembershipAvailable	会員に登録したら、	kaiin ni tōroku shitara	かいいん に とうろく したら
Morris_WeekendGreeting_MembershipAvailable	あの古い公民館	ano furui kōminkan	あの ふるい こうみんかん
Morris_WeekendGreeting_MembershipAvailable	を売却して	o baikyaku shite	を ばいきゃく して
Morris_WeekendGreeting_MembershipAvailable	Joja社の倉庫	Joja sha no sōko	Joja しゃ の そうこ
Morris_WeekendGreeting_MembershipAvailable	すばらしいでしょう？#$q -1 -1#	subarashii deshō	すばらしい でしょう
Morris_WeekendGreeting_MembershipAvailable	会員登録	kaiin tōroku	かいいん とうろく
Morris_WeekendGreeting_MembershipAvailable	には{0}G	ni wa	に は
Morris_WeekendGreeting_MembershipAvailable	が必要です。	ga hitsuyō desu	が ひつよう です
Morris_WeekendGreeting_MembershipAvailable	登録なさいますか？#$r -1 -1 Yes#	tōroku nasaimasu ka	とうろく なさいます か
Morris_WeekendGreeting_SecondPlayer	へようこそ！	e yōkoso	へ ようこそ
Morris_WeekendGreeting_SecondPlayer	週末はいかがおすごしですか？#$b#	shūmatsu wa ikaga o-sugoshi desu ka	しゅうまつ は いかが おすごし です か
Morris_WeekendGreeting_SecondPlayer	はほかの方	wa hoka no kata	は ほか の かた
Morris_WeekendGreeting_SecondPlayer	とご一緒に牧場	to go-issho ni bokujō	と ごいっしょ に ぼくじょう
Morris_WeekendGreeting_SecondPlayer	へお住まいのようですね…	e o-sumai no yō desu ne	へ おすまい の よう です ね
Morris_WeekendGreeting_SecondPlayer	申しわけございませんが、	mōshiwake gozaimasen ga	もうしわけ ございません が
Morris_WeekendGreeting_SecondPlayer	会員登録していただける	kaiin tōroku shite itadakeru	かいいん とうろく して いただける
Morris_WeekendGreeting_SecondPlayer	のはご自宅の家主様	no wa go-jitaku no yanushi-sama	の は ごじたく の やぬしさま
NewChild_FirstChild	これからは、	kore kara wa	これ から は
NewChild_FirstChild	すごく恵まれてるよなあ。/	sugoku megumareteru yo nā	すごく めぐまれてる よ なあ
NewChild_FirstChild	これからは、	kore kara wa	これ から は
NewChild_SecondChild1	時がたつのって早いもんだなあ。/	toki ga tatsu no tte hayai mon da nā	とき が たつ の って はやい もん だ なあ
NewChild_SecondChild2	時がたつのって早いもんだなあ。/	toki ga tatsu no tte hayai mon da nā	とき が たつ の って はやい もん だ なあ
ProfessorSnail_Hint_820	を見たかい？	o mita kai	を みた かい
ProfessorSnail_Hint_820	その中には	sono naka ni wa	その なか に は
ProfessorSnail_Hint_821	この島では	kono shima de wa	この しま で は
ProfessorSnail_Hint_821	私が調べたところでは、	watashi ga shirabeta tokoro de wa	わたし が しらべた ところ で は
ProfessorSnail_Hint_821	多くの魚	ōku no sakana	おうく の さかな
ProfessorSnail_Hint_821	をついばんで遊んでいるようなんだ…	o tsuibande asonde iru yō na n da	を ついばんで あそんで いる よう な ん だ
ProfessorSnail_Hint_822	をしたら、	o shitara	を したら
ProfessorSnail_Hint_824	あの洞窟に閉じ込められる前は、	ano dōkutsu ni tojikomerareru mae wa	あの どうくつ に とじこめられる まえ は
ProfessorSnail_Hint_824	近くの小さな谷間を探索していたんだ。	chikaku no chiisa na tanima o tansaku shite ita n da	ちかく の ちいさ な たにま を たんさく して いた ん だ
ProfessorSnail_Hint_824	そこにはたくさんの化石があったんだ！	soko ni wa takusan no kaseki ga atta n da	そこ に は たくさん の かせき が あった ん だ
ProfessorSnail_Hint_824	それらを割って骨を探したいよ。	sorera o watte hone o sagashitai yo	それら を わって ほね を さがしたい よ
ProfessorSnail_Hint_825	土の中で何かがくねくねしているのを見つけたら、	tsuchi no naka de nanika ga kunekune shite iru no o mitsuketara	つち の なか で なにか が くねくね して いる の を みつけたら
ProfessorSnail_Hint_825	何が埋まっているかは分からないがね！	nani ga umatte iru ka wa wakaranai ga ne	なに が うまって いる か は わからない が ね
ProfessorSnail_Hint_827	ここには珍しい種類の洞窟コウモリが住んでいたんだ。	koko ni wa mezurashii shurui no dōkutsu kōmori ga sunde ita n da	ココ ニ は メズラシイ シュルイ ノ ドークツ コーモリ ガ スンデ イタ ン ダ
ProfessorSnail_Hint_827	猛烈な暑さにも耐えられるように順応していたらしい。	mōretsu na atsusa ni mo taerareru yō ni junnō shite ita rashii	もうれつ な あつさ に も たえられる よう に じゅんのう して いた らしい
ProfessorSnail_Hint_827	興味深いだろう？	kyōmibukai darō	きょうみぶかい だろう
ProfessorSnail_Hint_828	私の研究では、	watashi no kenkyū de wa	わたし の けんきゅう で は
ProfessorSnail_Hint_828	かつてこの島にはカエルの一種が住んでいたようなんだ。	katsute kono shima ni wa kaeru no isshu ga sunde ita yō na n da	カツテ コノ シマ ニ は カエル ノ イッシュ ガ スンデ イタ ヨー ナ ン ダ
ProfessorSnail_Hint_828	彼らは暗くて湿った、	karera wa kurakute shimetta	かれら は くらくて しめった
PurchasedItem_1_QualityHigh	ああ、	ā	ああ
PurchasedItem_1_QualityHigh	{1}{2}を買ったんだ。	o katta n da	を かった ん だ
PurchasedItem_1_QualityHigh	きのうの夜、	kinō no yoru	きのう の よる
PurchasedItem_1_QualityHigh	夕飯にして食べたんだけど…	yūhan ni shite tabeta n da kedo	ゆうはん に して たべた ん だ けど
PurchasedItem_1_QualityHigh	家じゅう{3}香りでいっぱいになって。	ie jū kaori de ippai ni natte	いえ じゅう かおり で いっぱい に なって
PurchasedItem_1_QualityHigh	品ぞろえを増やしてくれてうれしいな。#$e#	shinazoroe o fuyashite kurete ureshii na	しなぞろえ を ふやして くれて うれしい な
PurchasedItem_1_QualityHigh_Willy	{1} {2}を買ったんだ。	o katta n da	を かった ん だ
PurchasedItem_1_QualityHigh_Willy	あんなにフレッシュなものを見たことがない！#$b#	anna ni furesshu na mono o mita koto ga nai	アンナ ニ フレッシュ ナ モノ を ミタ コト ガ ナイ
PurchasedItem_1_QualityHigh_Willy	昨日の夕食用に調理して、	kinō no yūshoku yō ni chōri shite	きのう の ゆうしょく よう に ちょうり して
PurchasedItem_1_QualityHigh_Willy	{3}の香りが家中いっぱいに広がったんだ..	no kaori ga iejū ippai ni hirogatta n da	の かおり が いえじゅう いっぱい に ひろがった ん だ
PurchasedItem_1_QualityHigh_Willy	彼はあなたが自分で捕まえたと言ったよ...	kare wa anata ga jibun de tsukamaeta to itta yo	かれ は あなた が じぶん で つかまえた と いった よ
PurchasedItem_1_QualityHigh_Willy	感銘を受けたんだ！#$e#	kanmei o uketa n da	かんめい を うけた ん だ
PurchasedItem_1_QualityLow	ああ、	ā	ああ
PurchasedItem_1_QualityLow	{1}{2}を買ったんだ。	o katta n da	を かった ん だ
PurchasedItem_1_QualityLow	きのうの夜、	kinō no yoru	きのう の よる
PurchasedItem_1_QualityLow	夕飯にして食べたんだけど…	yūhan ni shite tabeta n da kedo	ゆうはん に して たべた ん だ けど
PurchasedItem_1_QualityLow	家じゅう{3}においでいっぱいになって。	ie jū nioi de ippai ni natte	いえ じゅう におい で いっぱい に なって
PurchasedItem_1_QualityLow	ピエールがどこからアレを仕入れてきたのか、	Piēru ga doko kara are o shiirete kita no ka	ピエール ガ ドコ カラ アレ を シイレテ キタ ノ カ
PurchasedItem_1_QualityLow_Willy	{1} {2}を買ったんだ。	o katta n da	を かった ん だ
PurchasedItem_1_QualityLow_Willy	彼はあなたが自分で捕まえたと言ったよ！#$b#	kare wa anata ga jibun de tsukamaeta to itta yo	かれ は あなた が じぶん で つかまえた と いった よ
PurchasedItem_1_QualityLow_Willy	昨日の夕食用に調理したんだ...	kinō no yūshoku yō ni chōri shita n da	きのう の ゆうしょく よう に ちょうり した ん だ
PurchasedItem_1_QualityLow_Willy	家中が{3}の香りでいっぱいでした。	iejū ga no kaori de ippai deshita	いえじゅう が の かおり で いっぱい でした
PurchasedItem_1_QualityLow_Willy	あなたがそれをどこで見つけたのか、	anata ga sore o doko de mitsuketa no ka	あなた が それ を どこ で みつけた の か
PurchasedItem_2_QualityHigh	そうだ…	sō da	そう だ
PurchasedItem_2_QualityHigh	たぶん牧場から仕入れられた	tabun bokujō kara shiirerareta	たぶん ぼくじょう から しいれられた
PurchasedItem_2_QualityHigh	{1}{2}を買ったよ…#$e#	o katta yo	を かった よ
PurchasedItem_2_QualityHigh	感動したよ。	kandō shita yo	かんどう した よ
PurchasedItem_2_QualityHigh_Jodi	そうだ、	sō da	そう だ
PurchasedItem_2_QualityHigh_Jodi	雑貨店に{1}{2}を売らなかった？	zakkaten ni o uranakatta	ざっかてん に を うらなかった
PurchasedItem_2_QualityHigh_Jodi	おばあちゃんの小屋のことを思い出したわ…	obāchan no koya no koto o omoidashita wa	おばあちゃん の こや の こと を おもいだした は
PurchasedItem_2_QualityHigh_Jodi_Willy	この前{1} {2}を魚屋に売った？	kono mae o sakanaya ni utta	この まえ を さかなや に うった
PurchasedItem_2_QualityHigh_Jodi_Willy	それを買ったと思うよ...#$e#	sore o katta to omou yo	それ を かった と おもう よ
PurchasedItem_2_QualityHigh_Willy	この前{1} {2}を魚屋に売った？	kono mae o sakanaya ni utta	この まえ を さかなや に うった
PurchasedItem_2_QualityHigh_Willy	それを買ったと思うよ...#$e#	sore o katta to omou yo	それ を かった と おもう よ
PurchasedItem_2_QualityHigh_Willy	感銘を受けたんだ。	kanmei o uketa n da	かんめい を うけた ん だ
PurchasedItem_2_QualityLow	そうだ…	sō da	そう だ
PurchasedItem_2_QualityLow	たぶん牧場から仕入れられた	tabun bokujō kara shiirerareta	たぶん ぼくじょう から しいれられた
PurchasedItem_2_QualityLow	{1}{2}を買ったよ…#$e#	o katta yo	を かった よ
PurchasedItem_2_QualityLow_Willy	この前{1} {2}を雑貨店に売った？	kono mae o zakkaten ni utta	この まえ を ざっかてん に うった
PurchasedItem_2_QualityLow_Willy	それを買ったと思うよ...#$e#	sore o katta to omou yo	それ を かった と おもう よ
PurchasedItem_2_QualityLow_Willy	それは一種の魚臭さだったけど、	sore wa isshu no sakanagusasa datta kedo	それ は いっしゅ の さかなぐささ だった けど
PurchasedItem_2_QualityLow_Willy	大丈夫。	daijōbu	だいじょうぶ
PurchasedItem_3_NonRude	きのうの夜買いものに行ったら、	kinō no yoru kaimono ni ittara	きのう の よる かいもの に いったら
PurchasedItem_3_NonRude_Willy	昨日の夜に買い物に行って、	kinō no yoru ni kaimono ni itte	きのう の よる に かいもの に いって
PurchasedItem_3_NonRude_Willy	{1} {2}をセールでたった{3} gで手に入れました。#$e#	o sēru de tatta de te ni iremashita	を セール デ タッタ デ テ ニ イレマシタ
PurchasedItem_3_NonRude_Willy	そのとんでもない値段を見逃すことはできなかったよ。	sono tondemonai nedan o minogasu koto wa dekinakatta yo	その とんでもない ねだん を みのがす こと は できなかった よ
PurchasedItem_3_QualityHigh_Rude	きのうの夜買いものに行ったら、	kinō no yoru kaimono ni ittara	きのう の よる かいもの に いったら
PurchasedItem_3_QualityHigh_Rude_Willy	昨日の夜に買い物に行って、	kinō no yoru ni kaimono ni itte	きのう の よる に かいもの に いって
PurchasedItem_3_QualityHigh_Rude_Willy	{1} {2}をセールでたった{3} gで手に入れました。#$e#	o sēru de tatta de te ni iremashita	を セール デ タッタ デ テ ニ イレマシタ
PurchasedItem_3_QualityHigh_Rude_Willy	実はかなり{4}だったよ。	jitsu wa kanari datta yo	じつ は かなり だった よ
PurchasedItem_3_QualityLow_Rude	きのうの夜買いものに行ったら、	kinō no yoru kaimono ni ittara	きのう の よる かいもの に いったら
PurchasedItem_3_QualityLow_Rude	道理で、	dōri de	どうり で
PurchasedItem_3_QualityLow_Rude	ピエールがあんなに安く{5}を売るわけだね…	Piēru ga anna ni yasuku o uru wake da ne	ピエール ガ アンナ ニ ヤスク を ウル ワケ ダ ネ
PurchasedItem_3_QualityLow_Rude_Willy	昨日の夜に買い物に行って、	kinō no yoru ni kaimono ni itte	きのう の よる に かいもの に いって
PurchasedItem_3_QualityLow_Rude_Willy	{1} {2}を「チャムバケット」セールでたった{3} gで手に入れました。#$e#	o chamu baketto sēru de tatta de te ni iremashita	を チャム バケット セール デ タッタ デ テ ニ イレマシタ
PurchasedItem_3_QualityLow_Rude_Willy	それは{4}だった！	sore wa datta	それ は だった
PurchasedItem_3_QualityLow_Rude_Willy	ウィリーが実質的に{5}を諦めたのも不思議ではないよ...	Wirī ga jisshitsuteki ni o akirameta no mo fushigi de wa nai yo	ウィリー ガ ジッシツテキ ニ を アキラメタ ノ モ フシギ デ は ナイ ヨ
PurchasedItem_4	{1}{2}をすすめてくれてね。#$e#	o susumete kurete ne	を すすめて くれて ね
PurchasedItem_4_Willy	彼はあなたが持ってきた{1} {2}を見せてくれたんだ。#$e#	kare wa anata ga motte kita o misete kureta n da	かれ は あなた が もって きた を みせて くれた ん だ
PurchasedItem_4_Willy	レモンを夕食用に少し調理して、	remon o yūshoku yō ni sukoshi chōri shite	レモン を ユーショク ヨー ニ スコシ チョーリ シテ
PurchasedItem_4_Willy	最高だ！$h	saikō da	さいこう だ
PurchasedItem_5_Cooking	ピエールの店でとびきりおいしい{2}を買ったんだ。#$b#	Piēru no mise de tobikiri oishii o katta n da	ピエール ノ ミセ デ トビキリ オイシイ を カッタ ン ダ
PurchasedItem_5_Cooking	ピエールが地元の材料をつかって自分でつくったんだって。	Piēru ga jimoto no zairyō o tsukatte jibun de tsukutta n datte	ピエール ガ ジモト ノ ザイリョー を ツカッテ ジブン デ ツクッタ ン ダッテ
PurchasedItem_5_Foraged	ピエールの店でとびきりおいしい{2}を買ったんだ。	Piēru no mise de tobikiri oishii o katta n da	ピエール ノ ミセ デ トビキリ オイシイ を カッタ ン ダ
PurchasedItem_5_Foraged	彼にそんな才能があったなんてね！	kare ni sonna sainō ga atta nante ne	かれ に そんな さいのう が あった なんて ね
PurchasedItem_5_VegetableOrFruit	ピエールの店でとびきりおいしい{2}を買ったんだ。#$b#	Piēru no mise de tobikiri oishii o katta n da	ピエール ノ ミセ デ トビキリ オイシイ を カッタ ン ダ
PurchasedItem_5_VegetableOrFruit	彼に農業の才能があったなんてね！$h#$b#	kare ni nōgyō no sainō ga atta nante ne	かれ に のうぎょう の さいのう が あった なんて ね
PurchasedItem_Abigail_QualityHigh	ねえ、	nē	ねい
PurchasedItem_Abigail_QualityHigh	きのうあなたがお店で売ってくれた{2}、	kinō anata ga o-mise de utte kureta	きのう あなた が おみせ で うって くれた
PurchasedItem_Abigail_QualityHigh	きのうの夕飯に出たんだけどね…	kinō no yūhan ni deta n da kedo ne	きのう の ゆうはん に でた ん だ けど ね
PurchasedItem_Abigail_QualityHigh	パパは食べられずに捨てちゃってたよ。$h#$b#	papa wa taberarezu ni sutechatteta yo	パパ は タベラレズ ニ ステチャッテタ ヨ
PurchasedItem_Abigail_QualityLow	ねえ、	nē	ねい
PurchasedItem_Abigail_QualityLow	きのうあなたがお店で売った{2}、	kinō anata ga o-mise de utta	きのう あなた が おみせ で うった
PurchasedItem_Abigail_QualityLow	きのうの夕飯に出たんだけどね…	kinō no yūhan ni deta n da kedo ne	きのう の ゆうはん に でた ん だ けど ね
PurchasedItem_Abigail_QualityLow	パパは食べられずに捨てちゃってたよ。$h#$b#	papa wa taberarezu ni sutechatteta yo	パパ は タベラレズ ニ ステチャッテタ ヨ
PurchasedItem_Abigail_QualityLow	たまたまだとは思うけど、	tamatama da to wa omou kedo	たまたま だ と は おもう けど
PurchasedItem_Alex	よお、	yō	よう
PurchasedItem_Alex	きのうの夜さ、	kinō no yoru sa	きのう の よる さ
PurchasedItem_Alex	{1}{2}を店で買ってったんだ。	o mise de kattetta n da	を みせ で かってった ん だ
PurchasedItem_Alex	そしたらばあちゃん、	soshitara bāchan	そしたら ばあちゃん
PurchasedItem_Alex	うまいキャセロールをつくってくれてさ…	umai kyaserōru o tsukutte kurete sa	ウマイ キャセロール を ツクッテ クレテ サ
PurchasedItem_Caroline_QualityHigh	まあ、	mā	まあ
PurchasedItem_Caroline_QualityHigh	気まずいわね。	kimazui wa ne	きまずい は ね
PurchasedItem_Caroline_QualityHigh	肥料の材料にしちゃったのよ。$s#$b#	hiryō no zairyō ni shichatta no yo	ひりょう の ざいりょう に しちゃった の よ
PurchasedItem_Caroline_QualityHigh	ほんとにしあわせそうだったわ！	honto ni shiawase sō datta wa	ほんと に しあわせ そう だった は
PurchasedItem_Caroline_QualityLow	まあ、	mā	まあ
PurchasedItem_Caroline_QualityLow	気まずいわね。	kimazui wa ne	きまずい は ね
PurchasedItem_Caroline_QualityLow	肥料の材料にしちゃったのよ。$s#$b#	hiryō no zairyō ni shichatta no yo	ひりょう の ざいりょう に しちゃった の よ
PurchasedItem_Caroline_QualityLow	肥料の山全体からすごいにおいがしはじめたの。	hiryō no yama zentai kara sugoi nioi ga shihajimeta no	ひりょう の やま ぜんたい から すごい におい が しはじめた の
PurchasedItem_Caroline_QualityLow	ねえ、	nē	ねい
PurchasedItem_Elliott	ピエールが新鮮な{2}を仕入れてるのを見かけてね！	Piēru ga shinsen na o shiireteru no o mikakete ne	ピエール ガ シンセン ナ を シイレテル ノ を ミカケテ ネ
PurchasedItem_Elliott	いやあ、最高だったよ！	iyā saikō datta yo	いやあ さいこう だった よ
PurchasedItem_Haley	がきのうの夜、	ga kinō no yoru	が きのう の よる
PurchasedItem_Haley	{1}{2}を夕食に出してくれたんだけど…	o yūshoku ni dashite kureta n da kedo	を ゆうしょく に だして くれた ん だ けど
PurchasedItem_Haley	健康的な食事って好きじゃないのよね…$s	kenkōteki na shokuji tte suki ja nai no yo ne	けんこうてき な しょくじ って すき じゃ ない の よ ね
PurchasedItem_Leah	ピエールのお店で{1}{2}を買ったんだ。	Piēru no o-mise de o katta n da	ピエール ノ オミセ デ を カッタ ン ダ
PurchasedItem_Leah	ほんと相性最高だったよ。	honto aishō saikō datta yo	ほんと あいしょう さいこう だった よ
PurchasedItem_Pierre_QualityHigh	どうも、	dōmo	どうも
PurchasedItem_Pierre_QualityHigh	このあいだ売ってくれた{2}を覚えてますか？	kono aida utte kureta o oboetemasu ka	この あいだ うって くれた を おぼえてます か
PurchasedItem_Pierre_QualityHigh	わたしが海鮮醤をかけてやったら	watashi ga kaisenjan o kakete yattara	わたし が かいせんじゃん を かけて やったら
PurchasedItem_Pierre_QualityHigh	お互い商売に戻りましょうか。	o-tagai shōbai ni modorimashō ka	おたがい しょうばい に もどりましょう か
PurchasedItem_Pierre_QualityHigh_Willy	やぁ！	yā	やあ
PurchasedItem_Pierre_QualityHigh_Willy	この前{2}が持ってきたことを覚えてる？	kono mae ga motte kita koto o oboeteru	この まえ が もって きた こと を おぼえてる
PurchasedItem_Pierre_QualityHigh_Willy	昨日の夜キャビンでそれを焼いたんだ...#$b#	kinō no yoru kyabin de sore o yaita n da	キノー ノ ヨル キャビン デ ソレ を ヤイタ ン ダ
PurchasedItem_Pierre_QualityHigh_Willy	子供の時から食べてる最高級の魚だよ！$h	kodomo no toki kara tabeteru saikōkyū no sakana da yo	こども の とき から たべてる さいこうきゅう の さかな だ よ
PurchasedItem_Pierre_QualityLow	どうも、	dōmo	どうも
PurchasedItem_Pierre_QualityLow	このあいだ売ってくれた{2}を覚えてますか？	kono aida utte kureta o oboetemasu ka	この あいだ うって くれた を おぼえてます か
PurchasedItem_Pierre_QualityLow	大成功とはいかなかったですね。$s#$b#	daiseikō to wa ikanakatta desu ne	だいせいこう と は いかなかった です ね
PurchasedItem_Pierre_QualityLow	…まあ、…	mā	まあ
PurchasedItem_Pierre_QualityLow	お互い商売に戻りましょうか。	o-tagai shōbai ni modorimashō ka	おたがい しょうばい に もどりましょう か
PurchasedItem_Pierre_QualityLow_Willy	やぁ...	yā	やあ
PurchasedItem_Pierre_QualityLow_Willy	{2}をこの前売ったことを知ってる？	o kono mae utta koto o shitteru	を この まえ うった こと を しってる
PurchasedItem_Pierre_QualityLow_Willy	昨日の夜キャビンでそれを焼いたんだ...#$b#	kinō no yoru kyabin de sore o yaita n da	キノー ノ ヨル キャビン デ ソレ を ヤイタ ン ダ
PurchasedItem_Teen	ああ、	ā	ああ
PurchasedItem_Teen	きのうの夜、	kinō no yoru	きのう の よる
PurchasedItem_Teen	店で{2}を買ったよ。	mise de o katta yo	みせ で を かった よ
PurchasedItem_Teen	母さんが夕飯の材料を探してたからさ。	kāsan ga yūhan no zairyō o sagashiteta kara sa	かあさん が ゆうはん の ざいりょう を さがしてた から さ
Robin_HouseUpgrade_Accepted	ありがとう！ 	arigatō	ありがとう
Robin_HouseUpgrade_Accepted	作業をはじめるわね。 	sagyō o hajimeru wa ne	さぎょう を はじめる は ね
Robin_Instant	は すでに 完成品なの、	wa sude ni kanseihin na no	は すで に かんせいひん な の
Robin_NewConstruction	新しい{0}を建てはじめるね！$h	atarashii o tatehajimeru ne	あたらしい を たてはじめる ね
Robin_NewConstruction_Festival	お祭りがあるときには	o-matsuri ga aru toki ni wa	おまつり が ある とき に は
Robin_NewConstruction_Festival	いつも休みをとることにしてるから、 	itsumo yasumi o toru koto ni shiteru kara	いつも やすみ を とる こと に してる から
Robin_NewConstruction_Festival	新しい{0}はあさってから建てはじめるね！$h	atarashii wa asatte kara tatehajimeru ne	あたらしい は あさって から たてはじめる ね
Robin_PamUpgrade_Accepted	本当に やさしいのね！	hontō ni yasashii no ne	ほんとう に やさしい の ね
Robin_PamUpgrade_Accepted	改築は 明日から 始めるわ。	kaichiku wa ashita kara hajimeru wa	かいちく は あした から はじめる は
Robin_UpgradeConstruction	{1}の改築をはじめるね。$h	no kaichiku o hajimeru ne	の かいちく を はじめる ね
Robin_UpgradeConstruction_Festival	お祭りがあるときには	o-matsuri ga aru toki ni wa	おまつり が ある とき に は
Robin_UpgradeConstruction_Festival	いつも休みをとることにしてるから、 	itsumo yasumi o toru koto ni shiteru kara	いつも やすみ を とる こと に してる から
Robin_UpgradeConstruction_Festival	{1}の改築はあさってからはじめるね！$h	no kaichiku wa asatte kara hajimeru ne	の かいちく は あさって から はじめる ね
SeedShop_Abigail_Drawers	そこはプライベートだってば！$a	soko wa puraibēto da tte ba	ソコ は プライベート ダ ッテ バ
SummitEvent_Dialogue1B_Spouse	2人で色々な経験をして。$h	futari de iroiro na keiken o shite	ふたり で いろいろ な けいけん を して
SummitEvent_Dialogue1_Lewis	私はペリカンタウンの町長をずっと続けてきた。#$b#	watashi wa Perikan Taun no chōchō o zutto tsuzukete kita	ワタシ は ペリカン タウン ノ チョーチョー を ズット ツズケテ キタ
SummitEvent_Dialogue1_Lewis	私達は困難な時代と豊かな時代を過ごしてきた。	watashitachi wa konnan na jidai to yutaka na jidai o sugoshite kita	わたしたち は こんなん な じだい と ゆたか な じだい を すごして きた
SummitEvent_Dialogue1_Morris	私は自分のキャリアが後退したのだと考えました。#$b#	watashi wa jibun no kyaria ga kōtai shita no da to kangaemashita	ワタシ は ジブン ノ キャリア ガ コータイ シタ ノ ダ ト カンガエマシタ
SummitEvent_Dialogue1_Morris	ペリカンタウンのような小さな田舎町を支配したいと思うでしょうか？$h	Perikan Taun no yō na chiisa na inakamachi o shihai shitai to omou deshō ka	ペリカン タウン ノ ヨー ナ チイサ ナ イナカマチ を シハイ シタイ ト オモウ デショー カ
SummitEvent_Dialogue1_Spouse	この%year年間の事を考えてたんだ…	kono nenkan no koto o kangaeteta n da	この ねんかん の こと を かんがえてた ん だ
SummitEvent_Dialogue2_Lewis	私が市長になって以来、	watashi ga shichō ni natte irai	わたし が しちょう に なって いらい
SummitEvent_Dialogue2_Lewis	これほど誇りに思えることは無かったよ。	kore hodo hokori ni omoeru koto wa nakatta yo	これ ほど ほこり に おもえる こと は なかった よ
SummitEvent_Dialogue2_Lewis	%farm牧場は豊かになった。	bokujō wa yutaka ni natta	ぼくじょう は ゆたか に なった
SummitEvent_Dialogue2_Lewis	おじいさんの想像をこえる、	ojiisan no sōzō o koeru	おじいさん の そうぞう を こえる
SummitEvent_Dialogue2_Lewis	素晴らしい牧場を君は作り上げたんだよ。#$b#	subarashii bokujō o kimi wa tsukuriageta n da yo	すばらしい ぼくじょう を きみ は つくりあげた ん だ よ
SummitEvent_Dialogue2_Lewis	そして君はその過程で、	soshite kimi wa sono katei de	そして きみ は その かてい で
SummitEvent_Dialogue2_Lewis	谷に変化を与え続けてくれた。	tani ni henka o atae tsuzukete kureta	たに に へんか を あたえ つずけて くれた
SummitEvent_Dialogue2_Morris	この谷は何年もかけて本当に成長してきました。#$b#	kono tani wa nannen mo kakete hontō ni seichō shite kimashita	この たに は なんねん も かけて ほんとう に せいちょう して きました
SummitEvent_Dialogue2_Morris	今までとは違う生き方が見えてきたのです。	ima made to wa chigau ikikata ga miete kita no desu	いま まで と は ちがう いきかた が みえて きた の です
SummitEvent_Dialogue2_Morris	これは言いにくいのですが…	kore wa iinikui no desu ga	これ は いいにくい の です が
SummitEvent_Dialogue2_Morris	それは…	sore wa	それ は
SummitEvent_Dialogue3_Abigail	地平線を眺めていると…	chiheisen o nagamete iru to	ちへいせん を ながめて いる と
SummitEvent_Dialogue3_Abigail	出来ないことなんて無いって思えるわ。#$b#	dekinai koto nante nai tte omoeru wa	できない こと なんて ない って おもえる は
SummitEvent_Dialogue3_Abigail	あなたと一緒にこの世界を歩くことができて、	anata to issho ni kono sekai o aruku koto ga dekite	あなた と いっしょ に この せかい を あるく こと が できて
SummitEvent_Dialogue3_Alex	なりたい自分をやっと見つけたんだ…	naritai jibun o yatto mitsuketa n da	なりたい じぶん を やっと みつけた ん だ
SummitEvent_Dialogue3_Alex	俺は今のようになれなかったよ、	ore wa ima no yō ni narenakatta yo	おれ は いま の よう に なれなかった よ
SummitEvent_Dialogue3_Elliott	僕たちは頂上にたどり着いたんだ、	bokutachi wa chōjō ni tadoritsuita n da	ぼくたち は ちょうじょう に たどりついた ん だ
SummitEvent_Dialogue3_Elliott	まるで詩のようだね！$l	marude shi no yō da ne	まるで し の よう だ ね
SummitEvent_Dialogue3_Emily	これは特別な瞬間なの…#$b#	kore wa tokubetsu na shunkan na no	これ は とくべつ な しゅんかん な の
SummitEvent_Dialogue3_Emily	私にはずっと分かってたよ。	watashi ni wa zutto wakatteta yo	わたし に は ずっと わかってた よ
SummitEvent_Dialogue3_Emily	いつも心の中でそう感じていたの。#$b#	itsumo kokoro no naka de sō kanjite ita no	いつも こころ の なか で そう かんじて いた の
SummitEvent_Dialogue3_Harvey	僕は…	boku wa	ぼく は
SummitEvent_Dialogue3_Harvey	きみを本当に愛している。	kimi o hontō ni aishite iru	きみ を ほんとう に あいして いる
SummitEvent_Dialogue3_Leah	私達2人が探していたものを見つけられた気がするわ。#$b#	watashitachi futari ga sagashite ita mono o mitsukerareta ki ga suru wa	わたしたち ふたり が さがして いた もの を みつけられた き が する は
SummitEvent_Dialogue3_Leah	私はどこかに行きたいわけじゃない。	watashi wa dokoka ni ikitai wake ja nai	わたし は どこか に いきたい わけ じゃ ない
SummitEvent_Dialogue3_Leah	こうしてあなたと一緒にいたいの。$l	kō shite anata to issho ni itai no	こう して あなた と いっしょ に いたい の
SummitEvent_Dialogue3_Maru	あなたはここに引っ越してきてから、	anata wa koko ni hikkoshite kite kara	あなた は ここ に ひっこして きて から
SummitEvent_Dialogue3_Maru	たくさんの事をやりとげてきたよね、	takusan no koto o yaritogete kita yo ne	たくさん の こと を やりとげて きた よ ね
SummitEvent_Dialogue3_Maru	とても信じられないわ。"/pause 300/faceDirection Maru 3/pause 400/speak Maru "	totemo shinjirarenai wa	とても しんじられない は
SummitEvent_Dialogue3_Maru	きっと牧場主になる運命だったのよ！$h"	kitto bokujōnushi ni naru unmei datta no yo	きっと ぼくじょうぬし に なる うんめい だった の よ
SummitEvent_Dialogue3_Penny	私達には素敵な家があって、	watashitachi ni wa suteki na ie ga atte	わたしたち に は すてき な いえ が あって
SummitEvent_Dialogue3_Penny	それはずっと私が夢見てきたこと。	sore wa zutto watashi ga yumemite kita koto	それ は ずっと わたし が ゆめみて きた こと
SummitEvent_Dialogue3_Penny	それ以上のことなのよ。$l	sore ijō no koto na no yo	それ いじょう の こと な の よ
SummitEvent_Dialogue3_Sam	初めて会った時からはけっこう変わった気がするんだけど…	hajimete atta toki kara wa kekkō kawatta ki ga suru n da kedo	はじめて あった とき から は けっこう かわった き が する ん だ けど
SummitEvent_Dialogue3_Sam	どうかな？#$b#	dō ka na	どう か な
SummitEvent_Dialogue3_Sam	…お前はそういうのを「完熟度」って言うんだろ…	omae wa sō iu no o kanjukudo tte iu n daro	おまえ は そう いう の を かんじゅくど って いう ん だろ
SummitEvent_Dialogue3_Sam	今は、	ima wa	いま は
SummitEvent_Dialogue3_Sam	食料品を買ったり、	shokuryōhin o kattari	しょくりょうひん を かったり
SummitEvent_Dialogue3_Sam	オムツを変えたり…な…$10	omutsu o kaetari na	オムツ を カエタリ ナ
SummitEvent_Dialogue3_Sebastian	お前と会う前は、	omae to au mae wa	おまえ と あう まえ は
SummitEvent_Dialogue3_Sebastian	俺は現実から目を背けて過ごしていたんだ…	ore wa genjitsu kara me o somukete sugoshite ita n da	おれ は げんじつ から め を そむけて すごして いた ん だ
SummitEvent_Dialogue3_Sebastian	お前のおかげでこの世界もそれほど悪くないと思えるようになったんだ。$h"/faceDirection Sebastian 3/pause 500/speak Sebastian "	omae no okage de kono sekai mo sore hodo warukunai to omoeru yō ni natta n da	おまえ の おかげ で この せかい も それ ほど わるくない と おもえる よう に なった ん だ
SummitEvent_Dialogue3_Sebastian	俺がお前を愛してる理由のひとつなんだぜ…"	ore ga omae o aishiteru riyū no hitotsu na n da ze	おれ が おまえ を あいしてる りゆう の ひとつ な ん だ ぜ
SummitEvent_Dialogue3_Shane	おれは今ここにはいなかったよ。#$b#	ore wa ima koko ni wa inakatta yo	おれ は いま ここ に は いなかった よ
SummitEvent_Dialogue3_Shane	そうだったとしたら残念だよな、	sō datta to shitara zannen da yo na	そう だった と したら ざんねん だ よ な
SummitEvent_Dialogue3_Shane	ここでのバードウォッチングは最高だからな！$h"/emote farmer 16/pause 1000/speak Shane "	koko de no bādo wotchingu wa saikō da kara na	ココ デ ノ バード ヲッチング は サイコー ダ カラ ナ
SummitEvent_Dialogue3_Shane	はぁ…	hā	はあ
SummitEvent_Dialogue3_Shane	おれは…	ore wa	おれ は
SummitEvent_Dialogue3_Shane	冗談ばかり言ってるけど、	jōdan bakari itteru kedo	じょうだん ばかり いってる けど
SummitEvent_Dialogue3_Shane	それは…まあ…$s#$b#	sore wa mā	それ は まあ
SummitEvent_Dialogue3_Shane	心を開いたり自分の弱さを表に出さずに済むからなのかもしれない。"/emote Shane 28/speak Shane "	kokoro o hiraitari jibun no yowasa o omote ni dasazu ni sumu kara na no kamo shirenai	こころ を ひらいたり じぶん の よわさ を おもて に ださず に すむ から な の かも しれない
SummitEvent_Dialogue3_Shane	おまえと一緒に季節を過ごして、	omae to issho ni kisetsu o sugoshite	おまえ と いっしょ に きせつ を すごして
SummitEvent_Dialogue3_Shane	おれは少し自信が持てるようになったんだ。#$b#	ore wa sukoshi jishin ga moteru yō ni natta n da	おれ は すこし じしん が もてる よう に なった ん だ
SummitEvent_Dialogue3_Shane	おれが言いたいのは…#$b#	ore ga iitai no wa	おれ が いいたい の は
SummitEvent_Dialogue3_Shane	おまえとの結婚に少しも悔いはないってことだ！$h"	omae to no kekkon ni sukoshi mo kui wa nai tte koto da	おまえ と の けっこん に すこし も くい は ない って こと だ
SummitEvent_Intro2_Spouse	ここはとても美しいところだね…	koko wa totemo utsukushii tokoro da ne	ここ は とても うつくしい ところ だ ね
SummitEvent_Intro_Lewis	おお…	ō	おう
SummitEvent_Intro_Lewis	この景色を見てくれ。	kono keshiki o mite kure	この けしき を みて くれ
SummitEvent_Intro_Morris	ああ、	ā	ああ
SummitEvent_Intro_Spouse	やあ、	yā	やあ
SummitEvent_Outro_Lewis	君は気づいていないかもしれないが、	kimi wa kizuite inai kamo shirenai ga	きみ は きずいて いない かも しれない が
SummitEvent_Outro_Lewis	私はこの町をとても大切に思っているんだよ、	watashi wa kono machi o totemo taisetsu ni omotte iru n da yo	わたし は この まち を とても たいせつ に おもって いる ん だ よ
SummitEvent_Outro_Lewis	私はこの谷の将来を本当に心配していたんだ。$s#$b#	watashi wa kono tani no shōrai o hontō ni shinpai shite ita n da	わたし は この たに の しょうらい を ほんとう に しんぱい して いた ん だ
SummitEvent_Outro_Lewis	今はすっかり安心しているよ。#$b#	ima wa sukkari anshin shite iru yo	いま は すっかり あんしん して いる よ
SummitEvent_Outro_Lewis	町に引っ越してきた平凡な1人の牧場主が、	machi ni hikkoshite kita heibon na hitori no bokujōnushi ga	まち に ひっこして きた へいぼん な ひとり の ぼくじょうぬし が
SummitEvent_Outro_Lewis	あらゆる事を変えてしまうなんて誰が想像できただろう。$h#$b#	arayuru koto o kaete shimau nante dare ga sōzō dekita darō	あらゆる こと を かえて しまう なんて だれ が そうぞう できた だろう
SummitEvent_Outro_Lewis	…ありがとう。	arigatō	ありがとう
SummitEvent_Outro_Morris	私が言いたいのは、	watashi ga iitai no wa	わたし が いいたい の は
SummitEvent_Outro_Morris	私達の力の源は会員の皆様です。	watashitachi no chikara no minamoto wa kaiin no minasama desu	わたしたち の ちから の みなもと は かいいん の みなさま です
SummitEvent_Outro_Morris	あなたは模範的な行動と創意工夫を見せてくれました。	anata wa mohanteki na kōdō to sōi kufū o misete kuremashita	あなた は もはんてき な こうどう と そうい くふう を みせて くれました
SummitEvent_Outro_Morris	だからこそ私はこの会社で働くことに誇りを持てたのです。$h	dakara koso watashi wa kono kaisha de hataraku koto ni hokori o moteta no desu	だから こそ わたし は この かいしゃ で はたらく こと に ほこり を もてた の です
SummitEvent_closingmessage2	あなたは頂上を目指してチャレンジしてきました	anata wa chōjō o mezashite charenji shite kimashita	アナタ は チョージョー を メザシテ チャレンジ シテ キマシタ
SummitEvent_closingmessage3	そして偉業を成し遂げました！	soshite igyō o nashitogemashita	そして いぎょう を なしとげました
SummitEvent_closingmessage4	私達はここまでの道のりをずっと見ていたのです	watashitachi wa koko made no michinori o zutto mite ita no desu	わたしたち は ここ まで の みちのり を ずっと みて いた の です
SummitEvent_closingmessage5	あなたを誇りに思います！	anata o hokori ni omoimasu	あなた を ほこり に おもいます
Town_DumpsterDiveComment_Adult	…汚ないなぁ！$s	kitanai nā	きたない なあ
Wizard_Hatch	そこに立ち入ってよいのは、	soko ni tachiitte yoi no wa	そこ に たちいって よい の は
Bug#14	昆虫	konchū	こんちゅう
Lava Bat#14	溶岩	yōgan	ようがん
Lava Crab#14	溶岩	yōgan	ようがん
Lava Lurk#14	溶岩	yōgan	ようがん
Abigail#0	わあ、	wā	わあ
Abigail#0	って最高！	tte saikō	って さいこう
Abigail#2	ねえ、	nē	ねい
Abigail#2	を欲しがってる	o hoshigatteru	を ほしがってる
Abigail#2	ってどうしてわかったの？	tte dōshite wakatta no	って どうして わかった の
Abigail#4	どうしろっての？	dō shiro tte no	どう しろ って の
Alex#4	ありがとう。	arigatō	ありがとう
Caroline#0	これを…	kore o	これ を
Caroline#0	ああ、	ā	ああ
Caroline#0	なんてお礼を言ったらいいか。	nante o-rei o ittara ii ka	なんて おれい を いったら いい か
Caroline#2	ありがとう！	arigatō	ありがとう
Caroline#6	怒るわよ。	okoru wa yo	おこる は よ
Caroline#8	まあ、	mā	まあ
Caroline#8	ありがとう。	arigatō	ありがとう
Clint#0	そうそう！	sō sō	そう そう
Clint#2	ありがとう！	arigatō	ありがとう
Clint#4	はぁ…	hā	はあ
Demetrius#2	ありがとう！	arigatō	ありがとう
Demetrius#4	…これはなんだい？	kore wa nan dai	これ は なん だい
Demetrius#6	これはひどいな。	kore wa hidoi na	これ は ひどい な
Demetrius#8	ありがとう。	arigatō	ありがとう
Dwarf#0	ねえ、	nē	ねい
Dwarf#0	鉱山	kōzan	こうざん
Dwarf#2	ああ、	ā	ああ
Dwarf#2	を見てると	o miteru to	を みてる と
Dwarf#2	を思い出すよ。	o omoidasu yo	を おもいだす よ
Dwarf#6	はどうか知らないけど、	wa dō ka shiranai kedo	は どう か しらない けど
Dwarf#8	ありがとう。	arigatō	ありがとう
Elliott#0	ありがとう！	arigatō	ありがとう
Elliott#4	ではないなあ。	de wa nai nā	で は ない なあ
Elliott#8	ありがとう！	arigatō	ありがとう
Emily#0	ほんとにありがとう！	honto ni arigatō	ほんと に ありがとう
Emily#2	ありがとう！	arigatō	ありがとう
Emily#2	からは、	kara wa	から は
Emily#2	を感じるよ。	o kanjiru yo	を かんじる よ
Emily#6	を持ってる。	o motteru	を もってる
Emily#8	ありがとう！	arigatō	ありがとう
Evelyn#0	まあ…	mā	まあ
Evelyn#0	を喜ばせてくれて	o yorokobasete kurete	を よろこばせて くれて
Evelyn#0	ありがとうね。	arigatō ne	ありがとう ね
Evelyn#2	あらまあ、	ara mā	あら まあ
Evelyn#2	どうもご親切に。	dōmo go-shinsetsu ni	どうも ごしんせつ に
Evelyn#8	まあ、	mā	まあ
Evelyn#8	ありがとうねえ。	arigatō nē	ありがとう ねい
George#0	おお、	ō	おう
George#0	の好物じゃないか！	no kōbutsu ja nai ka	の こうぶつ じゃ ない か
George#0	ありがとうな。	arigatō na	ありがとう な
George#2	ありがとう。	arigatō	ありがとう
George#6	こいつは。	koitsu wa	こいつ は
George#6	ありがとうよ。	arigatō yo	ありがとう よ
Gus#0	これを…	kore o	これ を
Gus#0	ああ、	ā	ああ
Gus#0	なんてお礼を言ったらいいか。	nante o-rei o ittara ii ka	なんて おれい を いったら いい か
Gus#2	おお、	ō	おう
Gus#2	ありがとう！	arigatō	ありがとう
Gus#8	ありがとう。	arigatō	ありがとう
Haley#2	わあ…	wā	わあ
Harvey#0	わあ、	wā	わあ
Harvey#2	ありがとう！	arigatō	ありがとう
Harvey#4	健康に悪いんじゃないかな？	kenkō ni warui n ja nai ka na	けんこう に わるい ん じゃ ない か な
Harvey#8	親切にどうも。	shinsetsu ni dōmo	しんせつ に どうも
Jas#0	わあ…	wā	わあ
Jas#0	やったぁ！！	yattā	やったあ
Jas#0	ありがとう！$h	arigatō	ありがとう
Jas#6	やだぁ。$s	yadā	やだあ
Jas#8	ありがとう！	arigatō	ありがとう
Jodi#0	まあ、	mā	まあ
Jodi#2	ありがとう！	arigatō	ありがとう
Jodi#4	肥料の材料	hiryō no zairyō	ひりょう の ざいりょう
Jodi#8	まあ、	mā	まあ
Jodi#8	どうもご親切に！	dōmo go-shinsetsu ni	どうも ごしんせつ に
Kent#0	これは…！	kore wa	これ は
Kent#0	を思い出すよ。	o omoidasu yo	を おもいだす よ
Kent#0	ありがとう。	arigatō	ありがとう
Kent#2	へえ、	hē	へい
Kent#2	こいつはうれしいプレゼントだ。	koitsu wa ureshii purezento da	コイツ は ウレシイ プレゼント ダ
Kent#2	ありがとう。	arigatō	ありがとう
Kent#4	こいつはいったい…	koitsu wa ittai	こいつ は いったい
Kent#6	の捕りょ収容所で、	no horyo shūyōjo de	の ほりょ しゅうようじょ で
Kent#6	をよこされたんだ。	o yokosareta n da	を よこされた ん だ
Kent#6	は忘れたいんだがな。	wa wasuretai n da ga na	は わすれたい ん だ が な
Kent#8	親切にどうも。	shinsetsu ni dōmo	しんせつ に どうも
Kent#8	が気にいるだろう。	ga ki ni iru darō	が き に いる だろう
Krobus#0	こいつはすんごいプレゼントだねえ。	koitsu wa sungoi purezento da nē	コイツ は スンゴイ プレゼント ダ ネー
Krobus#0	にとっては、	ni totte wa	に とって は
Krobus#0	のはすごく名誉なこと	no wa sugoku meiyo na koto	の は すごく めいよ な こと
Krobus#2	やあ、	yā	やあ
Krobus#2	どうもありがとう。	dōmo arigatō	どうも ありがとう
Krobus#4	ってのは…	tte no wa	って の は
Krobus#4	をしてるんだねえ。	o shiteru n da nē	を してる ん だ ねい
Krobus#6	まあ、	mā	まあ
Krobus#6	いちおうもらっとくよ。	ichiō morattoku yo	いちおう もらっとく よ
Krobus#8	やあ、	yā	やあ
Krobus#8	ありがとう。	arigatō	ありがとう
Leah#0	わあ！	wā	わあ
Leah#0	ありがとう！	arigatō	ありがとう
Leah#2	わあ、	wā	わあ
Leah#2	ありがとう！	arigatō	ありがとう
Leah#4	まあ、	mā	まあ
Leah#6	ねえ、	nē	ねい
Leah#8	ありがとう。	arigatō	ありがとう
Leo#2	本当に？	hontō ni	ほんとう に
Leo#4	これは食べられるのかな…	kore wa taberareru no ka na	これ は たべられる の か な
Leo#8	は受け取ったよ。	wa uketotta yo	は うけとった よ
Lewis#0	おお、	ō	おう
Lewis#0	こいつは好物なんだ！	koitsu wa kōbutsu na n da	こいつ は こうぶつ な ん だ
Lewis#0	ありがとう！	arigatō	ありがとう
Lewis#2	ありがとう、	arigatō	ありがとう
Lewis#8	どうも、	dōmo	どうも
Linus#0	ああ、	ā	ああ
Linus#0	最高の気分だよ。	saikō no kibun da yo	さいこう の きぶん だ よ
Linus#2	をありがとう！	o arigatō	を ありがとう
Linus#4	どうもしっくりこないな。	dōmo shikkuri konai na	どうも しっくり こない な
Linus#6	を渡そうと？	o watasō to	を わたそう と
Linus#6	が好きだろう	ga suki darō	が すき だろう
Linus#8	をありがとう。	o arigatō	を ありがとう
Marnie#0	わあ、	wā	わあ
Marnie#0	ありがとう！！	arigatō	ありがとう
Marnie#2	ありがとう！	arigatō	ありがとう
Marnie#4	えっ…	e	へ
Marnie#4	いちおうもらっておくね。	ichiō moratte oku ne	いちおう もらって おく ね
Marnie#8	ありがとう！	arigatō	ありがとう
Maru#0	えっ、	e	へ
Maru#2	ありがとう！	arigatō	ありがとう
Maru#4	えっ…	e	へ
Maru#4	そう、	sō	そう
Maru#4	じゃあそのへんにおいとくね…	jā sono hen ni oitoku ne	じゃあ その へん に おいとく ね
Maru#8	ありがとう。	arigatō	ありがとう
Pam#0	こいつは上モノじゃないか。	koitsu wa jōmono ja nai ka	コイツ は ジョーモノ ジャ ナイ カ
Pam#6	このシロモノは？	kono shiromono wa	コノ シロモノ は
Pam#6	なにかの冗談かい？）	nanika no jōdan kai	なにか の じょうだん かい
Penny#0	ありがとう！	arigatō	ありがとう
Penny#2	ありがとう！	arigatō	ありがとう
Penny#4	…ありがとう。	arigatō	ありがとう
Penny#8	ありがとう。	arigatō	ありがとう
Pierre#0	ああ、	ā	ああ
Pierre#0	ありがとうございます！	arigatō gozaimasu	ありがとう ございます
Pierre#2	ご親切にありがとうございます。	go-shinsetsu ni arigatō gozaimasu	ごしんせつ に ありがとう ございます
Pierre#4	これは…	kore wa	これ は
Pierre#6	こいつはもう二度と	koitsu wa mō nido to	こいつ は もう にど と
Pierre#8	ありがとうございます！	arigatō gozaimasu	ありがとう ございます
Robin#0	えっ、	e	へ
Robin#0	わあ、	wā	わあ
Robin#6	はあ？…	hā	はあ
Robin#8	ありがとう。	arigatō	ありがとう
Robin#8	役に立ちそうだね。	yaku ni tachisō da ne	やく に たちそう だ ね
Sam#0	よっしゃあ！	yosshā	よっしゃあ
Sam#4	へえ…	hē	へい
Sam#4	こいつは…	koitsu wa	こいつ は
Sam#8	ありがとうございます！	arigatō gozaimasu	ありがとう ございます
Sandy#0	ほんとうに大好きなの。	hontō ni daisuki na no	ほんとう に だいすき な の
Sandy#2	わあ、	wā	わあ
Sandy#2	ありがとう！	arigatō	ありがとう
Sandy#4	えっ…	e	へ
Sebastian#0	どうしてわかったんだ？	dōshite wakatta n da	どうして わかった ん だ
Sebastian#2	ありがとう、	arigatō	ありがとう
Shane#0	えっ、	e	へ
Shane#0	おれの好物	ore no kōbutsu	おれ の こうぶつ
Shane#0	どうしてわかったんだ？	dōshite wakatta n da	どうして わかった ん だ
Shane#2	おっ、	o	を
Shane#2	いいねえ！	ii nē	いい ねい
Shane#4	気に入らねえな。	ki ni iranē na	き に いらねい な
Shane#8	おっ、	o	を
Shane#8	ありがとうございます！	arigatō gozaimasu	ありがとう ございます
Vincent#0	うわぁ、	uwā	うわあ
Vincent#0	ありがとう！	arigatō	ありがとう
Vincent#2	わあ、	wā	わあ
Vincent#2	ありがとう！	arigatō	ありがとう
Vincent#8	ありがとう！	arigatō	ありがとう
Willy#0	こいつはいい！	koitsu wa ii	こいつ は いい
Willy#0	ああ、	ā	ああ
Willy#0	がここにいたらなあ。	ga koko ni itara nā	が ここ に いたら なあ
Willy#2	こいつはいいな。	koitsu wa ii na	こいつ は いい な
Willy#4	ふうむ…	fūmu	ふうむ
Willy#4	そうか。	sō ka	そう か
Wizard#0	おお、	ō	おう
Wizard#0	我が研究	waga kenkyū	わが けんきゅう
Wizard#0	にとても役立ちそうだ。	ni totemo yakudachisō da	に とても やくだちそう だ
Wizard#2	は非常に興味ぶかいな。	wa hijō ni kyōmibukai na	は ひじょう に きょうみぶかい な
Wizard#4	これは？…	kore wa	これ は
Wizard#4	炎のなか	honō no naka	ほのう の なか
Wizard#6	ではないか。	de wa nai ka	で は ない か
Wizard#6	今後は、	kongo wa	こんご は
Wizard#8	きっと役立つことだろう。	kitto yakudatsu koto darō	きっと やくだつ こと だろう
1#2	は、	wa	は
1#2	公民館	kōminkan	こうみんかん
1#2	知っているようだ。	shitte iru yō da	しって いる よう だ
1#3	の塔	no tō	の とう
1#3	をおとずれる。	o otozureru	を おとずれる
10#1	銅	dō	どう
10#1	鉱石	kōseki	こうせき
10#2	銅鉱石	dō kōseki	どう こうせき
10#2	を手にいれた。	o te ni ireta	を て に いれた
10#2	はよくわからないが、	wa yoku wakaranai ga	は よく わからない が
10#3	銅鉱石	dō kōseki	どう こうせき
100#2	をなくしてしまった。	o nakushite shimatta	を なくして しまった
100#2	をつかった場所	o tsukatta basho	を つかった ばしょ
100#2	は、	wa	は
100#2	の農園	no nōen	の のうえん
100#3	を見つける。	o mitsukeru	を みつける
101#2	をたのまれた。	o tanomareta	を たのまれた
101#2	必要らしい。	hitsuyō rashii	ひつよう らしい
101#3	を持っていく。	o motte iku	を もって いく
102#1	町長	chōchō	ちょうちょう
102#2	をなくしたらしい。	o nakushita rashii	を なくした らしい
102#2	を見つけて、	o mitsukete	を みつけて
102#2	町長	chōchō	ちょうちょう
102#2	細心の注意	saishin no chūi	さいしん の ちゅうい
102#2	をはらって。	o haratte	を はらって
102#3	を見つける。	o mitsukeru	を みつける
103#1	は呑みすけ	wa nomisuke	は のみすけ
103#2	ではダメらしい。	de wa dame rashii	デ は ダメ ラシイ
103#2	をつくり、	o tsukuri	を つくり
103#3	を持っていく。	o motte iku	を もって いく
104#1	の調査	no chōsa	の ちょうさ
104#2	調査	chōsa	ちょうさ
104#2	を欲しがっている。	o hoshigatte iru	を ほしがって いる
104#3	を持っていく。	o motte iku	を もって いく
105#1	療法	ryōhō	りょうほう
105#2	はひざの具合	wa hiza no guai	は ひざ の ぐあい
105#2	が必要だ。	ga hitsuyō da	が ひつよう だ
105#3	を持っていく。	o motte iku	を もって いく
106#2	は自分のウシ	wa jibun no ushi	は ジブン ノ ウシ
106#2	をあげたいらしい。	o agetai rashii	を あげたい らしい
106#2	をとどけてあげよう。	o todokete ageyou	を とどけて あげよう
106#3	をひと束	o hitotaba	を ひとたば
107#2	はベリー摘みのかご	wa berī tsumi no kago	は ベリー ツミ ノ カゴ
107#2	をなくしてしまったらしい！	o nakushite shimatta rashii	を なくして しまった らしい
107#2	も思い出せないようだ。	mo omoidasenai yō da	も おもいだせない よう だ
107#2	を見つけてあげよう。	o mitsukete ageyou	を みつけて あげよう
107#3	を見つけ、	o mitsuke	を みつけ
108#1	飾り用	kazari yō	かざり よう
108#2	を彫るらしい。	o horu rashii	を ほる らしい
108#3	を持っていく。	o motte iku	を もって いく
109#2	からの挑戦状だ。	kara no chōsenjō da	から の ちょうせんじょう だ
109#2	を釣ってこよう。	o tsutte koyou	を つって こよう
109#2	は冬の夜	wa fuyu no yoru	は ふゆ の よる
109#3	を持っていく。	o motte iku	を もって いく
11#2	鉱石	kōseki	こうせき
11#2	を掘るつもりなら、	o horu tsumori nara	を ほる つもり なら
11#2	溶鉱炉	yōkōro	ようこうろ
11#3	溶鉱炉	yōkōro	ようこうろ
11#3	をつくる。	o tsukuru	を つくる
110#2	を渡してくれ	o watashite kure	を わたして くれ
110#3	を持っていく。	o motte iku	を もって いく
111#2	鉱山	kōzan	こうざん
111#2	闇の結晶	yami no kesshō	やみ の けっしょう
111#2	でつかうようだ。	de tsukau yō da	で つかう よう だ
111#3	に闇の結晶	ni yami no kesshō	に やみ の けっしょう
111#3	を持っていく。	o motte iku	を もって いく
112#2	を手に入れた	o te ni ireta	を て に いれた
112#2	をためしたいらしい。	o tameshitai rashii	を ためしたい らしい
112#3	に鉄ののべ棒	ni tetsu no nobebō	に てつ の のべぼう
112#3	を持っていく。	o motte iku	を もって いく
113#2	を分けてもらえないか、	o wakete moraenai ka	を わけて もらえない か
113#3	を10個	o jukko	を じゅっこ
114#3	を持っていく。	o motte iku	を もって いく
115#2	を彼女	o kanojo	を かのじょ
116#2	のを手伝ってあげよう。	no o tetsudatte ageyou	の を てつだって あげよう
116#3	を持っていく。	o motte iku	を もって いく
117#2	には報酬	ni wa hōshū	に は ほうしゅう
117#2	をはずんでくれるようだ。	o hazunde kureru yō da	を はずんで くれる よう だ
117#3	を持っていく。	o motte iku	を もって いく
118#1	の調査	no chōsa	の ちょうさ
118#2	は、	wa	は
118#2	を調査中らしい。	o chōsa chū rashii	を ちょうさ ちゅう らしい
118#3	を持っていく。	o motte iku	を もって いく
119#2	を奥さん	o okusan	を おくさん
119#2	をとどけてあげよう。	o todokete ageyou	を とどけて あげよう
119#3	を持っていく。	o motte iku	を もって いく
12#2	溶鉱炉	yōkōro	ようこうろ
12#2	を精錬する	o seiren suru	を せいれん する
12#2	に教わったとおり、	ni osowatta tōri	に おそわった とうり
12#2	銅鉱石	dō kōseki	どう こうせき
12#2	を5つ、	o itsutsu	を いつつ
12#2	を1つ	o hitotsu	を ひとつ
12#2	溶鉱炉	yōkōro	ようこうろ
12#2	銅ののべ棒	dō no nobebō	どう の のべぼう
12#3	溶鉱炉	yōkōro	ようこうろ
12#3	銅ののべ棒	dō no nobebō	どう の のべぼう
12#3	をつくる。	o tsukuru	を つくる
120#1	町長	chōchō	ちょうちょう
120#1	の要請	no yōsei	の ようせい
120#2	の調達	no chōtatsu	の ちょうたつ
120#2	をたのんできた。	o tanonde kita	を たのんで きた
120#2	は分からないが、	wa wakaranai ga	は わからない が
120#2	理由	riyū	りゆう
120#2	は聞かないほうがよさそうだ。	wa kikanai hō ga yosasō da	は きかない ほう が よさそう だ
121#2	を探しているらしい。	o sagashite iru rashii	を さがして いる らしい
121#3	を持っていく。	o motte iku	を もって いく
122#2	を変えるたびに	o kaeru tabi ni	を かえる たび に
122#2	をとどけてあげよう。	o todokete ageyou	を とどけて あげよう
122#3	を持っていく。	o motte iku	を もって いく
123#1	魔法	mahō	まほう
123#2	は不明だが、	wa fumei da ga	は ふめい だ が
123#2	は強力な	wa kyōryoku na	は きょうりょく な
123#2	魔法の杖	mahō no tsue	まほう の つえ
123#2	をつくっているようだ。	o tsukutte iru yō da	を つくって いる よう だ
123#2	にはイリジウムののべ棒	ni wa irijiumu no nobebō	ニ は イリジウム ノ ノベボー
123#2	が必要だという。	ga hitsuyō da to iu	が ひつよう だ と いう
123#3	を持っていく。	o motte iku	を もって いく
124#2	からの挑戦状だ。	kara no chōsenjō da	から の ちょうせんじょう だ
124#2	を釣ってこよう。	o tsutte koyou	を つって こよう
124#3	を持っていく。	o motte iku	を もって いく
125#2	材料	zairyō	ざいりょう
125#3	を持っていく。	o motte iku	を もって いく
126#1	の用事	no yōji	の ようじ
126#2	は秘密のプロジェクト	wa himitsu no purojekuto	は ヒミツ ノ プロジェクト
126#2	を持ってくるよう	o motte kuru yō	を もって くる よう
126#3	を持っていく。	o motte iku	を もって いく
127#2	は町の広場	wa machi no hiroba	は まち の ひろば
127#2	を企画しているよ。	o kikaku shite iru yo	を きかく して いる よ
127#2	は君	wa kimi	は きみ
127#2	を持ってくるように	o motte kuru yō ni	を もって くる よう に
127#3	を持って、	o motte	を もって
13#1	へ行こう	e ikou	へ いこう
13#2	へ招待された。	e shōtai sareta	へ しょうたい された
13#3	をおとずれる。	o otozureru	を おとずれる
130#2	老婦人	rōfujin	ろうふじん
130#2	を探してほしい	o sagashite hoshii	を さがして ほしい
130#2	は、	wa	は
130#2	になることを願って。	ni naru koto o negatte	に なる こと を ねがって
130#3	を探しましょう。	o sagashimashō	を さがしましょう
131#1	の挑戦	no chōsen	の ちょうせん
131#2	からの挑戦だ。	kara no chōsen da	から の ちょうせん だ
131#2	を3匹	o sanbiki	を さんびき
131#3	を3匹	o sanbiki	を さんびき
132#2	牧場主	bokujōnushi	ぼくじょうぬし
132#2	には毎日	ni wa mainichi	に は まいにち
132#2	を食べさせたり、	o tabesasetari	を たべさせたり
132#2	給餌台	kyūjidai	きゅうじだい
132#2	を置いたりして	o oitari shite	を おいたり して
132#2	をあげよう。	o ageyou	を あげよう
132#2	を収穫できるよ！	o shūkaku dekiru yo	を しゅうかく できる よ
132#3	を収穫する。	o shūkaku suru	を しゅうかく する
133#1	動物	dōbutsu	どうぶつ
133#2	は地元の大工さん。	wa jimoto no daiku-san	は じもと の だいくさん
133#2	材料	zairyō	ざいりょう
133#2	あなたの牧場	anata no bokujō	あなた の ぼくじょう
133#2	を建ててくれる。	o tatete kureru	を たてて くれる
133#2	を建てれば、	o tatereba	を たてれば
133#2	で牧草	de bokusō	で ぼくそう
133#2	を収穫して、	o shūkaku shite	を しゅうかく して
133#2	動物たち	dōbutsu tachi	どうぶつ たち
133#2	として保管できるようになる。	to shite hokan dekiru yō ni naru	と して ほかん できる よう に なる
133#3	を建てる。	o tateru	を たてる
134#2	牧場の南	bokujō no minami	ぼくじょう の みなみ
134#2	にある大きな木	ni aru ōki na ki	に ある おうき な き
134#2	を何か面白いもの	o nanika omoshiroi mono	を なにか おもしろい もの
134#3	を修復する。	o shūfuku suru	を しゅうふく する
14#1	鉱山	kōzan	こうざん
14#1	を探検しよう	o tanken shiyou	を たんけん しよう
14#2	には、	ni wa	に は
14#2	古い鉱山の坑道	furui kōzan no kōdō	ふるい こうざん の こうどう
14#2	価値のある鉱物	kachi no aru kōbutsu	かち の ある こうぶつ
14#3	鉱山	kōzan	こうざん
15#1	入会試験	nyūkai shiken	にゅうかい しけん
15#2	を10匹	o jūppiki	を じゅうっぴき
15#2	討伐して、	tōbatsu shite	とうばつ して
15#2	への入会	e no nyūkai	へ の にゅうかい
15#2	を認めてもらおう。	o mitomete moraou	を みとめて もらおう
15#3	10体中	jittai chū	じったい ちゅう
15#3	を倒しました。	o taoshimashita	を たおしました
16#1	入会試験	nyūkai shiken	にゅうかい しけん
16#2	10匹	jūppiki	じゅうっぴき
16#2	の討伐	no tōbatsu	の とうばつ
16#2	に成功した。	ni seikō shita	に せいこう した
16#2	さあ、	sā	さあ
16#2	に入会しよう。	ni nyūkai shiyou	に にゅうかい しよう
16#3	へ向かう。	e mukau	へ むかう
17#1	鉱山	kōzan	こうざん
17#1	の奥へ	no oku e	の おく へ
17#2	はまだ動くようだ。	wa mada ugoku yō da	は まだ うごく よう だ
17#2	をつかえば、	o tsukaeba	を つかえば
17#2	まですぐ移動できる。	made sugu idō dekiru	まで すぐ いどう できる
17#2	を探索するときには	o tansaku suru toki ni wa	を たんさく する とき に は
17#2	活用しよう。	katsuyō shiyou	かつよう しよう
17#3	鉱山	kōzan	こうざん
18#2	にはたどりつかない。	ni wa tadoritsukanai	に は たどりつかない
18#2	おりればいいんだろう？	orireba ii n darō	おりれば いい ん だろう
18#3	鉱山	kōzan	こうざん
19#2	鉱山の底	kōzan no soko	こうざん の そこ
19#2	でみつかったのは、	de mitsukatta no wa	で みつかった の は
19#2	風変わりな	fūgawari na	ふうがわり な
19#3	をつきとめる。	o tsukitomeru	を つきとめる
2#2	のなかには、	no naka ni wa	の なか に は
2#3	を入れる。	o ireru	を いれる
20#1	の挑戦状	no chōsenjō	の ちょうせんじょう
20#2	から挑戦状	kara chōsenjō	から ちょうせんじょう
20#2	の25階	no nijūgokai	の にじゅうごかい
20#2	をめざせという。	o mezase to iu	を めざせ と いう
20#2	挑戦	chōsen	ちょうせん
20#2	を成功させれば、	o seikō sasereba	を せいこう させれば
20#2	報酬	hōshū	ほうしゅう
20#2	がもらえるだろう。	ga moraeru darō	が もらえる だろう
20#3	の25階	no nijūgokai	の にじゅうごかい
21#2	牧場	bokujō	ぼくじょう
21#2	は、	wa	は
21#2	話せるように	hanaseru yō ni	はなせる よう に
21#2	が必要らしい。	ga hitsuyō rashii	が ひつよう らしい
21#3	を持っていく。	o motte iku	を もって いく
22#2	今日の夜7時	kyō no yoru shichiji	きょう の よる しちじ
22#2	に夕食	ni yūshoku	に ゆうしょく
22#2	を食べにこないか	o tabe ni konai ka	を たべ に こない か
22#2	が夕食に出してくれる	ga yūshoku ni dashite kureru	が ゆうしょく に だして くれる
22#2	を持っていこう。	o motte ikou	を もって いこう
22#3	を持って、	o motte	を もって
22#3	をおとずれる。	o otozureru	を おとずれる
23#1	考古学入門	kōkogaku nyūmon	こうこがく にゅうもん
23#2	とても古そうなもの	totemo furusō na mono	とても ふるそう な もの
23#2	を見つけた。	o mitsuketa	を みつけた
23#2	これはいったい、	kore wa ittai	これ は いったい
23#2	なんだろう？	na n darō	な ん だろう
23#3	をたずねる。	o tazuneru	を たずねる
24#1	考古学入門	kōkogaku nyūmon	こうこがく にゅうもん
24#2	や鉱物	ya kōbutsu	や こうぶつ
24#2	を見つけたら、	o mitsuketara	を みつけたら
24#2	をつづけてくれれば、	o tsuzukete kurereba	を つずけて くれれば
24#2	をくれるという。	o kureru to iu	を くれる と いう
24#3	か鉱物	ka kōbutsu	か こうぶつ
24#3	を博物館	o hakubutsukan	を はくぶつかん
25#2	友情	yūjō	ゆうじょう
25#2	には、	ni wa	に は
25#2	をするのが一番だ。	o suru no ga ichiban da	を する の が いちばん だ
25#2	をつかめば、	o tsukameba	を つかめば
25#3	を贈る。	o okuru	を おくる
26#2	どうも、	dōmo	どうも
26#2	公民館	kōminkan	こうみんかん
26#2	が起きているようだ…	ga okite iru yō da	が おきて いる よう だ
26#3	公民館	kōminkan	こうみんかん
26#3	をしらべる。	o shiraberu	を しらべる
27#1	通せんぼ	tōsenbo	とうせんぼ
27#2	への道	e no michi	へ の みち
27#2	をふさいでいる。	o fusaide iru	を ふさいで いる
27#2	通してもらわないと…	tōshite morawanai to	とうして もらわない と
27#2	もっと情報	motto jōhō	もっと じょうほう
27#2	をあつめたほうがよさそうだ。	o atsumeta hō ga yosasō da	を あつめた ほう が よさそう だ
27#3	へ向かおう。	e mukaou	へ むかおう
28#2	を取り戻してほしい	o torimodoshite hoshii	を とりもどして ほしい
28#2	が必要だ。	ga hitsuyō da	が ひつよう だ
28#3	下水道	gesuidō	げすいどう
28#3	をたずねてみよう。	o tazunete miyou	を たずねて みよう
3#2	風変わりだ。	fūgawari da	ふうがわり だ
3#3	を10個、	o jukko	を じゅっこ
30#2	にはこう書いてある	ni wa kō kaite aru	に は こう かいて ある
30#2	へ、	e	へ
30#2	を待っているだろう」	o matte iru darō	を まって いる だろう
30#3	の100層	no hyakusō	の ひゃくそう
31#2	に遭遇した。	ni sōgū shita	に そうぐう した
31#2	町の方	machi no hō	まち の ほう
31#2	へと逃げていった。	e to nigete itta	へ と にげて いった
31#2	どこに行ったのだろうか？	doko ni itta no darō ka	どこ に いった の だろう か
31#3	を探し出そう	o sagashidasou	を さがしだそう
4#2	町長のれいぞうこ	chōchō no reizōko	ちょうちょう の れいぞうこ
4#2	は、	wa	は
4#3	を食べさせろ。」	o tabesasero	を たべさせろ
5#2	これでさいごのようだ。	kore de saigo no yō da	これ で さいご の よう だ
5#3	をしらべる。	o shiraberu	を しらべる
6#2	牧場主	bokujōnushi	ぼくじょうぬし
6#2	をたがやしたら、	o tagayashitara	を たがやしたら
6#2	を選び、	o erabi	を えらび
6#2	をまこう。	o makou	を まこう
6#2	収穫のとき	shūkaku no toki	しゅうかく の とき
6#2	が来るまでは、	ga kuru made wa	が くる まで は
6#2	には毎日	ni wa mainichi	に は まいにち
6#2	が必要だ。	ga hitsuyō da	が ひつよう だ
6#3	をそだて、	o sodate	を そだて
6#3	収穫する。	shūkaku suru	しゅうかく する
7#1	動物	dōbutsu	どうぶつ
7#1	を飼おう	o kaou	を かおう
7#2	に材料	ni zairyō	に ざいりょう
7#2	と料金	to ryōkin	と りょうきん
7#2	を渡せば、	o wataseba	を わたせば
7#2	牧場	bokujō	ぼくじょう
7#2	を建ててもらえる。	o tatete moraeru	を たてて もらえる
7#2	動物	dōbutsu	どうぶつ
7#2	を飼う	o kau	を かう
7#2	か動物小屋	ka dōbutsu goya	か どうぶつ ごや
7#2	が必要だ。	ga hitsuyō da	が ひつよう だ
7#3	を建てる。	o tateru	を たてる
8#2	を積むほど、	o tsumu hodo	を つむ ほど
8#2	を覚えることができる。	o oboeru koto ga dekiru	を おぼえる こと が できる
8#2	をつくると、	o tsukuru to	を つくる と
8#2	から守れるようになる。	kara mamoreru yō ni naru	から まもれる よう に なる
8#3	をレベル1	o reberu ichi	を レベル イチ
8#3	をつくる。	o tsukuru	を つくる
9#1	自己紹介	jiko shōkai	じこ しょうかい
9#2	を紹介しておく	o shōkai shite oku	を しょうかい して おく
9#2	のは大切だ。	no wa taisetsu da	の は たいせつ だ
9#2	新参者の牧場主	shinzanmono no bokujōnushi	しんざんもの の ぼくじょうぬし
9#2	はきっといるはず。	wa kitto iru hazu	は きっと いる はず
1#5	山高帽	yamatakabō	やまたかぼう
10#1	の笑いをとれること	no warai o toreru koto	の わらい を とれる こと
11#1	は、	wa	は
12#5	優雅な	yūga na	ゆうが な
13#1	の形をしている。	no katachi o shite iru	の かたち を して いる
15#5	狩人	karyūdo	かりゅうど
15#5	の帽子	no bōshi	の ぼうし
16#1	をすずしく保ってくれる。	o suzushiku tamotte kureru	を すずしく たもって くれる
16#5	の帽子	no bōshi	の ぼうし
18#1	古い帽子。	furui bōshi	ふるい ぼうし
18#1	年季の入った様子	nenki no haitta yōsu	ねんき の はいった ようす
21#1	は純金製。	wa junkin sei	は じゅんきん せい
22#1	周囲の注目	shūi no chūmoku	しゅうい の ちゅうもく
22#1	を浴びること	o abiru koto	を あびる こと
23#1	この帽子	kono bōshi	この ぼうし
23#1	は、	wa	は
23#1	頭がすごく大きかったはず。	atama ga sugoku ōkikatta hazu	あたま が すごく おうきかった はず
23#5	の帽子	no bōshi	の ぼうし
24#1	真相は不明。	shinsō wa fumei	しんそう は ふめい
25#5	の帽子	no bōshi	の ぼうし
27#1	を危険	o kiken	を きけん
28#1	の帽子。	no bōshi	の ぼうし
3#1	陽気な	yōki na	ようき な
3#1	帽子。	bōshi	ぼうし
30#1	にヒントを得て	ni hinto o ete	ニ ヒント を エテ
33#1	には模造ダイヤ	ni wa mozō daiya	ニ は モゾー ダイヤ
34#1	帽子。	bōshi	ぼうし
34#5	の帽子	no bōshi	の ぼうし
35#1	が弓を使えなくても、	ga yumi o tsukaenakute mo	が ゆみ を つかえなくて も
35#1	見た目はおしゃれ。	mitame wa oshare	みため は おしゃれ
35#5	の帽子	no bōshi	の ぼうし
36#1	の帽子	no bōshi	の ぼうし
36#5	の帽子	no bōshi	の ぼうし
38#1	の目を引く	no me o hiku	の め を ひく
39#1	遠くからでも	tōku kara demo	とうく から でも
4#1	牧場主の味方。	bokujōnushi no mikata	ぼくじょうぬし の みかた
4#5	むぎわら帽	mugiwara bō	むぎわら ぼう
40#1	頭皮の水分を吸収する。	tōhi no suibun o kyūshū suru	とうひ の すいぶん を きゅうしゅう する
40#1	水をあげる必要なし！	mizu o ageru hitsuyō nashi	みず を あげる ひつよう なし
40#5	帽子	bōshi	ぼうし
41#1	が愛情をこめて作ったもの。	ga aijō o komete tsukutta mono	が あいじょう を こめて つくった もの
43#1	小さな恐竜	chiisa na kyōryū	ちいさ な きょうりゅう
43#1	に見えるように	ni mieru yō ni	に みえる よう に
43#5	恐竜帽子	kyōryū bōshi	きょうりゅう ぼうし
44#1	顔はワープしません…	kao wa wāpu shimasen	カオ は ワープ シマセン
46#1	少し大きめ、	sukoshi ōkime	すこし おうきめ
47#1	帽子。	bōshi	ぼうし
49#1	古風な	kofū na	こふう な
5#1	郵便屋さん	yūbin'ya-san	ゆうびんやさん
5#1	がかぶっていそうな帽子。	ga kabutte isō na bōshi	が かぶって いそう な ぼうし
51#1	空気が流れるように、	kūki ga nagareru yō ni	くうき が ながれる よう に
51#1	顔面部は露出している。	ganmen bu wa roshutsu shite iru	がんめん ぶ は ろしゅつ して いる
52#1	頭部に巻く、	tōbu ni maku	とうぶ に まく
53#1	暖かい帽子。	atatakai bōshi	あたたかい ぼうし
54#1	暖かい帽子。	atatakai bōshi	あたたかい ぼうし
55#1	大きめのつばで	ōkime no tsuba de	おうきめ の つば で
55#1	影を作ってくれる。	kage o tsukutte kureru	かげ を つくって くれる
55#5	釣り帽子	tsuri bōshi	つり ぼうし
56#1	本物のように	honmono no yō ni	ほんもの の よう に
57#1	赤い帽子、	akai bōshi	あかい ぼうし
57#1	楽しさ倍増。	tanoshisa baizō	たのしさ ばいぞう
58#1	青い帽子、	aoi bōshi	あおい ぼうし
58#1	楽しさ倍増。	tanoshisa baizō	たのしさ ばいぞう
59#1	緑の帽子、	midori no bōshi	みどり の ぼうし
59#1	楽しさ倍増。	tanoshisa baizō	たのしさ ばいぞう
6#1	を思い起こさせる、	o omoiokosaseru	を おもいおこさせる
60#1	魔法使いがかぶるような	mahōtsukai ga kaburu yō na	まほうつかい が かぶる よう な
60#5	帽子	bōshi	ぼうし
61#1	伝統的な帽子。	dentōteki na bōshi	でんとうてき な ぼうし
62#5	海賊帽子	kaizoku bōshi	かいぞく ぼうし
63#1	古風な帽子。	kofū na bōshi	こふう な ぼうし
63#5	帽子	bōshi	ぼうし
66#1	を「リサイクル」した帽子…	o risaikuru shita bōshi	を リサイクル シタ ボーシ
67#1	を忠実に再現したもの！	o chūjitsu ni saigen shita mono	を ちゅうじつ に さいげん した もの
68#1	まぬけな帽子。	manuke na bōshi	まぬけ な ぼうし
7#1	おしゃれな帽子。	oshare na bōshi	おしゃれ な ぼうし
7#5	の帽子	no bōshi	の ぼうし
70#1	とがった帽子。	togatta bōshi	とがった ぼうし
70#5	の帽子	no bōshi	の ぼうし
71#5	銅製の	dō sei no	どう せい の
73#5	魔法の	mahō no	まほう の
74#5	魔法の	mahō no	まほう の
75#1	を半分に割ったもの。	o hanbun ni watta mono	を はんぶん に わった もの
76#1	これを身に付けることができる。	kore o mi ni tsukeru koto ga dekiru	これ を み に つける こと が できる
76#5	豪華な	gōka na	ごうか な
76#5	海賊の帽子	kaizoku no bōshi	かいぞく の ぼうし
77#1	この巨大な弓は、	kono kyodai na yumi wa	この きょだい な ゆみ は
77#1	自己主張が激しすぎる！	jiko shuchō ga hageshisugiru	じこ しゅちょう が はげしすぎる
78#5	の帽子	no bōshi	の ぼうし
79#1	より空気抵抗が少ない	yori kūki teikō ga sukunai	より くうき ていこう が すくない
79#1	帽子。	bōshi	ぼうし
80#1	これをかぶれば、	kore o kabureba	これ を かぶれば
80#1	のような姿に。	no yō na sugata ni	の よう な すがた に
81#5	豪華な	gōka na	ごうか な
82#5	の帽子	no bōshi	の ぼうし
84#1	実を言うと	jitsu o iu to	じつ を いう と
84#1	放射線からは守ってくれない。	hōshasen kara wa mamotte kurenai	ほうしゃせん から は まもって くれない
84#5	放射線	hōshasen	ほうしゃせん
85#5	の帽子	no bōshi	の ぼうし
87#1	赤い帽子。	akai bōshi	あかい ぼうし
88#1	をだせる。	o daseru	を だせる
90#1	採食者は大喜び。	saishokusha wa ōyorokobi	さいしょくしゃ は おうよろこび
90#5	の帽子	no bōshi	の ぼうし
91#5	の帽子	no bōshi	の ぼうし
93#1	をカブトに再利用。	o kabuto ni sairiyō	を カブト ニ サイリヨー
GilsHat#1	とおそろいの帽子。	to osoroi no bōshi	と おそろい の ぼうし
GilsHat#5	の帽子	no bōshi	の ぼうし
GoldPanHat#1	をかぶってみた…	o kabutte mita	を かぶって みた
GovernorsHat#5	の帽子	no bōshi	の ぼうし
IridiumPanHat#1	をかぶってみた….	o kabutte mita	を かぶって みた
JesterHat#1	気分はピエロ。	kibun wa piero	キブン は ピエロ
JesterHat#5	の帽子	no bōshi	の ぼうし
JojaCap#1	素材はポリエステル100%	sozai wa poriesuteru hyaku pāsento	ソザイ は ポリエステル ヒャク パーセント
JunimoHat#1	に敬意を表して…	ni keii o hyōshite	に けいい を ひょうして
LaurelWreathCrown#1	美しい王冠。	utsukushii ōkan	うつくしい おうかん
LeprechuanHat#1	は頭の大きなレプラコーン	wa atama no ōki na repurakōn	は アタマ ノ オーキ ナ レプラコーン
PageboyCap#1	新聞を売りたくなる。	shinbun o uritaku naru	しんぶん を うりたく なる
PaperHat#5	の帽子	no bōshi	の ぼうし
RedFez#1	によって人気を博した	ni yotte ninki o hakushita	に よって にんき を はくした
SpaceHelmet#1	注意：	chūi	ちゅうい
SpaceHelmet#1	実際に宇宙で使えるかどうか	jissai ni uchū de tsukaeru ka dō ka	じっさい に うちゅう で つかえる か どう か
SpaceHelmet#1	はテストされていません。	wa tesuto sarete imasen	は テスト サレテ イマセン
SpaceHelmet#5	宇宙	uchū	うちゅう
SportsCap#1	帽子。	bōshi	ぼうし
SquidHat#5	の帽子	no bōshi	の ぼうし
SteelPanHat#1	をかぶってみた…	o kabutte mita	を かぶって みた
TricornHat#1	海軍士官の伝統的な帽子。	kaigun shikan no dentōteki na bōshi	かいぐん しかん の でんとうてき な ぼうし
TricornHat#5	三角帽子	sankaku bōshi	さんかく ぼうし
WhiteBow#1	雪のように白い	yuki no yō ni shiroi	ゆき の よう に しろい
Beat_PK	おめでとうございます！！^^	omedetō gozaimasu	おめでとう ございます
Beat_PK	は「ジャーニー・オブ・プレーリーキング」	wa jānī obu purērī kingu	は ジャーニー オブ プレーリー キング
Beat_PK	をクリアし、	o kuria shi	を クリア シ
Beat_PK	豪華景品の抽選	gōka keihin no chūsen	ごうか けいひん の ちゅうせん
Beat_PK	にみごと当選しました！^	ni migoto tōsen shimashita	に みごと とうせん しました
Beat_PK	どうぞ今後はご自宅でも	dōzo kongo wa go-jitaku demo	どうぞ こんご は ごじたく でも
Beat_PK	をお楽しみください。^^	o o-tanoshimi kudasai	を おたのしみ ください
Bouquet	へ^	e	へ
Bouquet	どうやら最近、	dōyara saikin	どうやら さいきん
Bouquet	と仲よくされているようですね。	to nakayoku sarete iru yō desu ne	と なかよく されて いる よう です ね
Bouquet	が恋心を持っていること	ga koigokoro o motte iru koto	が こいごころ を もって いる こと
Bouquet	を相手に伝えたいなら、	o aite ni tsutaetai nara	を あいて に つたえたい なら
Bouquet	きょうからうちの店で買える、	kyō kara uchi no mise de kaeru	きょう から うち の みせ で かえる
Bouquet	を贈るといいですよ。	o okuru to ii desu yo	を おくる と いい です よ
Bouquet	お得な価格でご提供しますよ！	o-toku na kakaku de go-teikyō shimasu yo	おとく な かかく で ごていきょう します よ
Bouquet	花束を贈るといいですよ！ ^ -	hanataba o okuru to ii desu yo	はなたば を おくる と いい です よ
CF_Fish	へ^ 	e	へ
CF_Fish	は、	wa	は
CF_Fish	をもしのぐようだな…	o mo shinogu yō da na	を も しのぐ よう だ な
CF_Fish	すごいじゃねえか。^ 	sugoi ja nē ka	すごい じゃ ねい か
CF_Fish	は、	wa	は
CF_Fish	で親から子へ	de oya kara ko e	で おや から こ へ
CF_Fish	おれには子がいねえからな…	ore ni wa ko ga inē kara na	おれ に は こ が いねい から な
Caroline	へ^	e	へ
Caroline	を送ります。	o okurimasu	を おくります
Caroline	には使いきれないくらい	ni wa tsukaikirenai kurai	に は つかいきれない くらい
Caroline	どうか何かの足しにしてください。 ^ -	dōka nanika no tashi ni shite kudasai	どうか なにか の たし に して ください
CarolineCooking	へ^	e	へ
CarolineCooking	でつくる料理	de tsukuru ryōri	で つくる りょうり
CarolineCooking	おいしいものってないわよね！	oishii mono tte nai wa yo ne	おいしい もの って ない は よ ね
CarolineCooking	では、お元気で。 ^ -	de wa o-genki de	で は おげんき で
CarolineTea	昨日はサンルーム	kinō wa sanrūmu	キノー は サンルーム
CarolineTea	に立ち寄ってくれてありがとう。	ni tachiyotte kurete arigatō	に たちよって くれて ありがとう
CarolineTea	だいたいいつも一人でお茶を飲むけど、	daitai itsumo hitori de o-cha o nomu kedo	だいたい いつも ひとり で おちゃ を のむ けど
CarolineTea	あなたと時間を共にする	anata to jikan o tomo ni suru	あなた と じかん を とも に する
CarolineTea	のは楽しかったわ！^^	no wa tanoshikatta wa	の は たのしかった は
CarolineTea	を同封しました。	o dōfū shimashita	を どうふう しました
CarolineTea	プレッシャーはないけど、	puresshā wa nai kedo	プレッシャー は ナイ ケド
CarolineTea	成長してしまった場合は	seichō shite shimatta baai wa	せいちょう して しまった ばあい は
CarolineTea	必ずカップを持ってきてね。^^-	kanarazu kappu o motte kite ne	カナラズ カップ を モッテ キテ ネ
Clint	やあ、どうも…^	yā dōmo	やあ どうも
Clint	手紙は苦手でね。	tegami wa nigate de ne	てがみ は にがて で ね
Clint	のべ棒を作りすぎちまったんで、	nobebō o tsukurisugichimatta n de	のべぼう を つくりすぎちまった ん で
ClintCooking	おれはたまに料理をするんだ。^	ore wa tama ni ryōri o suru n da	おれ は たま に りょうり を する ん だ
ClintCooking	はそのうちのひとつだ…	wa sono uchi no hitotsu da	は その うち の ひとつ だ
ClintCooking	鉱山へ鉱石やなんか	kōzan e kōseki ya nanka	こうざん へ こうせき や なんか
ClintCooking	を堀りに行くとき、	o hori ni iku toki	を ほり に いく とき
ClintCooking	じゃあ、元気でな。 ^ -	jā genki de na	じゃあ げんき で な
ClintReward	やあ…どうも^	yā dōmo	やあ どうも
ClintReward	を片付けてくれてありがとう。^^	o katazukete kurete arigatō	を かたずけて くれて ありがとう
ClintReward	おれは恐くない！…	ore wa kowakunai	おれ は こわくない
ClintReward	鉱山はもっと安全じゃなきゃいけない…	kōzan wa motto anzen ja nakya ikenai	こうざん は もっと あんぜん じゃ なきゃ いけない
ClintReward	そうだろう？^^	sō darō	そう だろう
ClintReward	この設計図を受け取ってくれ。	kono sekkeizu o uketotte kure	この せっけいず を うけとって くれ
ClintReward	（おれが用済みにならないことを願うよ…）^^-	ore ga yōzumi ni naranai koto o negau yo	おれ が ようずみ に ならない こと を ねがう よ
ClintReward2	やあ…どうも^	yā dōmo	やあ どうも
ClintReward2	を片付けてくれてありがとう。^^	o katazukete kurete arigatō	を かたずけて くれて ありがとう
ClintReward2	次は、	tsugi wa	つぎ は
ClintReward2	おれがあいつらの相手をしてやるさ…	ore ga aitsura no aite o shite yaru sa	おれ が あいつら の あいて を して やる さ
ClintReward2	これを受け取ってくれ。	kore o uketotte kure	これ を うけとって くれ
ClintReward2	奥の部屋でこれを見つけたんだ…^^-	oku no heya de kore o mitsuketa n da	おく の へや で これ を みつけた ん だ
Demetrius	このあいだ出かけた野外調査	kono aida dekaketa yagai chōsa	この あいだ でかけた やがい ちょうさ
Demetrius	を見つけたので	o mitsuketa node	を みつけた ので
Demetrius	きみに送ろうと思う。^	kimi ni okurō to omou	きみ に おくろう と おもう
DemetriusCooking	いつもわたしの研究	itsumo watashi no kenkyū	いつも わたし の けんきゅう
DemetriusCooking	に興味をしめしてくれてありがとう。	ni kyōmi o shimeshite kurete arigatō	に きょうみ を しめして くれて ありがとう
DemetriusCooking	を教えるよ。 ^ -	o oshieru yo	を おしえる よ
DemetriusReward	で協力してくれてありがとう。^	de kyōryoku shite kurete arigatō	で きょうりょく して くれて ありがとう
DemetriusReward	は常に良いバランスを保っているけど、	wa tsune ni yoi baransu o tamotte iru kedo	は ツネ ニ ヨイ バランス を タモッテ イル ケド
DemetriusReward	人的な要因	jinteki na yōin	じんてき な よういん
DemetriusReward	がそのバランスを崩すことがあるんだ。^^	ga sono baransu o kuzusu koto ga aru n da	ガ ソノ バランス を クズス コト ガ アル ン ダ
DemetriusReward	を入れておくよ。	o irete oku yo	を いれて おく よ
DemetriusReward	きっと君も興味を持つだろう	kitto kimi mo kyōmi o motsu darō	きっと きみ も きょうみ を もつ だろう
DesertFestival	@へ。^^	e	へ
DesertFestival	この古くから愛されてきた伝統	kono furuku kara aisarete kita dentō	この ふるく から あいされて きた でんとう
DesertFestival	を私たちは嬉しく思っている。^^	o watashitachi wa ureshiku omotte iru	を わたしたち は うれしく おもって いる
DesertFestival	会場にはゲーム、	kaijō ni wa gēmu	カイジョー ニ は ゲーム
DesertFestival	無料の食べ物、	muryō no tabemono	むりょう の たべもの
DesertFestival	賞品などが盛りだくさんだ！^^	shōhin nado ga moridakusan da	しょうひん など が もりだくさん だ
DesertFestival	日替わりで2人の町民が選ばれて、	higawari de futari no chōmin ga erabarete	ひがわり で ふたり の ちょうみん が えらばれて
DesertFestival	小さなお店を開くことになっているんだ。	chiisa na o-mise o hiraku koto ni natte iru n da	ちいさ な おみせ を ひらく こと に なって いる ん だ
DesertFestival	では会場で会おう！^-	de wa kaijō de aō	で は かいじょう で あおう
Duck	へ^	e	へ
Duck	にはもう慣れたみたいだね。	ni wa mō nareta mitai da ne	に は もう なれた みたい だ ね
Duck	でアヒルを買えるようにしておきました！ ^ -	de ahiru o kaeru yō ni shite okimashita	デ アヒル を カエル ヨー ニ シテ オキマシタ
Emily	プレゼントを送るね。	purezento o okuru ne	プレゼント を オクル ネ
EmilyCamping	午後10時、	gogo jūji	ごご じゅうじ
EmilyCamping	愛をこめて、	ai o komete	あい を こめて
EmilyClothingTherapy	くわしいことを説明するから、	kuwashii koto o setsumei suru kara	くわしい こと を せつめい する から
EmilyClothingTherapy	きょう、	kyō	きょう
EmilyClothingTherapy	町長の家	chōchō no ie	ちょうちょう の いえ
EmilyClothingTherapy	愛をこめて、	ai o komete	あい を こめて
EmilyCooking	を書いておいたよ！^	o kaite oita yo	を かいて おいた よ
EmilyCooking	きっといいエネルギーをもらえるはず。	kitto ii enerugī o moraeru hazu	キット イイ エネルギー を モラエル ハズ
EmilyDoneCamping	昨日の夜は来てくれてありがとう…	kinō no yoru wa kite kurete arigatō	きのう の よる は きて くれて ありがとう
EmilyDoneCamping	それじゃ、また会おうね^^	sore ja mata aō ne	それ じゃ また あおう ね
EmilyDoneCamping	愛をこめて、	ai o komete	あい を こめて
Evelyn	牧場のお仕事	bokujō no o-shigoto	ぼくじょう の おしごと
Evelyn	が順調だといいのですけれど。^ 	ga junchō da to ii no desu keredo	が じゅんちょう だ と いい の です けれど
Evelyn	をおすそ分けしますね。	o o-susowake shimasu ne	を おすそわけ します ね
Evelyn	どうか、	dōka	どうか
Evelyn	送る途中でぐちゃぐちゃになっていませんように。 ^ -	okuru tochū de guchagucha ni natte imasen yō ni	おくる とちゅう で ぐちゃぐちゃ に なって いません よう に
EvelynCooking	へ^	e	へ
EvelynCooking	ふつうは、	futsū wa	ふつう は
EvelynCooking	人にレシピを教えないのだけれど…	hito ni reshipi o oshienai no da keredo	ヒト ニ レシピ を オシエナイ ノ ダ ケレド
EvelynCooking	でもあなたには、	demo anata ni wa	でも あなた に は
EvelynCooking	ひとつお教えしようと思います。 ^ -	hitotsu o-oshie shiyō to omoimasu	ひとつ おおしえ しよう と おもいます
FizzIntro	ごきげんよう。^^	gokigen yō	ごきげん よう
FizzIntro	はとても特別なチャレンジ	wa totemo tokubetsu na charenji	は トテモ トクベツ ナ チャレンジ
FizzIntro	に取り組んでいるそうですね。^^	ni torikunde iru sō desu ne	に とりくんで いる そう です ね
FizzIntro	でお会いしましょう。^^	de o-ai shimashō	で おあい しましょう
George	を見つけたので送る。^	o mitsuketa node okuru	を みつけた ので おくる
GeorgeCooking	こがさんようにな。 ^ -	kogasan yō ni na	こがさん よう に な
Goats	へ^	e	へ
Goats	をはじめました。	o hajimemashita	を はじめました
Goats	応援してるよ！ ^ -	ōen shiteru yo	おうえん してる よ
GreenRainGus	昨夜の天気予報	sakuya no tenki yohō	さくや の てんき よほう
GreenRainGus	を見たかい？^^	o mita kai	を みた かい
GreenRainGus	どうなるかわからないが、	dō naru ka wakaranai ga	どう なる か わからない が
GreenRainGus	サルーンを一日中開けておくから	sarūn o ichinichi jū akete oku kara	サルーン を イチニチ ジュー アケテ オク カラ
GusCooking	@へ^	e	へ
GusCooking	これは、	kore wa	これ は
GusCooking	ほんとはヒミツなんだが、	honto wa himitsu na n da ga	ホント は ヒミツ ナ ン ダ ガ
GusCooking	きみはすばらしい友人だからね！ ^ -	kimi wa subarashii yūjin da kara ne	きみ は すばらしい ゆうじん だ から ね
Jodi	へ^	e	へ
Jodi	庭用の肥料	niwa yō no hiryō	にわ よう の ひりょう
Jodi	をよぶんに注文しすぎちゃったの！	o yobun ni chūmon shisugichatta no	を よぶん に ちゅうもん しすぎちゃった の
Jodi	いい使い道を知ってると思うので、	ii tsukaimichi o shitteru to omou node	いい つかいみち を しってる と おもう ので
JodiCooking	@へ^	e	へ
JodiCooking	これは、	kore wa	これ は
JodiCooking	で1位を取った時のレシピなの！	de ichii o totta toki no reshipi na no	デ イチイ を トッタ トキ ノ レシピ ナ ノ
JodiCooking	いつも仲よくしてくれてありがとう！ ^ -	itsumo nakayoku shite kurete arigatō	いつも なかよく して くれて ありがとう
JunimoKart	おめでとうございます！！^^	omedetō gozaimasu	おめでとう ございます
JunimoKart	は「ジュニモカート」の全ステージ	wa junimo kāto no zen sutēji	は ジュニモ カート ノ ゼン ステージ
JunimoKart	をクリアしました…	o kuria shimashita	を クリア シマシタ
JunimoKart	実は、	jitsu wa	じつ は
JunimoKart	商品として、	shōhin to shite	しょうひん と して
JunimoKart	をお贈りします！^^	o o-okuri shimasu	を おおくり します
JunimoKart	どうか楽しんでください！^-	dōka tanoshinde kudasai	どうか たのしんで ください
Kent	やあ、	yā	やあ
Kent	これが道具部屋のすみ	kore ga dōgu beya no sumi	これ が どうぐ べや の すみ
Kent	でほこりをかぶってるのを見つけた。	de hokori o kabutteru no o mitsuketa	で ほこり を かぶってる の を みつけた
KentCooking	いつもおれによくしてくれてありがとう。 ^^ -	itsumo ore ni yoku shite kurete arigatō	いつも おれ に よく して くれて ありがとう
KrobusCrafting	@へ、	e	へ
KrobusCrafting	人間がどうやって伝言を送るのか、	ningen ga dō yatte dengon o okuru no ka	にんげん が どう やって でんごん を おくる の か
KrobusCrafting	方法がよくわからなかったので、	hōhō ga yoku wakaranakatta node	ほうほう が よく わからなかった ので
KrobusCrafting	この手紙を書きました。^^	kono tegami o kakimashita	この てがみ を かきました
KrobusCrafting	を願っています。^^	o negatte imasu	を ねがって います
KrobusCrafting	私の友人たち	watashi no yūjin tachi	わたし の ゆうじん たち
KrobusCrafting	がどうやってアイテムを作っているのか…	ga dō yatte aitemu o tsukutte iru no ka	ガ ドー ヤッテ アイテム を ツクッテ イル ノ カ
LeoCooking	@へ。^	e	へ
LeoCooking	手紙はウィリー	tegami wa Wirī	テガミ は ウィリー
Lewis	になってくれてほんとうにうれしいよ！	ni natte kurete hontō ni ureshii yo	に なって くれて ほんとう に うれしい よ
Lewis	になるよう、	ni naru yō	に なる よう
Lewis	から500Gぶんの小切手	kara gohyaku jī bun no kogitte	から ごひゃく じい ぶん の こぎって
Lewis	を同封しておく。^	o dōfū shite oku	を どうふう して おく
Lewis	どうか、	dōka	どうか
Lewis	タネを買う足しにでもしてくれ。^ 	tane o kau tashi ni demo shite kure	タネ を カウ タシ ニ デモ シテ クレ
Lewis	それでは。 -	sore de wa	それ で は
LewisCooking	@へ^	e	へ
LewisCooking	きちんと食事をとるの	kichinto shokuji o toru no	きちんと しょくじ を とる の
LewisCooking	を忘れんようにな。	o wasuren yō ni na	を わすれん よう に な
LewisCooking	栄養補給に、	eiyō hokyū ni	えいよう ほきゅう に
LewisCooking	をひとつ教えよう。	o hitotsu oshieyō	を ひとつ おしえよう
LewisCooking	をつかうようにな！ ^ -	o tsukau yō ni na	を つかう よう に な
Linus	やあ、元気かい。^	yā genki kai	やあ げんき かい
Linus	を、	o	を
LinusCooking	調子はどうだい？	chōshi wa dō dai	ちょうし は どう だい
LinusCooking	を同封して送っておいたよ。 ^ -	o dōfū shite okutte oita yo	を どうふう して おくって おいた よ
MSB_Lewis	今回は私の特別注文	konkai wa watashi no tokubetsu chūmon	こんかい は わたし の とくべつ ちゅうもん
MSB_Lewis	に応えてくれてありがとう。	ni kotaete kurete arigatō	に こたえて くれて ありがとう
MSB_Lewis	これは「ミニ出荷箱」、	kore wa mini shukka bako	コレ は ミニ シュッカ バコ
MSB_Lewis	それをどこかに置いてくれたら、	sore o dokoka ni oite kuretara	それ を どこか に おいて くれたら
MSB_Lewis	必ず立ち寄るようにするよ。^^-	kanarazu tachiyoru yō ni suru yo	かならず たちよる よう に する よ
MSB_Pierre	@へ、^^	e	へ
MSB_Pierre	は、	wa	は
MSB_Pierre	みなさんに興味を持ってもらえなかったようですね…^^	minasan ni kyōmi o motte moraenakatta yō desu ne	みなさん に きょうみ を もって もらえなかった よう です ね
MSB_Pierre	それはさておき、	sore wa sateoki	それ は さておき
MSB_Pierre	を手に入れたら、	o te ni iretara	を て に いれたら
MarlonRecovery	無くし物を見つけたよ。^^	nakushimono o mitsuketa yo	なくしもの を みつけた よ
MarlonRecovery	次からもっと気をつけなさい！^-	tsugi kara motto ki o tsukenasai	つぎ から もっと き を つけなさい
MarlonRecovery	マーロンはあなたのアイテムを見つけました	Māron wa anata no aitemu o mitsukemashita	マーロン は アナタ ノ アイテム を ミツケマシタ
Marnie	へ^	e	へ
Marnie	いつも親切にしてくれてありがとう。	itsumo shinsetsu ni shite kurete arigatō	いつも しんせつ に して くれて ありがとう
Marnie	をおすそ分けさせてください。	o o-susowake sasete kudasai	を おすそわけ させて ください
Marnie	お仕事が楽になりますように。	o-shigoto ga raku ni narimasu yō ni	おしごと が らく に なります よう に
Marnie	どうか、がんばってね！ ^ -	dōka ganbatte ne	どうか がんばって ね
MarnieCooking	へ^	e	へ
MarnieCooking	動物の世話をしてないとき	dōbutsu no sewa o shitenai toki	どうぶつ の せわ を してない とき
MarnieCooking	は、	wa	は
MarnieCooking	キッチンでちょっとした実験をするの	kitchin de chotto shita jikken o suru no	キッチン デ チョット シタ ジッケン を スル ノ
MarnieCooking	をあなたにおすそ分けいしようかなって思って。^	o anata ni o-susowake i shiyō ka na tte omotte	を あなた に おすそわけ い しよう か な って おもって
MarnieCooking	どうかお気にめしますように！ ^ -	dōka o-ki ni meshimasu yō ni	どうか おき に めします よう に
MarniePetAdoption	へ。^^	e	へ
MarniePetAdoption	はペットをよく世話してくれているみたいね！	wa petto o yoku sewa shite kurete iru mitai ne	は ペット を ヨク セワ シテ クレテ イル ミタイ ネ
MarniePetAdoption	とっても嬉しいわ！^^	tottemo ureshii wa	とっても うれしい は
MarniePetAdoption	里親が必要なかわいい動物たち	satooya ga hitsuyō na kawaii dōbutsu tachi	さとおや が ひつよう な かわいい どうぶつ たち
MarniePetAdoption	はたくさんいるの…	wa takusan iru no	は たくさん いる の
MarniePetAdoption	を始めるつもりなの。^^	o hajimeru tsumori na no	を はじめる つもり な の
MarniePetAdoption	手数料がかかること	tesūryō ga kakaru koto	てすうりょう が かかる こと
MarniePetAdoption	を欲しがること、	o hoshigaru koto	を ほしがる こと
MarniePetAdoption	そうでないと不機嫌になってしまうこと	sō de nai to fukigen ni natte shimau koto	そう で ない と ふきげん に なって しまう こと
MarniePetAdoption	に注意してね。	ni chūi shite ne	に ちゅうい して ね
MarniePetAdoption	は、	wa	は
MarniePetAdoption	お金を払えば	o-kane o haraeba	おかね を はらえば
MarniePetAdoption	ロビンが喜んで作ってくれるわ。^^	Robin ga yorokonde tsukutte kureru wa	ロビン ガ ヨロコンデ ツクッテ クレル は
MarniePetAdoption	また会いましょうね！^-	mata aimashō ne	また あいましょう ね
MarniePetRejectedAdoption	へ。^^	e	へ
MarniePetRejectedAdoption	がペットを飼わないことに決めたの	ga petto o kawanai koto ni kimeta no	ガ ペット を カワナイ コト ニ キメタ ノ
MarniePetRejectedAdoption	は知っているわ。	wa shitte iru wa	は しって いる は
MarniePetRejectedAdoption	には私のお店に寄ってちょうだいね。	ni wa watashi no o-mise ni yotte chōdai ne	に は わたし の おみせ に よって ちょうだい ね
MarniePetRejectedAdoption	ペットの里親募集を始めたのよ。^^	petto no satooya boshū o hajimeta no yo	ペット ノ サトオヤ ボシュー を ハジメタ ノ ヨ
MarniePetRejectedAdoption	また会いましょうね！^-	mata aimashō ne	また あいましょう ね
Pam	よう。^	yō	よう
PamCooking	よう、若いの。^	yō wakai no	よう わかい の
PamCooking	こいつは、	koitsu wa	こいつ は
PamCooking	ちょいと根気はいるが、	choito konki wa iru ga	ちょいと こんき は いる が
PamCooking	まあ試してみな。 ^ -	mā tameshite mina	まあ ためして みな
PennyCleanTrailer	きのうはごめんね。	kinō wa gomen ne	きのう は ごめん ね
PennyCleanTrailer	母さん	kāsan	かあさん
PennyCleanTrailer	はときどき、	wa tokidoki	は ときどき
PennyCleanTrailer	ああやって不機嫌になるの。^	ā yatte fukigen ni naru no	ああ やって ふきげん に なる の
PennyCleanTrailer	どうか、	dōka	どうか
PennyCleanTrailer	は忘れてね。^ -	wa wasurete ne	は わすれて ね
Pierre	へ^	e	へ
Pierre	ありがとうございます！	arigatō gozaimasu	ありがとう ございます
Pierre	このたびは、	kono tabi wa	この たび は
Pierre	をお送りいたします。	o o-okuri itashimasu	を おおくり いたします
Pierre	毎度ありがとうございます！ ^ -	maido arigatō gozaimasu	まいど ありがとう ございます
PierreCooking	あなたを良き友人と見こんで	anata o yoki yūjin to mikonde	あなた を よき ゆうじん と みこんで
Pigs	へ^	e	へ
Pigs	がうちのお店に来るようになってから、	ga uchi no o-mise ni kuru yō ni natte kara	が うち の おみせ に くる よう に なって から
Pigs	もうずいぶんたったよね。	mō zuibun tatta yo ne	もう ずいぶん たった よ ね
Pigs	をはじめることにしました。	o hajimeru koto ni shimashita	を はじめる こと に しました
Pigs	は特別な訓練を受けていて、	wa tokubetsu na kunren o ukete ite	は とくべつ な くんれん を うけて いて
Pigs	を探してきてくれるの！ ^ -	o sagashite kite kureru no	を さがして きて くれる の
QiChallengeComplete	達成したようだな。^ 	tassei shita yō da na	たっせい した よう だ な
QiChallengeComplete	報酬だ。	hōshū da	ほうしゅう だ
Rabbits	へ^	e	へ
Rabbits	をはじめました！	o hajimemashita	を はじめました
Rabbits	ウサギからはウールが取れるの…	usagi kara wa ūru ga toreru no	ウサギ カラ は ウール ガ トレル ノ
RarecrowSociety	は本当に印象的だ...^^	wa hontō ni inshōteki da	は ほんとう に いんしょうてき だ
RarecrowSociety	を手に入れることができるんだ！^^	o te ni ireru koto ga dekiru n da	を て に いれる こと が できる ん だ
RarecrowSociety	あなたの業績	anata no gyōseki	あなた の ぎょうせき
RarecrowSociety	を記念して、	o kinen shite	を きねん して
RarecrowSociety	この青写真を受け取ってください。^ -  	kono aojashin o uketotte kudasai	この あおじゃしん を うけとって ください
Robin	調子はどう？^	chōshi wa dō	ちょうし は どう
RobinCooking	@へ^	e	へ
RobinCooking	おばあちゃんから教わった、	obāchan kara osowatta	おばあちゃん から おそわった
RobinCooking	を教えてあげるね。	o oshiete ageru ne	を おしえて あげる ね
Sandy	ねえ、	nē	ねい
Sandy	こっちはすごく退屈なの。 :(	kotchi wa sugoku taikutsu na no	こっち は すごく たいくつ な の
Sandy	を入れておきました。	o irete okimashita	を いれて おきました
Sandy	お礼はこっちに来て直接言ってね！ ^ -	o-rei wa kotchi ni kite chokusetsu itte ne	おれい は こっち に きて ちょくせつ いって ね
SandyCooking	@へ^	e	へ
SandyCooking	あなたへ手紙を書くことにしました。	anata e tegami o kaku koto ni shimashita	あなた へ てがみ を かく こと に しました
SandyCooking	をいっしょに送るね。	o issho ni okuru ne	を いっしょ に おくる ね
SandyCooking	近いうちにまたこっちへ来てね！ ^ -	chikai uchi ni mata kotchi e kite ne	ちかい うち に また こっち へ きて ね
SeaAmulet	@へ^	e	へ
SeaAmulet	は気に入っているし、	wa ki ni itte iru shi	は き に いって いる し
SeaAmulet	きみにアドバイスをおくろう。	kimi ni adobaisu o okurō	キミ ニ アドバイス を オクロー
SeaAmulet	結婚を申し込みたい人ができたなら、	kekkon o mōshikomitai hito ga dekita nara	けっこん を もうしこみたい ひと が できた なら
SeaAmulet	をプレゼントする必要がある。	o purezento suru hitsuyō ga aru	を プレゼント スル ヒツヨー ガ アル
SeaAmulet	伝わるかどうかは心配しなくていい。	tsutawaru ka dō ka wa shinpai shinakute ii	つたわる か どう か は しんぱい しなくて いい
SeaAmulet	ペンダントを贈られることの意味	pendanto o okurareru koto no imi	ペンダント を オクラレル コト ノ イミ
SeaAmulet	を知っているからね。	o shitte iru kara ne	を しって いる から ね
SeaAmulet	このあたりに遠い昔から伝わる伝統なんだ。	kono atari ni tōi mukashi kara tsutawaru dentō na n da	この あたり に とうい むかし から つたわる でんとう な ん だ
SeaAmulet	では、幸運を祈ってるよ！ ^ -	de wa kōun o inotteru yo	で は こううん を いのってる よ
Shane	よう。^	yō	よう
Shane	あんたに手紙を書いてみた。	anta ni tegami o kaite mita	あんた に てがみ を かいて みた
Shane	まあ、書き方とかよくわからないんだけどな。^ 	mā kakikata toka yoku wakaranai n da kedo na	まあ かきかた とか よく わからない ん だ けど な
Shane	そうだ、	sō da	そう だ
Shane	手紙といっしょにいいもんを入れといた。	tegami to issho ni ii mon o iretoita	てがみ と いっしょ に いい もん を いれといた
Shane	よし、それじゃあまたな。 ^ -	yoshi sore jā mata na	よし それ じゃあ また な
ShaneCooking	@へ^	e	へ
ShaneCooking	雑誌を読んでたら	zasshi o yondetara	ざっし を よんでたら
ShaneCooking	こんなレシピを見つけたんだが、	konna reshipi o mitsuketa n da ga	コンナ レシピ を ミツケタ ン ダ ガ
Sheep	へ^	e	へ
Sheep	にはもう慣れたみたいだね。	ni wa mō nareta mitai da ne	に は もう なれた みたい だ ね
Sheep	でヒツジを買えるようにしておきました！ ^ -	de hitsuji o kaeru yō ni shite okimashita	デ ヒツジ を カエル ヨー ニ シテ オキマシタ
WillyCooking	@へ^	e	へ
WillyCooking	こいつはうちの親父	koitsu wa uchi no oyaji	こいつ は うち の おやじ
WillyCooking	つくるときは、	tsukuru toki wa	つくる とき は
WillyCooking	絶対に新鮮な魚をつかってくれよな！ ^ -	zettai ni shinsen na sakana o tsukatte kure yo na	ぜったい に しんせん な さかな を つかって くれ よ な
WillyTropicalFish	@へ、^^	e	へ
WillyTropicalFish	島への釣り旅行	shima e no tsuri ryokō	しま へ の つり りょこう
WillyTropicalFish	は大成功だったな。	wa daiseikō datta na	は だいせいこう だった な
WillyTropicalFish	お前さんはたいしたモンだよ！^^	omae-san wa taishita mon da yo	オマエサン は タイシタ モン ダ ヨ
WillyTropicalFish	これは新しい水槽だ、	kore wa atarashii suisō da	これ は あたらしい すいそう だ
Wizard	ごきげんよう、	gokigen yō	ごきげん よう
Wizard	秘儀のために有用な品	higi no tame ni yūyō na shina	ひぎ の ため に ゆうよう な しな
Wizard	を同封しておいた。	o dōfū shite oita	を どうふう して おいた
WizardReward	貴殿が届けてくれた標本	kiden ga todokete kureta hyōhon	きでん が とどけて くれた ひょうほん
WizardReward	は、	wa	は
WizardReward	の陰謀について、	no inbō ni tsuite	の いんぼう に ついて
WizardReward	大きな知見をもたらしてくれた。^^	ōki na chiken o motarashite kureta	おうき な ちけん を もたらして くれた
WizardReward	我輩が調合した刺激性の薬	wagahai ga chōgō shita shigekisei no kusuri	わがはい が ちょうごう した しげきせい の くすり
WizardReward	はそれらの存在を夢中にさせることだろう。	wa sorera no sonzai o muchū ni saseru koto darō	は それら の そんざい を むちゅう に させる こと だろう
WizardReward	注意して使うことだ。^^-	chūi shite tsukau koto da	ちゅうい して つかう こと だ
WizardReward2	我輩の魔術研究	wagahai no majutsu kenkyū	わがはい の まじゅつ けんきゅう
WizardReward2	は大きな飛躍を遂げた。^^	wa ōki na hiyaku o togeta	は おうき な ひやく を とげた
WizardReward2	極めて有用な機械の設計図	kiwamete yūyō na kikai no sekkeizu	きわめて ゆうよう な きかい の せっけいず
WizardReward2	を同封しておいた…^^-	o dōfū shite oita	を どうふう して おいた
WoodChipper	これを使えば	kore o tsukaeba	これ を つかえば
WoodChipper	堅木を何枚かの普通の木に砕くことができるの！^^	katagi o nanmai ka no futsū no ki ni kudaku koto ga dekiru no	かたぎ を なんまい か の ふつう の き に くだく こと が できる の
WoodChipper	少なくなったら拾うことを考えてね。^ - 	sukunaku nattara hirou koto o kangaete ne	すくなく なったら ひろう こと を かんがえて ね
abbySpiritBoard	ねえ、	nē	ねい
adoptionLetter	へ^	e	へ
adoptionLetter	おめでとうございます！	omedetō gozaimasu	おめでとう ございます
adoptionLetter	あなたがたの養子縁組申請	anatagata no yōshi engumi shinsei	あなたがた の ようし えんぐみ しんせい
adoptionLetter	は承認されました。^	wa shōnin saremashita	は しょうにん されました
adoptionLetter	の選出に全力を尽くしております。^	no senshutsu ni zenryoku o tsukushite orimasu	の せんしゅつ に ぜんりょく を つくして おります
adoptionLetter	は、	wa	は
adoptionLetter	あと2週間で到着する予定です。^^-	ato nishūkan de tōchaku suru yotei desu	あと にしゅうかん で とうちゃく する よてい です
adoptionLetter	養子縁組の通知	yōshi engumi no tsūchi	ようし えんぐみ の つうち
afterArtShow	@へ^	e	へ
afterArtShow	きのうは作品の展覧会に来てくれてありがとう。	kinō wa sakuhin no tenrankai ni kite kurete arigatō	きのう は さくひん の てんらんかい に きて くれて ありがとう
afterArtShow	大成功だったね！	daiseikō datta ne	だいせいこう だった ね
afterArtShow	作品はほとんど売れたし、	sakuhin wa hotondo ureta shi	さくひん は ほとんど うれた し
afterArtShow	すごく応援してもらえてよかった！	sugoku ōen shite moraete yokatta	すごく おうえん して もらえて よかった
afterArtShow	それじゃあ、また会おうね。 ^ -	sore jā mata aō ne	それ じゃあ また あおう ね
afterSamShow	@へ^	e	へ
afterSamShow	ライブは大成功だったな！	raibu wa daiseikō datta na	ライブ は ダイセイコー ダッタ ナ
afterSamShow	サイコーのバンドを組めたのは	saikō no bando o kumeta no wa	サイコー ノ バンド を クメタ ノ は
afterSamShow	もう一回言っときたくてさ。	mō ikkai ittokitakute sa	もう いっかい いっときたくて さ
afterSamShow	ほんとうにありがとう。	hontō ni arigatō	ほんとう に ありがとう
carolineSO	へ、^^	e	へ
carolineSO	から聞いたわ、	kara kiita wa	から きいた は
carolineSO	あなたが島からたくさんの食材を送ってくれている	anata ga shima kara takusan no shokuzai o okutte kurete iru	あなた が しま から たくさん の しょくざい を おくって くれて いる
carolineSO	新しい作物が手に入るのは嬉しいわ…	atarashii sakumotsu ga te ni hairu no wa ureshii wa	あたらしい さくもつ が て に はいる の は うれしい は
carolineSO	新しい料理の世界が広がるんですもの！^	atarashii ryōri no sekai ga hirogaru n desu mono	あたらしい りょうり の せかい が ひろがる ん です もの
carolineSO	設計図をいくつか送ります…	sekkeizu o ikutsuka okurimasu	せっけいず を いくつか おくります
carolineSO	あなたが役立ててくれたら嬉しいわ。^^-	anata ga yakudatete kuretara ureshii wa	あなた が やくだてて くれたら うれしい は
ccBulletinThankYou	@へ^	e	へ
ccBulletinThankYou	町じゅう、	machi jū	まち じゅう
ccBulletinThankYou	どうやら、	dōyara	どうやら
ccBulletinThankYou	何年ものあいだ公民館の掲示板に貼りっぱなしだったもの	nannen mo no aida kōminkan no keijiban ni harippanashi datta mono	なんねん も の あいだ こうみんかん の けいじばん に はりっぱなし だった もの
ccBulletinThankYou	それぞれの持ち主の家へ小包に入れて届けられたようなんだ！	sorezore no mochinushi no ie e kozutsumi ni irete todokerareta yō na n da	それぞれ の もちぬし の いえ へ こずつみ に いれて とどけられた よう な ん だ
ccBulletinThankYou	そして小包にはすべて、	soshite kozutsumi ni wa subete	そして こずつみ に は すべて
ccBulletinThankYou	きみの牧場の住所が書いてあったというわけだ！^	kimi no bokujō no jūsho ga kaite atta to iu wake da	きみ の ぼくじょう の じゅうしょ が かいて あった と いう わけ だ
ccBulletinThankYou	こんなにすばらしいことをしてくれてありがとう…	konna ni subarashii koto o shite kurete arigatō	こんな に すばらしい こと を して くれて ありがとう
ccBulletinThankYou	町中のみんながよろこんでいるよ！ ^ -	machijū no minna ga yorokonde iru yo	まちじゅう の みんな が よろこんで いる よ
dad1	@へ^ 	e	へ
dad1	にはもう慣れたかい？	ni wa mō nareta kai	に は もう なれた かい
dad1	もうすっかり大人になったんだな…	mō sukkari otona ni natta n da na	もう すっかり おとな に なった ん だ な
dad1	時がすぎるのは早いな。	toki ga sugiru no wa hayai na	とき が すぎる の は はやい な
dad1	せんべつとしていくらかお金を用意した。	senbetsu to shite ikuraka o-kane o yōi shita	せんべつ と して いくらか おかね を ようい した
dad1	同封しておくから受けとってくれ。^ 	dōfū shite oku kara uketotte kure	どうふう して おく から うけとって くれ
dad1	愛をこめて、	ai o komete	あい を こめて
dad1	父さんより%item money 500 501 %%[#]	tōsan yori	とうさん より
dad1	父さんから	tōsan kara	とうさん から
dad2	@へ^ 	e	へ
dad2	田舎ぐらしはどうだい？	inaka gurashi wa dō dai	いなか ぐらし は どう だい
dad2	それでもお前ががんばっているのは誇らしいよ。^ 	sore demo omae ga ganbatte iru no wa hokorashii yo	それ でも おまえ が がんばって いる の は ほこらしい よ
dad2	愛をこめて、	ai o komete	あい を こめて
dad2	父さんより ^ 	tōsan yori	とうさん より
dad2	父さんから#2	tōsan kara	とうさん から
dad3	@へ^ 	e	へ
dad3	お前を取材した地元新聞の記事	omae o shuzai shita jimoto shinbun no kiji	おまえ を しゅざい した じもと しんぶん の きじ
dad3	を読んだよ！	o yonda yo	を よんだ よ
dad3	牧場はかなりうまくいっているようだね。	bokujō wa kanari umaku itte iru yō da ne	ぼくじょう は かなり うまく いって いる よう だ ね
dad3	父さんはフェーンアイランドに豪勢なバンガローを買って隠居できるかもな。 （笑）^ 	tōsan wa Fēn Airando ni gōsei na bangarō o katte inkyo dekiru kamo na	トーサン は フェーン アイランド ニ ゴーセイ ナ バンガロー を カッテ インキョ デキル カモ ナ
dad3	愛をこめて、	ai o komete	あい を こめて
dad3	父さんより[#]	tōsan yori	とうさん より
dad3	父さんから#3	tōsan kara	とうさん から
dad4	@へ^ 	e	へ
dad4	牧場が忙しいんだろう？	bokujō ga isogashii n darō	ぼくじょう が いそがしい ん だろう
dad4	一生懸命はたらいているようだな…	isshōkenmei hataraite iru yō da na	いっしょうけんめい はたらいて いる よう だ な
dad4	なにかを成し遂げるまでがんばることだ！^ 	nanika o nashitogeru made ganbaru koto da	なにか を なしとげる まで がんばる こと だ
dad4	愛をこめて、	ai o komete	あい を こめて
dad4	父さんより ^ 	tōsan yori	とうさん より
dad4	父さんから#4	tōsan kara	とうさん から
elliottLetter1	ツアーを始めるために、	tsuā o hajimeru tame ni	ツアー を ハジメル タメ ニ
elliottLetter1	町がどれくらい大忙しで騒がしくなっているか忘れてたよ！	machi ga dore kurai ōisogashi de sawagashiku natte iru ka wasureteta yo	まち が どれ くらい おういそがし で さわがしく なって いる か わすれてた よ
elliottLetter1	通りは人であふれてる...	tōri wa hito de afureteru	とうり は ひと で あふれてる
elliottLetter1	彼らは怒っていて急いでいるように見えるし、	karera wa okotte ite isoide iru yō ni mieru shi	かれら は おこって いて いそいで いる よう に みえる し
elliottLetter1	霧の中で周りが見えなくなったように見えるね。	kiri no naka de mawari ga mienaku natta yō ni mieru ne	きり の なか で まわり が みえなく なった よう に みえる ね
elliottLetter1	地元の本屋でツアーを始めるよ。	jimoto no hon'ya de tsuā o hajimeru yo	ジモト ノ ホンヤ デ ツアー を ハジメル ヨ
elliottLetter1	人前で話すことに緊張してるって...	hitomae de hanasu koto ni kinchō shiteru tte	ひとまえ で はなす こと に きんちょう してる って
elliottLetter1	幸運を祈る！^^- 	kōun o inoru	こううん を いのる
elliottLetter1	心を込めて、	kokoro o komete	こころ を こめて
elliottLetter1	僕は君が平和な夜を過ごしたことを願ってるよ、	boku wa kimi ga heiwa na yoru o sugoshita koto o negatteru yo	ぼく は きみ が へいわ な よる を すごした こと を ねがってる よ
elliottLetter1	そしてその大きな家の中で一人でいても、	soshite sono ōki na ie no naka de hitori de ite mo	そして その おうき な いえ の なか で ひとり で いて も
elliottLetter1	全然怖がっていなかったことをね！%item conversationTopic ElliottGone2 0 %%[#]	zenzen kowagatte inakatta koto o ne	ぜんぜん こわがって いなかった こと を ね
elliottLetter2	観客は思っていたより少し小さかったけど、	kankyaku wa omotte ita yori sukoshi chiisakatta kedo	かんきゃく は おもって いた より すこし ちいさかった けど
elliottLetter2	最初の読書はうまくいった。	saisho no dokusho wa umaku itta	さいしょ の どくしょ は うまく いった
elliottLetter2	自分の（バグが発生）ホテルの部屋代を払うには、	jibun no bagu ga hassei hoteru no heyadai o harau ni wa	ジブン ノ バグ ガ ハッセイ ホテル ノ ヘヤダイ を ハラウ ニ は
elliottLetter2	十分な本のコピーを販売したよ！^^	jūbun na hon no kopī o hanbai shita yo	ジューブン ナ ホン ノ コピー を ハンバイ シタ ヨ
elliottLetter2	数時間後に、	sūjikan go ni	すうじかん ご に
elliottLetter2	ズズシティへ出発します。	Zuzu Shiti e shuppatsu shimasu	ズズ シティ へ シュッパツ シマス
elliottLetter2	次にする読書は真のナパーム爆風だろう...^^	tsugi ni suru dokusho wa shin no napāmu bakufū darō	ツギ ニ スル ドクショ は シン ノ ナパーム バクフー ダロー
elliottLetter2	よく食べることを忘れないで！	yoku taberu koto o wasurenaide	よく たべる こと を わすれないで
elliottLetter2	ああ、	ā	ああ
elliottLetter2	冷蔵庫に入れた残りのカニのケーキを忘れないで...^-	reizōko ni ireta nokori no kani no kēki o wasurenaide	レイゾーコ ニ イレタ ノコリ ノ カニ ノ ケーキ を ワスレナイデ
elliottLetter2	愛を込めて、	ai o komete	あい を こめて
elliottLetter3	昨夜のズズシティはかなりの経験だったよ！	sakuya no Zuzu Shiti wa kanari no keiken datta yo	サクヤ ノ ズズ シティ は カナリ ノ ケイケン ダッタ ヨ
elliottLetter3	ここには大きな文学の場面があるようだね...	koko ni wa ōki na bungaku no bamen ga aru yō da ne	ここ に は おうき な ぶんがく の ばめん が ある よう だ ね
elliottLetter3	数十人の人々が僕の読書に来てくれた！^^	sūjūnin no hitobito ga boku no dokusho ni kite kureta	すうじゅうにん の ひとびと が ぼく の どくしょ に きて くれた
elliottLetter3	僕は2、3人にサインをしました...	boku wa ni san nin ni sain o shimashita	ボク は ニ サン ニン ニ サイン を シマシタ
elliottLetter3	大事な人として見られるのはなんだか不思議だ。	daiji na hito to shite mirareru no wa nandaka fushigi da	だいじ な ひと と して みられる の は なんだか ふしぎ だ
elliottLetter3	それは全部構成の問題で、	sore wa zenbu kōsei no mondai de	それ は ぜんぶ こうせい の もんだい で
elliottLetter3	壮大な幻想なんだよ...	sōdai na gensō na n da yo	そうだい な げんそう な ん だ よ
elliottLetter3	本当に僕は誰にとっても特別な人ではないんだよ。	hontō ni boku wa dare ni totte mo tokubetsu na hito de wa nai n da yo	ほんとう に ぼく は だれ に とって も とくべつ な ひと で は ない ん だ よ
elliottLetter3	いつものように献身的なのはエリオットだけ。^^	itsumo no yō ni kenshinteki na no wa Eriotto dake	イツモ ノ ヨー ニ ケンシンテキ ナ ノ は エリオット ダケ
elliottLetter3	Joja Valueの食事を「摂取」してる...^^	Joja Value no shokuji o sesshu shiteru	Joja Value の しょくじ を せっしゅ してる
elliottLetter3	これを「食べ物」と呼ぶべきなのか？^	kore o tabemono to yobu beki na no ka	これ を たべもの と よぶ べき な の か
elliottLetter3	それとも「食用の物体」？^	sore tomo shokuyō no buttai	それ とも しょくよう の ぶったい
elliottLetter3	長く考え込む必要はないんだ^	nagaku kangaekomu hitsuyō wa nai n da	ながく かんがえこむ ひつよう は ない ん だ
elliottLetter3	後者に間違いない^^	kōsha ni machigai nai	こうしゃ に まちがい ない
elliottLetter3	もうすぐ帰宅するのを楽しみにしてるよ。	mōsugu kitaku suru no o tanoshimi ni shiteru yo	もうすぐ きたく する の を たのしみ に してる よ
elliottLetter3	カニのケーキを楽しんで欲しいな。^^-	kani no kēki o tanoshinde hoshii na	カニ ノ ケーキ を タノシンデ ホシイ ナ
elliottLetter3	愛を込めて、	ai o komete	あい を こめて
elliottLetter4	夢の中で高尚な景色を見下ろすとき^	yume no naka de kōshō na keshiki o miorosu toki	ゆめ の なか で こうしょう な けしき を みおろす とき
elliottLetter4	太陽に照らされた海を見つめる^	taiyō ni terasareta umi o mitsumeru	たいよう に てらされた うみ を みつめる
elliottLetter4	旅した遠い海岸^	tabi shita tōi kaigan	たび した とうい かいがん
elliottLetter4	でも時はいま記憶を曇らせる^^	demo toki wa ima kioku o kumoraseru	でも とき は いま きおく を くもらせる
elliottLetter4	永遠の場所は1つしかない^	eien no basho wa hitotsu shika nai	えいえん の ばしょ は ひとつ しか ない
elliottLetter5	これ以上の詳細は書かないでね。	kore ijō no shōsai wa kakanaide ne	これ いじょう の しょうさい は かかないで ね
elliottLetter5	それはほとんど同じなんだ。^^	sore wa hotondo onaji na n da	それ は ほとんど おなじ な ん だ
elliottLetter5	どんな進歩があったか見るのを待てない。^^	donna shinpo ga atta ka miru no o matenai	どんな しんぽ が あった か みる の を まてない
elliottLetter5	町を渡り歩く長い旅で、	machi o watariaruku nagai tabi de	まち を わたりあるく ながい たび で
elliottLetter5	目を閉じて農場を想像して楽しんでいた...	me o tojite nōjō o sōzō shite tanoshinde ita	め を とじて のうじょう を そうぞう して たのしんで いた
elliottLetter5	貴重な鉱石が付いている炉の炎、	kichō na kōseki ga tsuite iru ro no honō	きちょう な こうせき が ついて いる ろ の ほのう
elliottLetter5	鉱山にあまりにも遅刻しすぎないで、	kōzan ni amari ni mo chikoku shisuginaide	こうざん に あまり に も ちこく しすぎないで
elliottLetter5	たくさんの食物を持っていって欲しい。^^-	takusan no shokumotsu o motte itte hoshii	たくさん の しょくもつ を もって いって ほしい
elliottLetter5	心を込めて、	kokoro o komete	こころ を こめて
elliottLetter6	これは僕が帰宅する前の最後の手紙になるだろう。	kore wa boku ga kitaku suru mae no saigo no tegami ni naru darō	これ は ぼく が きたく する まえ の さいご の てがみ に なる だろう
elliottLetter6	僕は素晴らしい旅をした...	boku wa subarashii tabi o shita	ぼく は すばらしい たび を した
elliottLetter6	ワクワクすることは何もなかった。	wakuwaku suru koto wa nani mo nakatta	ワクワク スル コト は ナニ モ ナカッタ
elliottLetter6	僕の仕事を楽しんでいる人たちに会えてうれしいけど、	boku no shigoto o tanoshinde iru hitotachi ni aete ureshii kedo	ぼく の しごと を たのしんで いる ひとたち に あえて うれしい けど
elliottLetter6	満足のいく農作業、	manzoku no iku nōsagyō	まんぞく の いく のうさぎょう
elliottLetter6	家庭料理、	katei ryōri	かてい りょうり
elliottLetter6	君と一緒にフランネルシーツをくつろぎながら楽しみにしてるよ。^^	kimi to issho ni furanneru shītsu o kutsurogi nagara tanoshimi ni shiteru yo	キミ ト イッショ ニ フランネル シーツ を クツロギ ナガラ タノシミ ニ シテル ヨ
elliottLetter6	すぐに会おう！^-	sugu ni aō	すぐ に あおう
elliottLetter6	心を込めて、	kokoro o komete	こころ を こめて
elliottReading	とうとう小説が完成したよ！	tōtō shōsetsu ga kansei shita yo	とうとう しょうせつ が かんせい した よ
elliottReading	今日の午後、	kyō no gogo	きょう の ごご
elliottReading	図書館で朗読会を開く予定なんだ。	toshokan de rōdokukai o hiraku yotei na n da	としょかん で ろうどくかい を ひらく よてい な ん だ
emilyStones	素敵な宝石を本当にありがとう。^	suteki na hōseki o hontō ni arigatō	すてき な ほうせき を ほんとう に ありがとう
emilyStones	この贈り物は私の感謝の気持ち。	kono okurimono wa watashi no kansha no kimochi	この おくりもの は わたし の かんしゃ の きもち
fall_15	@へ^	e	へ
fall_15	を忘れずにな。^	o wasurezu ni na	を わすれず に な
fall_15	まつりの会場は町の広場、	matsuri no kaijō wa machi no hiroba	まつり の かいじょう は まち の ひろば
fall_15	スタートは午前9時からだ。	sutāto wa gozen kuji kara da	スタート は ゴゼン クジ カラ ダ
fall_15	では、当日会おう！ ^ -	de wa tōjitsu aō	で は とうじつ あおう
fall_19_1	へ-^	e	へ
fall_19_1	カボチャをひとついただきたいの。	kabocha o hitotsu itadakitai no	カボチャ を ヒトツ イタダキタイ ノ
fall_19_1	娘といっしょにジャックオーランタンをつくろうと思うんです。 ^ -	musume to issho ni jakku ō rantan o tsukurō to omou n desu	ムスメ ト イッショ ニ ジャック オー ランタン を ツクロー ト オモウ ン デス
fall_19_2	だれか電池をひとつ分けてくれないかい？	dareka denchi o hitotsu wakete kurenai kai	だれか でんち を ひとつ わけて くれない かい
fall_19_2	チャンネルを変えるのに、	channeru o kaeru no ni	チャンネル を カエル ノ ニ
fall_19_2	パムが助けを求める	Pamu ga tasuke o motomeru	パム ガ タスケ を モトメル
fall_26	@へ^	e	へ
fall_26	近ごろ肌ざむいことには気づいたかな？	chikagoro hadazamui koto ni wa kizuita ka na	ちかごろ はだざむい こと に は きずいた か な
fall_26	それは冬が訪れる知らせか、	sore wa fuyu ga otozureru shirase ka	それ は ふゆ が おとずれる しらせ か
fall_26	祭りのお祝いを手伝うためにやってきた、	matsuri no o-iwai o tetsudau tame ni yatte kita	まつり の おいわい を てつだう ため に やって きた
fall_26	闇の亡霊の気配かも知れない…	yami no bōrei no kehai kamo shirenai	やみ の ぼうれい の けはい かも しれない
fall_26	明日はスピリット・イブのお祭りなんだ。^	ashita wa Supiritto Ibu no o-matsuri na n da	アシタ は スピリット イブ ノ オマツリ ナ ン ダ
fall_26	午後10時に町へ来てくれ。^ -	gogo jūji ni machi e kite kure	ごご じゅうじ に まち へ きて くれ
fall_3_1	@へ^	e	へ
fall_3_1	うちのウシたちに特別なごちそうをあげたいんだ。	uchi no ushi tachi ni tokubetsu na gochisō o agetai n da	ウチ ノ ウシ タチ ニ トクベツ ナ ゴチソー を アゲタイ ン ダ
fall_3_1	アマランサスを1束もらえない？	amaransasu o hitotaba moraenai	アマランサス を ヒトタバ モラエナイ
fall_3_1	みんなの大好物なの。^	minna no daikōbutsu na no	みんな の だいこうぶつ な の
fall_6_2	報酬： 	hōshū	ほうしゅう
fall_6_2	ガスがロブスターを求める	Gasu ga robusutā o motomeru	ガス ガ ロブスター を モトメル
fall_8_1	カゴをなくしてしまってね。	kago o nakushite shimatte ne	カゴ を ナクシテ シマッテ ネ
fall_8_1	手を貸してくれないかい？^ -	te o kashite kurenai kai	て を かして くれない かい
fall_8_1	ライナスがカゴを失った	Rainasu ga kago o ushinatta	ライナス ガ カゴ を ウシナッタ
fall_9	@へ^	e	へ
fall_9	今日から1週間後、	kyō kara isshūkan go	きょう から いっしゅうかん ご
fall_9	町の広場でスターデューバレーまつりを開催するぞ！^	machi no hiroba de Sutādyū Barē matsuri o kaisai suru zo	マチ ノ ヒロバ デ スターデュー バレー マツリ を カイサイ スル ゾ
fall_9	当日はこの小さな町に、	tōjitsu wa kono chiisa na machi ni	とうじつ は この ちいさ な まち に
fall_9	国じゅうから人が集まってくる。	kuni jū kara hito ga atsumatte kuru	くに じゅう から ひと が あつまって くる
fall_9	きみがそうしたければ、	kimi ga sō shitakereba	きみ が そう したければ
fall_9	9個のアイテムを展示して、	kyūko no aitemu o tenji shite	キューコ ノ アイテム を テンジ シテ
fall_9	きみの実力をしめすんだ。	kimi no jitsuryoku o shimesu n da	きみ の じつりょく を しめす ん だ
fall_9	評価は、	hyōka wa	ひょうか は
fall_9	まつりのスタートは午前9時からだ…	matsuri no sutāto wa gozen kuji kara da	マツリ ノ スタート は ゴゼン クジ カラ ダ
fertilizers	へ^	e	へ
fertilizers	きょうはお知らせがあります。	kyō wa o-shirase ga arimasu	きょう は おしらせ が あります
fertilizers	肥料の取りあつかいを開始しました！	hiryō no toriatsukai o kaishi shimashita	ひりょう の とりあつかい を かいし しました
fertilizers2	へ^	e	へ
fertilizers2	きょうから、	kyō kara	きょう から
fertilizers2	効果が高い肥料	kōka ga takai hiryō	こうか が たかい ひりょう
fertilizers2	をはじめました！	o hajimemashita	を はじめました
fishing2	あたらしい品物を入荷したぜ…^	atarashii shinamono o nyūka shita ze	あたらしい しなもの を にゅうか した ぜ
fishing2	上等な釣りざおと、	jōtō na tsurizao to	じょうとう な つりざお と
fishing2	釣りエサをつかえば、	tsuri esa o tsukaeba	ツリ エサ を ツカエバ
fishing2	じゃあ、店で待ってるぜ！ ^ -	jā mise de matteru ze	じゃあ みせ で まってる ぜ
fishing6	あたらしい釣りざおを入荷したんだが	atarashii tsurizao o nyūka shita n da ga	あたらしい つりざお を にゅうか した ん だ が
fishing6	金を出して買えるやつのなかで、	kane o dashite kaeru yatsu no naka de	かね を だして かえる やつ の なか で
fishing6	いろんな釣り具を付けかえできるんだ！^	ironna tsurigu o tsukekae dekiru n da	いろんな つりぐ を つけかえ できる ん だ
fishing6	じゃあ、店で待ってるぜ！ ^ -	jā mise de matteru ze	じゃあ みせ で まってる ぜ
foundLostTools	@へ、^	e	へ
foundLostTools	誰かがきみの道具をひろって、	dareka ga kimi no dōgu o hirotte	だれか が きみ の どうぐ を ひろって
foundLostTools	落とし物箱に入れてくれたようだ。^^	otoshimono bako ni irete kureta yō da	おとしもの ばこ に いれて くれた よう だ
foundLostTools	町長室まで取りに来ておくれ。^^-	chōchō shitsu made tori ni kite okure	ちょうちょう しつ まで とり に きて おくれ
foundLostTools	なくした道具	nakushita dōgu	なくした どうぐ
georgeGifts	@へ、^^	e	へ
georgeGifts	ポロネギをどうもありがとう。	poronegi o dōmo arigatō	ポロネギ を ドーモ アリガトー
georgeGifts	新鮮でとってもおいしそうだわ。	shinsen de tottemo oishisō da wa	しんせん で とっても おいしそう だ は
georgeGifts	今日はサプライズで、	kyō wa sapuraizu de	キョー は サプライズ デ
georgeGifts	ラッピングした12個の小さな贈り物を彼にプレゼントするつもりなの。	rappingu shita jūniko no chiisa na okurimono o kare ni purezento suru tsumori na no	ラッピング シタ ジューニコ ノ チイサ ナ オクリモノ を カレ ニ プレゼント スル ツモリ ナ ノ
georgeGifts	これを受け取ってもらえるかしら。	kore o uketotte moraeru kashira	これ を うけとって もらえる かしら
georgeGifts	喜んでもらえると嬉しいわ！%item id (BC)246 %%[#]	yorokonde moraeru to ureshii wa	よろこんで もらえる と うれしい は
guildQuest	古い鉱山を探索していたようだな。	furui kōzan o tansaku shite ita yō da na	ふるい こうざん を たんさく して いた よう だ な
guildQuest	おまえにはまちがいなく冒険者魂がある。^	omae ni wa machigai naku bōkensha damashii ga aru	おまえ に は まちがい なく ぼうけんしゃ だましい が ある
guildQuest	もしお前にスライム10匹を討伐できるだけの実力があれば、	moshi omae ni suraimu jūppiki o tōbatsu dekiru dake no jitsuryoku ga areba	モシ オマエ ニ スライム ジューッピキ を トーバツ デキル ダケ ノ ジツリョク ガ アレバ
guildQuest	冒険者ギルドに席を用意しておく。^	bōkensha girudo ni seki o yōi shite oku	ボーケンシャ ギルド ニ セキ を ヨーイ シテ オク
guildQuest	油断はするなよ。 -	yudan wa suru na yo	ゆだん は する な よ
guntherBones	へ、^^	e	へ
guntherBones	たくさんの骨の寄付をありがとう。	takusan no hone no kifu o arigatō	たくさん の ほね の きふ を ありがとう
guntherBones	私の考えでは、	watashi no kangae de wa	わたし の かんがえ で は
guntherBones	どの破片も太古に存在した肺呼吸をする生き物の一部のようなんだ。	dono hahen mo taiko ni sonzai shita haikokyū o suru ikimono no ichibu no yō na n da	どの はへん も たいこ に そんざい した はいこきゅう を する いきもの の いちぶ の よう な ん だ
guntherBones	本当に魅力的だ。^^	hontō ni miryokuteki da	ほんとう に みりょくてき だ
guntherBones	これは感謝の気持ちだよ、	kore wa kansha no kimochi da yo	これ は かんしゃ の きもち だ よ
gusGiantOmelet	@へ、^^	e	へ
gusGiantOmelet	タマゴをありがとう。^	tamago o arigatō	タマゴ を アリガトー
gusGiantOmelet	おいしそうな卵黄だ…	oishisō na ranō da	おいしそう な らのう だ
gusGiantOmelet	よかったらこれを受け取ってくれ。^^-	yokattara kore o uketotte kure	よかったら これ を うけとって くれ
haleyGarden	@へ^	e	へ
haleyGarden	あなたに手紙を書いてみることにしました。^ 	anata ni tegami o kaite miru koto ni shimashita	あなた に てがみ を かいて みる こと に しました
haleyGarden	きのうは、	kinō wa	きのう は
haleyGarden	なんであなたが牧場で暮らしてるのか、	nande anata ga bokujō de kurashiteru no ka	なんで あなた が ぼくじょう で くらしてる の か
haleyGarden	じゃ、また会おうね。 ^ -	ja mata aō ne	じゃ また あおう ね
harveyBalloon	きみがおどろくものを用意したよ。	kimi ga odoroku mono o yōi shita yo	きみ が おどろく もの を ようい した よ
hatter	ぼうしうるよ。	bōshi uru yo	ぼうし うる よ
hatter	ちゅう、	chū	ちゅう
hatter	ちゅう、	chū	ちゅう
incubator	@へ^^	e	へ
incubator	トリ小屋の改築を頼んでくれてありがとう！	tori goya no kaichiku o tanonde kurete arigatō	トリ ゴヤ ノ カイチク を タノンデ クレテ アリガトー
incubator	いままでの2倍動物を飼えるほど広くして、	ima made no nibai dōbutsu o kaeru hodo hirokushite	いま まで の にばい どうぶつ を かえる ほど ひろくして
incubator	わたしの判断でふ卵器を設置しておいたから。^	watashi no handan de furanki o setchi shite oita kara	わたし の はんだん で ふらんき を せっち して おいた から
incubator	つかい方はカンタン。	tsukaikata wa kantan	ツカイカタ は カンタン
incubator	ふ卵器にタマゴを入れるだけだよ。	furanki ni tamago o ireru dake da yo	フランキ ニ タマゴ を イレル ダケ ダ ヨ
incubator	毎度ありがとうございます。^-	maido arigatō gozaimasu	まいど ありがとう ございます
landslideDone	わが価値あるJojaマートのお客様へ：^	waga kachi aru Joja māto no o-kyakusama e	ワガ カチ アル Joja マート ノ オキャクサマ へ
landslideDone	わがチームの削岩作業によって引きおこされていた山の湖近くでの地滑りを沈静化させました。	waga chīmu no sakugan sagyō ni yotte hikiokosarete ita yama no mizuumi chikaku de no jisuberi o chinseika sasemashita	ワガ チーム ノ サクガン サギョー ニ ヨッテ ヒキオコサレテ イタ ヤマ ノ ミズウミ チカク デ ノ ジスベリ を チンセイカ サセマシタ
landslideDone	念のため申し上げると、	nen no tame mōshiageru to	ねん の ため もうしあげる と
landslideDone	行われていた削岩作業は完全に合法です。	okonawarete ita sakugan sagyō wa kanzen ni gōhō desu	おこなわれて いた さくがん さぎょう は かんぜん に ごうほう です
landslideDone	（Joja社規約 修正条項第61091条に基づく）	Joja sha kiyaku shūsei jōkō dai rokumanissen kyūjūichi jō ni motozuku	Joja しゃ きやく しゅうせい じょうこう だい ろくまにっせん きゅうじゅういち じょう に もとずく
landslideDone	Joja社は、	Joja sha wa	Joja しゃ は
landslideDone	地元環境の誠実な管理にもっとも重きをおいております！^^	jimoto kankyō no seijitsu na kanri ni mottomo omoki o oite orimasu	じもと かんきょう の せいじつ な かんり に もっとも おもき を おいて おります
landslideDone	今回の事故で引き起こされたご不便につきましては、	konkai no jiko de hikiokosareta go-fuben ni tsukimashite wa	こんかい の じこ で ひきおこされた ごふべん に つきまして は
landslideDone	心よりお詫び申し上げます。^	kokoro yori o-wabi mōshiagemasu	こころ より おわび もうしあげます
landslideDone	まことにありがとうございます！^^-	makoto ni arigatō gozaimasu	まこと に ありがとう ございます
landslideDone	Joja社 お客様満足推進担当^	Joja sha o-kyakusama manzoku suishin tantō	Joja しゃ おきゃくさま まんぞく すいしん たんとう
landslideDone	Jojaが地滑りを沈静化	Joja ga jisuberi o chinseika	Joja が じすべり を ちんせいか
lewisStatue	将来、	shōrai	しょうらい
lewisStatue	は町中に置かないでくれるとありがたい、	wa machijū ni okanaide kureru to arigatai	は まちじゅう に おかないで くれる と ありがたい
lewisStatue	このお金を受け取ってくれ、	kono o-kane o uketotte kure	この おかね を うけとって くれ
lewisStatue	は一切人に話してはいけないよ。%item money 750 751 %%[#]	wa issai hito ni hanashite wa ikenai yo	は いっさい ひと に はなして は いけない よ
linusTrashCleanup	谷の掃除を手伝ってくれてありがとう。^	tani no sōji o tetsudatte kurete arigatō	たに の そうじ を てつだって くれて ありがとう
linusTrashCleanup	どうやら水も澄んできたようだ。	dōyara mizu mo sunde kita yō da	どうやら みず も すんで きた よう だ
linusTrashCleanup	みんなもきっと喜ぶだろう。	minna mo kitto yorokobu darō	みんな も きっと よろこぶ だろう
linusTrashCleanup	せんいの育て方を君に教えるよ、	sen'i no sodatekata o kimi ni oshieru yo	せんい の そだてかた を きみ に おしえる よ
marnieAutoGrabber	新しい品物が入荷したよ…	atarashii shinamono ga nyūka shita yo	あたらしい しなもの が にゅうか した よ
marnieAutoGrabber	その名も「自動収穫機」。^^	sono na mo jidō shūkakuki	その な も じどう しゅうかくき
marnieAutoGrabber	ヤギやウシからミルクをしぼる、	yagi ya ushi kara miruku o shiboru	ヤギ ヤ ウシ カラ ミルク を シボル
marnieAutoGrabber	ヒツジの毛を刈る、	hitsuji no ke o karu	ヒツジ ノ ケ を カル
marnieAutoGrabber	卵を集める、	tamago o atsumeru	たまご を あつめる
marnieAutoGrabber	うさぎの毛をむしり取る…	usagi no ke o mushiritoru	うさぎ の け を むしりとる
marnieAutoGrabber	全て全自動になるの！^^	subete zenjidō ni naru no	すべて ぜんじどう に なる の
marnieAutoGrabber	まあ「ぜいたく品」の類に入るから、	mā zeitakuhin no rui ni hairu kara	まあ ぜいたくひん の るい に はいる から
marnieAutoGrabber	お値段は25,000gってとこね。^^ -	o-nedan wa nimangosen jī tte toko ne	おねだん は にまんごせん じい って とこ ね
marnieAutoGrabber	自動収穫機の通知	jidō shūkakuki no tsūchi	じどう しゅうかくき の つうち
mom1	@へ^ 	e	へ
mom1	調子はどう？	chōshi wa dō	ちょうし は どう
mom1	あなたがそっちへ行ってしまってから、	anata ga sotchi e itte shimatte kara	あなた が そっち へ いって しまって から
mom1	牧場生活がうまくいくよう祈っています。^ 	bokujō seikatsu ga umaku iku yō inotte imasu	ぼくじょう せいかつ が うまく いく よう いのって います
mom1	愛をこめて、	ai o komete	あい を こめて
mom1	母さんより^ 	kāsan yori	かあさん より
mom1	あなたの好きなクッキーをいっしょに送っておくね ? %item id (O)223 1 %%[#]	anata no suki na kukkī o issho ni okutte oku ne	アナタ ノ スキ ナ クッキー を イッショ ニ オクッテ オク ネ
mom1	母さんから	kāsan kara	かあさん から
mom2	 @へ^ 	e	へ
mom2	最後に連絡をもらってからもうだいぶ経ちますね。	saigo ni renraku o moratte kara mō daibu tachimasu ne	さいご に れんらく を もらって から もう だいぶ たちます ね
mom2	家族はみんな相変わらずです。	kazoku wa minna aikawarazu desu	かぞく は みんな あいかわらず です
mom2	あなたのことはいつも想ってますからね。^ 	anata no koto wa itsumo omottemasu kara ne	あなた の こと は いつも おもってます から ね
mom2	愛をこめて、	ai o komete	あい を こめて
mom2	母さんより ^ 	kāsan yori	かあさん より
mom2	母さんから#2	kāsan kara	かあさん から
mom3	@へ^ 	e	へ
mom3	あなたが載ってたのを読みました！	anata ga notteta no o yomimashita	あなた が のってた の を よみました
mom3	田舎での暮らしはあなたに合ってるみたいね。	inaka de no kurashi wa anata ni atteru mitai ne	いなか で の くらし は あなた に あってる みたい ね
mom3	どうかからだには気をつけてね。	dōka karada ni wa ki o tsukete ne	どうか からだ に は き を つけて ね
mom3	愛をこめて、	ai o komete	あい を こめて
mom3	母さんより[#]	kāsan yori	かあさん より
mom3	母さんから#3	kāsan kara	かあさん から
mom4	@へ^ 	e	へ
mom4	調子はどう？	chōshi wa dō	ちょうし は どう
mom4	牧場の経営はとてもうまくいってるみたいね。	bokujō no keiei wa totemo umaku itteru mitai ne	ぼくじょう の けいえい は とても うまく いってる みたい ね
mom4	あなたが億万長者になったときは、	anata ga okumanchōja ni natta toki wa	あなた が おくまんちょうじゃ に なった とき は
mom4	親孝行するのを忘れないでね！^ 	oyakōkō suru no o wasurenaide ne	おやこうこう する の を わすれないで ね
mom4	愛をこめて、	ai o komete	あい を こめて
mom4	母さんより ^ 	kāsan yori	かあさん より
mom4	母さんから#4	kāsan kara	かあさん から
newsstory	いかがおすごしでしょうか。^	ikaga o-sugoshi deshō ka	いかが おすごし でしょう か
newsstory	来週はあなたの牧場を取り上げることになりました！	raishū wa anata no bokujō o toriageru koto ni narimashita	らいしゅう は あなた の ぼくじょう を とりあげる こと に なりました
newsstory	おめでとうございます。	omedetō gozaimasu	おめでとう ございます
newsstory	あなたのめざましい躍進には目をみはるばかりです。 ^ -	anata no mezamashii yakushin ni wa me o miharu bakari desu	あなた の めざましい やくしん に は め を みはる ばかり です
pamNewChannel	よう、若いの、^^	yō wakai no	よう わかい の
pamNewChannel	「ジュース」をありがとよ。	jūsu o arigato yo	ジュース を アリガト ヨ
pamNewChannel	あれは確かに…	are wa tashika ni	あれ は たしか に
pamNewChannel	風味だったよ。^^	fūmi datta yo	ふうみ だった よ
pamNewChannel	チャンネル736を聞いたことがあるかい？	channeru nanasanroku o kiita koto ga aru kai	チャンネル ナナサンロク を キイタ コト ガ アル カイ
pamNewChannel	あんたが気に入りそうな、	anta ga ki ni irisō na	あんた が き に いりそう な
pamNewChannel	季節の釣り番組をやってるよ。^^	kisetsu no tsuri bangumi o yatteru yo	きせつ の つり ばんぐみ を やってる よ
passedOut1_Billed_Female	へ^	e	へ
passedOut1_Billed_Female	が意識をなくしたあなた様を発見し、	ga ishiki o nakushita anata-sama o hakken shi	が いしき を なくした あなたさま を はっけん し
passedOut1_Billed_Female	医療チームを派遣してご自宅へ安全にお送りしました。^	iryō chīmu o haken shite go-jitaku e anzen ni o-okuri shimashita	イリョー チーム を ハケン シテ ゴジタク へ アンゼン ニ オオクリ シマシタ
passedOut1_Billed_Female	サービス料として{0}Gをいただきました）^^-	sābisu ryō to shite o itadakimashita	サービス リョー ト シテ を イタダキマシタ
passedOut1_Billed_Female	Joja社 お客様満足推進担当^	Joja sha o-kyakusama manzoku suishin tantō	Joja しゃ おきゃくさま まんぞく すいしん たんとう
passedOut1_Billed_Female	Jojaの送り状	Joja no okurijō	Joja の おくりじょう
passedOut1_Billed_Male	へ^	e	へ
passedOut1_Billed_Male	が意識をなくしたあなた様を発見し、	ga ishiki o nakushita anata-sama o hakken shi	が いしき を なくした あなたさま を はっけん し
passedOut1_Billed_Male	医療チームを派遣してご自宅へ安全にお送りしました。^	iryō chīmu o haken shite go-jitaku e anzen ni o-okuri shimashita	イリョー チーム を ハケン シテ ゴジタク へ アンゼン ニ オオクリ シマシタ
passedOut1_Billed_Male	サービス料として{0}Gをいただきました）^^-	sābisu ryō to shite o itadakimashita	サービス リョー ト シテ を イタダキマシタ
passedOut1_Billed_Male	Joja社 お客様満足推進担当^	Joja sha o-kyakusama manzoku suishin tantō	Joja しゃ おきゃくさま まんぞく すいしん たんとう
passedOut1_Billed_Male	Jojaの送り状	Joja no okurijō	Joja の おくりじょう
passedOut1_NotBilled_Female	へ^	e	へ
passedOut1_NotBilled_Female	が意識をなくしたあなた様を発見し、	ga ishiki o nakushita anata-sama o hakken shi	が いしき を なくした あなたさま を はっけん し
passedOut1_NotBilled_Female	医療チームを派遣してご自宅へ安全にお送りしました。^	iryō chīmu o haken shite go-jitaku e anzen ni o-okuri shimashita	イリョー チーム を ハケン シテ ゴジタク へ アンゼン ニ オオクリ シマシタ
passedOut1_NotBilled_Female	持ちあわせがないご様子でしたので、	mochiawase ga nai go-yōsu deshita node	もちあわせ が ない ごようす でした ので
passedOut1_NotBilled_Female	法律に基づき、	hōritsu ni motozuki	ほうりつ に もとずき
passedOut1_NotBilled_Female	サービスは無料でご提供させていただきました。^^-	sābisu wa muryō de go-teikyō sasete itadakimashita	サービス は ムリョー デ ゴテイキョー サセテ イタダキマシタ
passedOut1_NotBilled_Female	Joja社 お客様満足推進担当^	Joja sha o-kyakusama manzoku suishin tantō	Joja しゃ おきゃくさま まんぞく すいしん たんとう
passedOut1_NotBilled_Female	法的に必要な通知	hōteki ni hitsuyō na tsūchi	ほうてき に ひつよう な つうち
passedOut1_NotBilled_Male	へ^	e	へ
passedOut1_NotBilled_Male	が意識をなくしたあなた様を発見し、	ga ishiki o nakushita anata-sama o hakken shi	が いしき を なくした あなたさま を はっけん し
passedOut1_NotBilled_Male	医療チームを派遣してご自宅へ安全にお送りしました。^	iryō chīmu o haken shite go-jitaku e anzen ni o-okuri shimashita	イリョー チーム を ハケン シテ ゴジタク へ アンゼン ニ オオクリ シマシタ
passedOut1_NotBilled_Male	持ちあわせがないご様子でしたので、	mochiawase ga nai go-yōsu deshita node	もちあわせ が ない ごようす でした ので
passedOut1_NotBilled_Male	法律に基づき、	hōritsu ni motozuki	ほうりつ に もとずき
passedOut1_NotBilled_Male	サービスは無料でご提供させていただきました。^^-	sābisu wa muryō de go-teikyō sasete itadakimashita	サービス は ムリョー デ ゴテイキョー サセテ イタダキマシタ
passedOut1_NotBilled_Male	Joja社 お客様満足推進担当^	Joja sha o-kyakusama manzoku suishin tantō	Joja しゃ おきゃくさま まんぞく すいしん たんとう
passedOut1_NotBilled_Male	法的に必要な通知	hōteki ni hitsuyō na tsūchi	ほうてき に ひつよう な つうち
passedOut2	@へ ^	e	へ
passedOut2	昨夜はわたしが通りがかって運がよかったね！	sakuya wa watashi ga tōrigakatte un ga yokatta ne	さくや は わたし が とうりがかって うん が よかった ね
passedOut2	意識をうしなったきみのふところを、	ishiki o ushinatta kimi no futokoro o	いしき を うしなった きみ の ふところ を
passedOut2	いくら盗んでいったかのかはわからない…	ikura nusunde itta no ka wa wakaranai	いくら ぬすんで いった の か は わからない
passedOut2	これからは気を付けてくれよ！^^-	kore kara wa ki o tsukete kure yo	これ から は き を つけて くれ よ
passedOut3_Billed	@へ^	e	へ
passedOut3_Billed	きのうの夜、	kinō no yoru	きのう の よる
passedOut3_Billed	だれかがきみを診療所に運んできたんだ。	dareka ga kimi o shinryōjo ni hakonde kita n da	だれか が きみ を しんりょうじょ に はこんで きた ん だ
passedOut3_Billed	きみは疲れで気絶してたんだよ！^	kimi wa tsukare de kizetsu shiteta n da yo	きみ は つかれ で きぜつ してた ん だ よ
passedOut3_Billed	これからは自分のからだを大切にして、	kore kara wa jibun no karada o taisetsu ni shite	これ から は じぶん の からだ を たいせつ に して
passedOut3_Billed	診療費として、	shinryōhi to shite	しんりょうひ と して
passedOut3_Billed	{0}Gもらっておいたからね。^^-	o moratte oita kara ne	を もらって おいた から ね
passedOut3_NotBilled	@へ^	e	へ
passedOut3_NotBilled	きのうの夜、	kinō no yoru	きのう の よる
passedOut3_NotBilled	だれかがきみを診療所に運んできたんだ。	dareka ga kimi o shinryōjo ni hakonde kita n da	だれか が きみ を しんりょうじょ に はこんで きた ん だ
passedOut3_NotBilled	きみは疲れで気絶してたんだよ！^	kimi wa tsukare de kizetsu shiteta n da yo	きみ は つかれ で きぜつ してた ん だ よ
passedOut3_NotBilled	これからは自分のからだを大切にして、	kore kara wa jibun no karada o taisetsu ni shite	これ から は じぶん の からだ を たいせつ に して
passedOut3_NotBilled	いまはお金を持ってないみたいだね。	ima wa o-kane o mottenai mitai da ne	いま は おかね を もってない みたい だ ね
passedOut3_NotBilled	診療費はタダにしとくよ。^^-	shinryōhi wa tada ni shitoku yo	シンリョーヒ は タダ ニ シトク ヨ
passedOut4	午前3:00に掃除してる時、	gozen sanji ni sōji shiteru toki	ごぜん さんじ に そうじ してる とき
passedOut4	次はもう少し早く家に帰るようにしてくれ！^^     -	tsugi wa mō sukoshi hayaku ie ni kaeru yō ni shite kure	つぎ は もう すこし はやく いえ に かえる よう に して くれ
passedOutIsland	@へ、^^	e	へ
passedOutIsland	お前さんは地面で大の字になっていて、	omae-san wa jimen de dai no ji ni natte ite	おまえさん は じめん で だい の じ に なって いて
passedOutIsland	オウムたちがポケットからゴールドを引っ張り出していたんだ！^^	ōmu tachi ga poketto kara gōrudo o hipparidashite ita n da	オーム タチ ガ ポケット カラ ゴールド を ヒッパリダシテ イタ ン ダ
passedOutIsland	おれはお前さんをボートまで引きずっていったんだよ。	ore wa omae-san o bōto made hikizutte itta n da yo	オレ は オマエサン を ボート マデ ヒキズッテ イッタ ン ダ ヨ
passedOutIsland_Leo	@へ、^^	e	へ
passedOutIsland_Leo	昨日の夜、	kinō no yoru	きのう の よる
passedOutIsland_Leo	真っ暗なところで眠っている君を見つけたんだ。^	makkura na tokoro de nemutte iru kimi o mitsuketa n da	まっくら な ところ で ねむって いる きみ を みつけた ん だ
passedOutIsland_Leo	鳥の友達に頼んでキミをベッドまで運んでもらったんだ。^	tori no tomodachi ni tanonde kimi o beddo made hakonde moratta n da	トリ ノ トモダチ ニ タノンデ キミ を ベッド マデ ハコンデ モラッタ ン ダ
passedOutIsland_Leo	これからは気を付けるんだよ。^^-	kore kara wa ki o tsukeru n da yo	これ から は き を つける ん だ よ
passedOutIsland_Leo	手紙はウィリー	tegami wa Wirī	テガミ は ウィリー
pierreBackpack	広告：^	kōkoku	こうこく
pierreBackpack	心当たりはありませんか？	kokoroatari wa arimasen ka	こころあたり は ありません か
pierreBackpack	ピエール商店で大きな24Lサイズのリュックサックを販売開始いたします。	Piēru shōten de ōki na nijūyon rittoru saizu no ryukkusakku o hanbai kaishi itashimasu	ピエール ショーテン デ オーキ ナ ニジューヨン リットル サイズ ノ リュックサック を ハンバイ カイシ イタシマス
pierreHours	広告：^^	kōkoku	こうこく
pierreHours	ピエール商店は年中無休で営業いたします！[#]	Piēru shōten wa nenjū mukyū de eigyō itashimasu	ピエール ショーテン は ネンジュー ムキュー デ エイギョー イタシマス
quest10	きみがいろいろと手を貸してくれていると、	kimi ga iroiro to te o kashite kurete iru to	きみ が いろいろ と て を かして くれて いる と
quest10	みんなきみにとても感謝しているようだ。	minna kimi ni totemo kansha shite iru yō da	みんな きみ に とても かんしゃ して いる よう だ
quest10	そういうわけで、	sō iu wake de	そう いう わけ で
quest10	今月の「愛すべきご近所さん」賞はきみに送ろう。	kongetsu no aisubeki go-kinjo-san shō wa kimi ni okurō	こんげつ の あいすべき ごきんじょさん しょう は きみ に おくろう
quest10	（少額だが賞金だ、	shōgaku da ga shōkin da	しょうがく だ が しょうきん だ
quest10	これからもその調子でね！ ^ -	kore kara mo sono chōshi de ne	これ から も その ちょうし で ね
quest10	町長より%item money 500 501 %%[#]	chōchō yori	ちょうちょう より
quest100	きみが今年の「最愛のご近所さん」賞に選ばれた！	kimi ga kotoshi no saiai no go-kinjo-san shō ni erabareta	きみ が ことし の さいあい の ごきんじょさん しょう に えらばれた
quest100	賞金として10,000Gを贈らせてくれ！	shōkin to shite ichiman jī o okurasete kure	しょうきん と して いちまん じい を おくらせて くれ
quest100	おめでとう！	omedetō	おめでとう
quest100	きみがしてくれたことに礼を言いたがっているよ。 ^ -	kimi ga shite kureta koto ni rei o iitagatte iru yo	きみ が して くれた こと に れい を いいたがって いる よ
quest100	町長より%item money 10000 10001 %%[#]	chōchō yori	ちょうちょう より
quest35	@へ^	e	へ
quest35	@へ^	e	へ
quest35	この町へやってきてから、	kono machi e yatte kite kara	この まち へ やって きて から
quest35	君はずいぶん町に貢献してくれたね…	kimi wa zuibun machi ni kōken shite kureta ne	きみ は ずいぶん まち に こうけん して くれた ね
quest35	君に助けてもらったことをみんなが私に話しにくるんだ！	kimi ni tasukete moratta koto o minna ga watashi ni hanashi ni kuru n da	きみ に たすけて もらった こと を みんな が わたし に はなし に くる ん だ
quest35	これを受けとってくれ。 ^ -	kore o uketotte kure	これ を うけとって くれ
quest35	町長より%item money 2500 2501 %%[#]	chōchō yori	ちょうちょう より
robinKitchenLetter	牧場主の	bokujōnushi no	ぼくじょうぬし の
robinKitchenLetter	へ^^	e	へ
robinKitchenLetter	初めて会った時は、	hajimete atta toki wa	はじめて あった とき は
robinKitchenLetter	あなたのおじいちゃんの小屋をバカにしてごめんなさい。	anata no ojiichan no koya o baka ni shite gomen nasai	アナタ ノ オジイチャン ノ コヤ を バカ ニ シテ ゴメン ナサイ
robinKitchenLetter	いつか暮らしているうちに家をせまく感じるようになったら、	itsuka kurashite iru uchi ni ie o semaku kanjiru yō ni nattara	いつか くらして いる うち に いえ を せまく かんじる よう に なったら
robinKitchenLetter	そのときはわたしに相談してね。	sono toki wa watashi ni sōdan shite ne	その とき は わたし に そうだん して ね
robinKitchenLetter	素材を用意して料金を払ってくれたら、	sozai o yōi shite ryōkin o haratte kuretara	そざい を ようい して りょうきん を はらって くれたら
robinKitchenLetter	あなたの家を広く改築してあげる。^	anata no ie o hiroku kaichiku shite ageru	あなた の いえ を ひろく かいちく して あげる
robinKitchenLetter	1回目の改築ではキッチンをつけられるよ。	ikkaime no kaichiku de wa kitchin o tsukerareru yo	イッカイメ ノ カイチク デ は キッチン を ツケラレル ヨ
robinKitchenLetter	覚えたレシピで料理をつくれるようになるんだ！^^	oboeta reshipi de ryōri o tsukureru yō ni naru n da	オボエタ レシピ デ リョーリ を ツクレル ヨー ニ ナル ン ダ
robinKitchenLetter	どうかあなたが、	dōka anata ga	どうか あなた が
robinResource	おめでとう、	omedetō	おめでとう
robinResource	私の小さな挑戦に成功したんだね。	watashi no chiisa na chōsen ni seikō shita n da ne	わたし の ちいさ な ちょうせん に せいこう した ん だ ね
robinResource	感動しちゃったよ！^^	kandō shichatta yo	かんどう しちゃった よ
robinResource	これはおまけだよ、	kore wa omake da yo	これ は おまけ だ よ
robinResource	新しい箱の設計図を入れておくね。	atarashii hako no sekkeizu o irete oku ne	あたらしい はこ の せっけいず を いれて おく ね
robinResource	じゃあ、楽しんで！^^-	jā tanoshinde	じゃあ たのしんで
robinResource	あなたはたくさんの資材を持ってるみだいだし、	anata wa takusan no shizai o motteru midai da shi	あなた は たくさん の しざい を もってる みだい だ し
robinWell	どうも、	dōmo	どうも
robinWell	あなたの牧場にはたくさん岩がちらばってるよね。^	anata no bokujō ni wa takusan iwa ga chirabatteru yo ne	あなた の ぼくじょう に は たくさん いわ が ちらばってる よ ね
robinWell	もしお金に余裕があったら、	moshi o-kane ni yoyū ga attara	もし おかね に よゆう が あったら
robinWell	それをつかって井戸を建てることを考えてみたら？^	sore o tsukatte ido o tateru koto o kangaete mitara	それ を つかって いど を たてる こと を かんがえて みたら
robinWell	井戸は牧場のどこにでも建てられるし、	ido wa bokujō no doko ni demo taterareru shi	いど は ぼくじょう の どこ に でも たてられる し
robinWell	建てればそこからいつでもジョウロに水を汲めるんだ。^^	tatereba soko kara itsu demo jōro ni mizu o kumeru n da	タテレバ ソコ カラ イツ デモ ジョーロ ニ ミズ を クメル ン ダ
robinWell	75個の石と1000G持ってうちの店まで来てみてね。^-	nanajūgoko no ishi to sen jī motte uchi no mise made kite mite ne	ななじゅうごこ の いし と せん じい もって うち の みせ まで きて みて ね
skullCave	ドクロの洞窟へ足を踏み入れたようだね。	dokuro no dōkutsu e ashi o fumiireta yō da ne	ドクロ ノ ドークツ へ アシ を フミイレタ ヨー ダ ネ
skullCave	では、	de wa	で は
skullCave	きみに新たな挑戦状をおくろう。	kimi ni arata na chōsenjō o okurō	きみ に あらた な ちょうせんじょう を おくろう
skullCave	その洞窟を25階まで潜ってみたまえ。	sono dōkutsu o nijūgokai made mogutte tamae	その どうくつ を にじゅうごかい まで もぐって たまえ
skullCave	きみには山ほどの$ をやろう。^ 	kimi ni wa yama hodo no o yarō	きみ に は やま ほど の を やろう
spring_11_1	お気に入りの斧をなくしちゃったんだ！	o-ki ni iri no ono o nakushichatta n da	おき に いり の おの を なくしちゃった ん だ
spring_11_1	だれでも見つけてくれた人には、	dare demo mitsukete kureta hito ni wa	だれ でも みつけて くれた ひと に は
spring_11_1	お礼に250G払います。^ -	o-rei ni nihyakugojū jī haraimasu	おれい に にひゃくごじゅう じい はらいます
spring_11_1	ロビンが斧を失った	Robin ga ono o ushinatta	ロビン ガ オノ を ウシナッタ
spring_12	@へ^	e	へ
spring_15_1	どうも、こんにちは…^^	dōmo konnichiwa	どうも こんにちわ
spring_15_1	あなたは畑をはじめたばかりでしょう？	anata wa hatake o hajimeta bakari deshō	あなた は はたけ を はじめた ばかり でしょう
spring_15_1	だからちょっとアドバイスをあげたくて。^^	dakara chotto adobaisu o agetakute	ダカラ チョット アドバイス を アゲタクテ
spring_15_1	ほとんどの作物は、	hotondo no sakumotsu wa	ほとんど の さくもつ は
spring_15_1	春の作物はぜんぶ枯れてしまいますよ。	haru no sakumotsu wa zenbu karete shimaimasu yo	はる の さくもつ は ぜんぶ かれて しまいます よ
spring_15_2	@へ^	e	へ
spring_15_2	うちの主人をプレゼントでびっくりさせたいの。	uchi no shujin o purezento de bikkuri sasetai no	ウチ ノ シュジン を プレゼント デ ビックリ サセタイ ノ
spring_15_2	あの人はポロねぎが大好物なんですよ。	ano hito wa poronegi ga daikōbutsu na n desu yo	アノ ヒト は ポロネギ ガ ダイコーブツ ナ ン デス ヨ
spring_15_2	どうかひとつ摘んできてくれないかしら？^ -	dōka hitotsu tsunde kite kurenai kashira	どうか ひとつ つんで きて くれない かしら
spring_19_1	牧場主の	bokujōnushi no	ぼくじょうぬし の
spring_19_1	料理をつくるのに、	ryōri o tsukuru no ni	りょうり を つくる の に
spring_19_1	おひとつ用意していただけませんか？^ -	o-hitotsu yōi shite itadakemasen ka	おひとつ ようい して いただけません か
spring_19_1	ジョディがカリフラワーを求める	Jodi ga karifurawā o motomeru	ジョディ ガ カリフラワー を モトメル
spring_1_2	素材の価格の通知	sozai no kakaku no tsūchi	そざい の かかく の つうち
spring_21_2	どうしても、	dōshitemo	どうしても
spring_21_2	どうしても刺し身が1皿食べたくてしょうがないんです。	dōshitemo sashimi ga hitosara tabetakute shō ga nai n desu	どうしても さしみ が ひとさら たべたくて しょう が ない ん です
spring_21_2	持ってきてくれた人には相応のお礼をはずみます。^ -	motte kite kureta hito ni wa sōō no o-rei o hazumimasu	もって きて くれた ひと に は そうおう の おれい を はずみます
spring_23	@へ^	e	へ
spring_23	明日はみんなで集まって、	ashita wa minna de atsumatte	あした は みんな で あつまって
spring_23	フラワーダンスの会をひらく予定だ。^^	furawā dansu no kai o hiraku yotei da	フラワー ダンス ノ カイ を ヒラク ヨテイ ダ
spring_23	ダンスの会は、	dansu no kai wa	ダンス ノ カイ は
spring_23	西側の森を越えたあたりにある小さな空き地で開催するぞ。	nishigawa no mori o koeta atari ni aru chiisa na akichi de kaisai suru zo	にしがわ の もり を こえた あたり に ある ちいさ な あきち で かいさい する ぞ
spring_23	興味があったら、	kyōmi ga attara	きょうみ が あったら
spring_2_1	やあ、どうも。^	yā dōmo	やあ どうも
spring_2_1	釣りの旅からちょうど帰ってきたところだ。	tsuri no tabi kara chōdo kaette kita tokoro da	つり の たび から ちょうど かえって きた ところ だ
spring_2_1	気が向いたら海岸へ来てくれよ。^	ki ga muitara kaigan e kite kure yo	き が むいたら かいがん へ きて くれ よ
spring_6_2	お金はこちらでちゃんと支払うよ、	o-kane wa kochira de chanto shiharau yo	おかね は こちら で ちゃんと しはらう よ
stardewHeroMine	鉱山の最下層で、	kōzan no saikasō de	こうざん の さいかそう で
stardewHeroMine	さらなるヒミツがきみを待っている。	sarana ru himitsu ga kimi o matte iru	サラナ ル ヒミツ ガ キミ を マッテ イル
stardewHeroMine	用心することだ。	yōjin suru koto da	ようじん する こと だ
stardewHeroMine	鉱山は前より危険な場所になっている。[#]	kōzan wa mae yori kiken na basho ni natte iru	こうざん は まえ より きけん な ばしょ に なって いる
summer_10	@へ^	e	へ
summer_10	ペリカンタウンで年に一度のルアウパーティーを行うんだ。^^	Perikan Taun de nen ni ichido no ruau pātī o okonau n da	ペリカン タウン デ ネン ニ イチド ノ ルアウ パーティー を オコナウ ン ダ
summer_10	当日の目玉は、	tōjitsu no medama wa	とうじつ の めだま は
summer_10	スープがおいしくなるようなものを持ってきてくれよ！^	sūpu ga oishiku naru yō na mono o motte kite kure yo	スープ ガ オイシク ナル ヨー ナ モノ を モッテ キテ クレ ヨ
summer_10	このイベントには州の知事も参加するから、	kono ibento ni wa shū no chiji mo sanka suru kara	コノ イベント ニ は シュー ノ チジ モ サンカ スル カラ
summer_10	マナーには気をつかってほしい。^	manā ni wa ki o tsukatte hoshii	マナー ニ は キ を ツカッテ ホシイ
summer_14_1	よう、若いの。^	yō wakai no	よう わかい の
summer_14_1	いつものビールではダメらしい。	itsumo no bīru de wa dame rashii	イツモ ノ ビール デ は ダメ ラシイ
summer_14_1	ペールエールを頼むよ。^ -	pēru ēru o tanomu yo	ペール エール を タノム ヨ
summer_15_2	牧場主の	bokujōnushi no	ぼくじょうぬし の
summer_15_2	@へ^	e	へ
summer_15_2	結婚記念日を祝うのに、	kekkon kinenbi o iwau no ni	けっこん きねんび を いわう の に
summer_15_2	うちの妻にスターフルーツを贈りたいんだ。	uchi no tsuma ni sutāfurūtsu o okuritai n da	ウチ ノ ツマ ニ スターフルーツ を オクリタイ ン ダ
summer_15_2	あんたの牧場で育ててないか？	anta no bokujō de sodatetenai ka	あんた の ぼくじょう で そだててない か
summer_15_2	ケントが贈り物を求める	Kento ga okurimono o motomeru	ケント ガ オクリモノ を モトメル
summer_20_1	と作物に含まれる果糖の量	to sakumotsu ni fukumareru katō no ryō	と さくもつ に ふくまれる かとう の りょう
summer_20_1	のあいだの関係についてデータを集めている。	no aida no kankei ni tsuite dēta o atsumete iru	ノ アイダ ノ カンケイ ニ ツイテ データ を アツメテ イル
summer_20_1	ひとつ持ってきてもらえると非常にありがたいな。^ -	hitotsu motte kite moraeru to hijō ni arigatai na	ひとつ もって きて もらえる と ひじょう に ありがたい な
summer_20_1	ディメトリウスがサンプルを求める	Dimetoriusu ga sanpuru o motomeru	ディメトリウス ガ サンプル を モトメル
summer_21_2	@へ^	e	へ
summer_21_2	トリュフオイルを用意してくれないか。	toryufu oiru o yōi shite kurenai ka	トリュフ オイル を ヨーイ シテ クレナイ カ
summer_21_2	理由は聞かないでくれ。^ -	riyū wa kikanaide kure	りゆう は きかないで くれ
summer_25_1	牧場主 	bokujōnushi	ぼくじょうぬし
summer_25_1	へ^	e	へ
summer_25_1	手を貸してはいただけないだろうか？^	te o kashite wa itadakenai darō ka	て を かして は いただけない だろう か
summer_25_1	トウガラシをすりこむと良くなるんだが、^ 	tōgarashi o surikomu to yoku naru n da ga	トーガラシ を スリコム ト ヨク ナル ン ダ ガ
summer_25_1	あいにく手持ちを切らしてしまった。	ainiku temochi o kirashite shimatta	あいにく てもち を きらして しまった
summer_25_1	ジョージがトウガラシを求める	Jōji ga tōgarashi o motomeru	ジョージ ガ トーガラシ を モトメル
summer_28	@へ^	e	へ
summer_28	今夜の10時をまわったら、	kon'ya no jūji o mawattara	こんや の じゅうじ を まわったら
summer_28	冬にそなえた南への長い旅の途中で、	fuyu ni sonaeta minami e no nagai tabi no tochū de	ふゆ に そなえた みなみ へ の ながい たび の とちゅう で
summer_28	ペリカンタウンを通りすぎるんだ。^^	Perikan Taun o tōrisugiru n da	ペリカン タウン を トーリスギル ン ダ
summer_28	町のみんながビーチにクラゲを見に集まる。	machi no minna ga bīchi ni kurage o mi ni atsumaru	マチ ノ ミンナ ガ ビーチ ニ クラゲ を ミ ニ アツマル
summer_28	きみも見逃したくはないだろ？^	kimi mo minogashitaku wa nai daro	きみ も みのがしたく は ない だろ
summer_28	では、今夜会おう。^ -	de wa kon'ya aō	で は こんや あおう
summer_3_1	@へ-^	e	へ
summer_3_1	幸運のむらさきパンツをなくしてしまったんだ。	kōun no murasaki pantsu o nakushite shimatta n da	コーウン ノ ムラサキ パンツ を ナクシテ シマッタ ン ダ
summer_3_1	信用できる人間と見こんで、	shin'yō dekiru ningen to mikonde	しんよう できる にんげん と みこんで
summer_3_1	細心の注意を払ってわたしに持ってきてくれ。	saishin no chūi o haratte watashi ni motte kite kure	さいしん の ちゅうい を はらって わたし に もって きて くれ
summer_3_1	報酬は約束する。^	hōshū wa yakusoku suru	ほうしゅう は やくそく する
summer_3_1	ルイス町長が頼み事をする	Ruisu chōchō ga tanomigoto o suru	ルイス チョーチョー ガ タノミゴト を スル
summer_6_2	ハリセンボンを一匹釣ってきてくれ。	harisenbon o ippiki tsutte kite kure	ハリセンボン を イッピキ ツッテ キテ クレ
summer_6_2	彼らがつくる毒素が必要なんだ。^	karera ga tsukuru dokuso ga hitsuyō na n da	かれら が つくる どくそ が ひつよう な ん だ
summer_6_2	報酬： 	hōshū	ほうしゅう
willyBackRoomInvitation	@へ^^	e	へ
willyBackRoomInvitation	店の奥の部屋の鍵を開けてみたんだ。^	mise no oku no heya no kagi o akete mita n da	みせ の おく の へや の かぎ を あけて みた ん だ
willyBackRoomInvitation	ウィリーの秘密部屋への招待	Wirī no himitsu beya e no shōtai	ウィリー ノ ヒミツ ベヤ へ ノ ショータイ
willyHours	今は朝8時に店を開けているから、	ima wa asa hachiji ni mise o akete iru kara	いま は あさ はちじ に みせ を あけて いる から
winter_12_1	いま我輩は、	ima wagahai wa	いま わがはい は
winter_12_1	忘れ去られし影の予言術の研究をすすめている。	wasuresarareshi kage no yogenjutsu no kenkyū o susumete iru	わすれさられし かげ の よげんじゅつ の けんきゅう を すすめて いる
winter_12_1	研究のためには「闇の結晶」が必要だ。	kenkyū no tame ni wa yami no kesshō ga hitsuyō da	けんきゅう の ため に は やみ の けっしょう が ひつよう だ
winter_12_1	持ってきてくれれば礼をしよう。^ -	motte kite kurereba rei o shiyō	もって きて くれれば れい を しよう
winter_13_2	リングコッドを釣ってきてくれ。^	ringu koddo o tsutte kite kure	リング コッド を ツッテ キテ クレ
winter_13_2	やつらは手ごわいが、	yatsura wa tegowai ga	やつら は てごわい が
winter_14	旅の行商人たち	tabi no gyōshōnin tachi	たび の ぎょうしょうにん たち
winter_14	毎年恒例の夜の市が明日から始まります。^^	maitoshi kōrei no yoru no ichi ga ashita kara hajimarimasu	まいとし こうれい の よる の いち が あした から はじまります
winter_14	午後5時以降、	gogo goji ikō	ごご ごじ いこう
winter_14	夜の市の通知	yoru no ichi no tsūchi	よる の いち の つうち
winter_17_1	@へ^	e	へ
winter_17_1	新しいハンマーを手に入れたんで、	atarashii hanmā o te ni ireta n de	アタラシイ ハンマー を テ ニ イレタ ン デ
winter_17_1	鉄ののべ棒をつくって持ってきてくれないか？^	tetsu no nobebō o tsukutte motte kite kurenai ka	てつ の のべぼう を つくって もって きて くれない か
winter_18	@へ^	e	へ
winter_18	「冬星祭」についてきみに説明しておこうと思う。	fuyuboshi sai ni tsuite kimi ni setsumei shite okō to omou	ふゆぼし さい に ついて きみ に せつめい して おこう と おもう
winter_18	冬星祭は、	fuyuboshi sai wa	ふゆぼし さい は
winter_18	地元のみんなが集まって一年を思い返し、	jimoto no minna ga atsumatte ichinen o omoikaeshi	じもと の みんな が あつまって いちねん を おもいかえし
winter_18	その年にめぐりあった幸運に感謝するお祭りなんだ。^	sono toshi ni meguriatta kōun ni kansha suru o-matsuri na n da	その とし に めぐりあった こううん に かんしゃ する おまつり な ん だ
winter_18	人気の伝統行事は「ヒミツの贈り物」。	ninki no dentō gyōji wa himitsu no okurimono	ニンキ ノ デントー ギョージ は ヒミツ ノ オクリモノ
winter_18	町のみんながランダムに決められた相手へ贈り物をするんだ。	machi no minna ga randamu ni kimerareta aite e okurimono o suru n da	マチ ノ ミンナ ガ ランダム ニ キメラレタ アイテ へ オクリモノ を スル ン ダ
winter_18	祭りの当日になったら、	matsuri no tōjitsu ni nattara	まつり の とうじつ に なったら
winter_18	特別に用意しておいた贈り物をヒミツの友だちに渡して、	tokubetsu ni yōi shite oita okurimono o himitsu no tomodachi ni watashite	トクベツ ニ ヨーイ シテ オイタ オクリモノ を ヒミツ ノ トモダチ ニ ワタシテ
winter_18	きみのヒミツの友だちはこの人だ：^	kimi no himitsu no tomodachi wa kono hito da	キミ ノ ヒミツ ノ トモダチ は コノ ヒト ダ
winter_18	冬星祭は25日の午前9時から午後2時のあいだ、	fuyuboshi sai wa nijūgonichi no gozen kuji kara gogo niji no aida	ふゆぼし さい は にじゅうごにち の ごぜん くじ から ごご にじ の あいだ
winter_18	では、当日はよろしくな！ ^ -	de wa tōjitsu wa yoroshiku na	で は とうじつ は よろしく な
winter_19_2	@へ^	e	へ
winter_19_2	今度ばかりはお手上げだよ。	kondo bakari wa o-teage da yo	こんど ばかり は おてあげ だ よ
winter_19_2	ココ・ノ・ノってカクテルを酒場で出したくてたまらないんだが、	koko no no tte kakuteru o sakaba de dashitakute tamaranai n da ga	ココ ノ ノ ッテ カクテル を サカバ デ ダシタクテ タマラナイ ン ダ ガ
winter_19_2	なあ、手を貸してくれないかい？^ -	nā te o kashite kurenai kai	なあ て を かして くれない かい
winter_19_2	ガスがココナッツを求める	Gasu ga kokonattsu o motomeru	ガス ガ ココナッツ を モトメル
winter_21_1	調子はどう？	chōshi wa dō	ちょうし は どう
winter_21_1	冬をすごすのに苦労してないといいんだけど。^	fuyu o sugosu no ni kurō shitenai to ii n da kedo	ふゆ を すごす の に くろう してない と いい ん だ けど
winter_21_1	もしよかったら堅い木を分けてもらえないかな。	moshi yokattara katai ki o wakete moraenai ka na	もし よかったら かたい き を わけて もらえない か な
winter_21_1	10個必要なんだ。	jukko hitsuyō na n da	じゅっこ ひつよう な ん だ
winter_24	@へ^	e	へ
winter_24	明日はいよいよ冬星祭だ。^	ashita wa iyoiyo fuyuboshi sai da	あした は いよいよ ふゆぼし さい だ
winter_24	%secretsantaへのプレゼントは用意したかな？^	e no purezento wa yōi shita ka na	へ ノ プレゼント は ヨーイ シタ カ ナ
winter_24	祭りは町の広場で午前9時からはじまるぞ。	matsuri wa machi no hiroba de gozen kuji kara hajimaru zo	まつり は まち の ひろば で ごぜん くじ から はじまる ぞ
winter_24	では、当日はよろしくな！ ^ -	de wa tōjitsu wa yoroshiku na	で は とうじつ は よろしく な
winter_26_1	@へ-^	e	へ
winter_26_1	魚のシチューをつくりたいんだが、	sakana no shichū o tsukuritai n da ga	サカナ ノ シチュー を ツクリタイ ン ダ ガ
winter_26_1	そろそろ旬も終わってしまうのはわかってるんだが…	sorosoro shun mo owatte shimau no wa wakatteru n da ga	そろそろ しゅん も おわって しまう の は わかってる ん だ が
winter_26_1	ムリを言ってすまない。	muri o itte sumanai	ムリ を イッテ スマナイ
winter_26_1	どうか一匹釣ってきてくれないか？^ -	dōka ippiki tsutte kite kurenai ka	どうか いっぴき つって きて くれない か
winter_26_1	ガスが一匹の魚を求める	Gasu ga ippiki no sakana o motomeru	ガス ガ イッピキ ノ サカナ を モトメル
winter_2_1	よう、	yō	よう
winter_2_1	お前さんにちょっとした課題を出してやろう。^ 	omae-san ni chotto shita kadai o dashite yarō	おまえさん に ちょっと した かだい を だして やろう
winter_2_1	イカを釣っておれに見せてみな。^	ika o tsutte ore ni misete mina	イカ を ツッテ オレ ニ ミセテ ミナ
winter_2_1	やつらは、	yatsura wa	やつら は
winter_2_1	そうそう、	sō sō	そう そう
winter_2_1	冬にしかいないから気を付けろよ。^ -	fuyu ni shika inai kara ki o tsukero yo	ふゆ に しか いない から き を つけろ よ
winter_5_2	我輩はいま、	wagahai wa ima	わがはい は いま
winter_5_2	強力な魔法の杖をつくっている。^	kyōryoku na mahō no tsue o tsukutte iru	きょうりょく な まほう の つえ を つくって いる
winter_5_2	足りない材料がひとつある。	tarinai zairyō ga hitotsu aru	たりない ざいりょう が ひとつ ある
winter_5_2	報酬として、	hōshū to shite	ほうしゅう と して
winter_5_2	相場の5倍を約束しよう。	sōba no gobai o yakusoku shiyō	そうば の ごばい を やくそく しよう
winter_5_2	魔術師がレアアイテムを求める	majutsushi ga rea aitemu o motomeru	マジュツシ ガ レア アイテム を モトメル
winter_6_1	ちょっとヘンな頼みごとをしたいんだ。	chotto hen na tanomigoto o shitai n da	チョット ヘン ナ タノミゴト を シタイ ン ダ
winter_6_1	ヒミツを守ってくれるか？^ 	himitsu o mamotte kureru ka	ヒミツ を マモッテ クレル カ
winter_6_1	実は、	jitsu wa	じつ は
winter_6_1	エミリーに石をプレゼントしたいんだ。	Emirī ni ishi o purezento shitai n da	エミリー ニ イシ を プレゼント シタイ ン ダ
winter_7	@へ^	e	へ
winter_7	明日はみんなでマーニーの家の前にあつまって、	ashita wa minna de Mānī no ie no mae ni atsumatte	アシタ は ミンナ デ マーニー ノ イエ ノ マエ ニ アツマッテ
winter_7	アイスフェスティバルをお祝いする予定だ。^^	aisu fesutibaru o o-iwai suru yotei da	アイス フェスティバル を オイワイ スル ヨテイ ダ
winter_7	これは冬を祝う祭りで、	kore wa fuyu o iwau matsuri de	これ は ふゆ を いわう まつり で
winter_7	雪だるまや氷の彫刻が展示されるほか、	yukidaruma ya kōri no chōkoku ga tenji sareru hoka	ゆきだるま や こうり の ちょうこく が てんじ される ほか
winter_7	氷上釣り大会が開かれるぞ！^	hyōjō tsuri taikai ga hirakareru zo	ひょうじょう つり たいかい が ひらかれる ぞ
wizardJunimoNote	我が情報筋によると、	waga jōhōsuji ni yoru to	わが じょうほうすじ に よる と
wizardJunimoNote	貴殿はきょう公民館を調べまわったそうだな。^	kiden wa kyō kōminkan o shirabemawatta sō da na	きでん は きょう こうみんかん を しらべまわった そう だ な
wizardJunimoNote	どうだ、	dō da	どう だ
wizardJunimoNote	我輩の話を聞きたくはないか？^	wagahai no hanashi o kikitaku wa nai ka	わがはい の はなし を ききたく は ない か
wizardJunimoNote	我輩は、	wagahai wa	わがはい は
wizardJunimoNote	森の湖の西側にそびえる石の塔を住まいとしている。	mori no mizuumi no nishigawa ni sobieru ishi no tō o sumai to shite iru	もり の みずうみ の にしがわ に そびえる いし の とう を すまい と して いる
wizardJunimoNote	貴殿を悩ます…	kiden o nayamasu	きでん を なやます
wizardJunimoNote	魔術師の招致	majutsushi no shōchi	まじゅつし の しょうち
Archaeologist	考古学者	kōkogakusha	こうこがくしゃ
Artful	技巧派	gikōha	ぎこうは
Auto-Hook	自動	jidō	じどう
Efficient	効率的	kōritsuteki	こうりつてき
Expansive	開放的	kaihōteki	かいほうてき
Fisher	漁師	ryōshi	りょうし
Vampiric	吸血鬼	kyūketsuki	きゅうけつき
AnimalBirth	を産んだ！	o unda	を うんだ
BeachNightMarket_NowOpen	は開催中です。	wa kaisai chū desu	は かいさい ちゅう です
BirthMessage_SpouseMother	を産んだ！	o unda	を うんだ
BirthMessage_SpouseNaming_Female	の名前をつけています	no namae o tsukete imasu	の なまえ を つけて います
BirthMessage_SpouseNaming_Male	の名前をつけています	no namae o tsukete imasu	の なまえ を つけて います
ElliottBook_default	の興亡	no kōbō	の こうぼう
ElliottBook_mystery	塔	tō	とう
HaveBabyAnswer_No	今はちょっと・・・	ima wa chotto	イマ は チョット
HavePlayerBabyQuestion	との子供をさずかりたいですか？	to no kodomo o sazukaritai desu ka	と の こども を さずかりたい です か
HavePlayerBabyQuestion_Adoption	と一緒に養子をむかえたいですか？	to issho ni yōshi o mukaetai desu ka	と いっしょ に ようし を むかえたい です か
Maru_comet3	の一瞬がここにあるわ。	no isshun ga koko ni aru wa	の いっしゅん が ここ に ある は
Maru_comet5	うれしいわ！	ureshii wa	うれしい は
DisplayType_Dinosaur	恐竜	kyōryū	きょうりゅう
MoodMessage_DisturbedByDog_Female	はビクビクしているみたい。	wa bikubiku shite iru mitai	は ビクビク シテ イル ミタイ
MoodMessage_DisturbedByDog_Female	きのうの夜、	kinō no yoru	きのう の よる
MoodMessage_DisturbedByDog_Male	はビクビクしているみたい。	wa bikubiku shite iru mitai	は ビクビク シテ イル ミタイ
MoodMessage_DisturbedByDog_Male	きのうの夜、	kinō no yoru	きのう の よる
MoodMessage_Fine	はげんきそう。	wa genki sō	は げんき そう
MoodMessage_Happy	はとってもしあわせそう！	wa tottemo shiawase sō	は とっても しあわせ そう
MoodMessage_Hungry1	はイライラしてるみたい。	wa iraira shiteru mitai	は イライラ シテル ミタイ
MoodMessage_Hungry2	はすこしやせたみたい。	wa sukoshi yaseta mitai	は すこし やせた みたい
MoodMessage_LeftOutsideAtNight_Female	はフキゲンだ。	wa fukigen da	は フキゲン ダ
MoodMessage_LeftOutsideAtNight_Female	きのうの夜、	kinō no yoru	きのう の よる
MoodMessage_LeftOutsideAtNight_Female	外ですごしたようだ…	soto de sugoshita yō da	そと で すごした よう だ
MoodMessage_LeftOutsideAtNight_Male	はフキゲンだ。	wa fukigen da	は フキゲン ダ
MoodMessage_LeftOutsideAtNight_Male	きのうの夜、	kinō no yoru	きのう の よる
MoodMessage_LeftOutsideAtNight_Male	外ですごしたようだ…	soto de sugoshita yō da	そと で すごした よう だ
MoodMessage_NewHome_Adult_Female_1	は注意ぶかくあちこち見まわっている。	wa chūibukaku achikochi mimawatte iru	は ちゅういぶかく あちこち みまわって いる
MoodMessage_NewHome_Adult_Female_1	あたらしい家に少しずつなれているようだ。	atarashii ie ni sukoshi zutsu narete iru yō da	あたらしい いえ に すこし ずつ なれて いる よう だ
MoodMessage_NewHome_Adult_Female_2	は注意ぶかくあちこち見まわっている。	wa chūibukaku achikochi mimawatte iru	は ちゅういぶかく あちこち みまわって いる
MoodMessage_NewHome_Adult_Female_2	新しい世界は不思議なものだ。	atarashii sekai wa fushigi na mono da	あたらしい せかい は ふしぎ な もの だ
MoodMessage_NewHome_Adult_Male_1	は注意ぶかくあちこち見まわっている。	wa chūibukaku achikochi mimawatte iru	は ちゅういぶかく あちこち みまわって いる
MoodMessage_NewHome_Adult_Male_1	あたらしい家に少しずつなれているようだ。	atarashii ie ni sukoshi zutsu narete iru yō da	あたらしい いえ に すこし ずつ なれて いる よう だ
MoodMessage_NewHome_Adult_Male_2	は注意ぶかくあちこち見まわっている。	wa chūibukaku achikochi mimawatte iru	は ちゅういぶかく あちこち みまわって いる
MoodMessage_NewHome_Adult_Male_2	新しい世界は不思議なものだ。	atarashii sekai wa fushigi na mono da	あたらしい せかい は ふしぎ な もの だ
MoodMessage_NewHome_Baby_Female	はよちよちあるいている。	wa yochiyochi aruite iru	は よちよち あるいて いる
MoodMessage_NewHome_Baby_Female	あたらしい世界に興味しんしんだ。	atarashii sekai ni kyōmi shinshin da	あたらしい せかい に きょうみ しんしん だ
MoodMessage_NewHome_Baby_Male	はよちよちあるいている。	wa yochiyochi aruite iru	は よちよち あるいて いる
MoodMessage_NewHome_Baby_Male	あたらしい世界に興味しんしんだ。	atarashii sekai ni kyōmi shinshin da	あたらしい せかい に きょうみ しんしん だ
MoodMessage_Sad	はかなしそう。	wa kanashi sō	は かなし そう
TryingToSleep	は寝ようとしている。	wa neyō to shite iru	は ねよう と して いる
Abstract	「抽象」	chūshō	ちゅうしょう
AmethystCrystalBall	水晶玉	suishōdama	すいしょうだま
AquamarineCrystalBall	水晶玉	suishōdama	すいしょうだま
BearStatue	像	zō	ぞう
BoboStatue	像	zō	ぞう
BountifulDiningTable	豪華な	gōka na	ごうか な
BurlapRug	黄麻布	kōmafu	こうまふ
CCFishTank	公民館の	kōminkan no	こうみんかん の
CCFishTank	水槽	suisō	すいそう
CalicoStatue	像	zō	ぞう
CarvedWindow	彫刻	chōkoku	ちょうこく
Cauldron	大釜	ōgama	おうがま
CeilingFlags	天井用の	tenjō yō no	てんじょう よう の
CeramicPillar	陶器の	tōki no	とうき の
ChickenStatue	像	zō	ぞう
ChildBed	子供用	kodomo yō	こども よう
ChinaCabinet	中華風	chūkafū	ちゅうかふう
CommunityCenter	「公民館」	kōminkan	こうみんかん
CrystalBall	水晶玉	suishōdama	すいしょうだま
DancingGrass	草原」	sōgen	そうげん
DecorativeBarrel	装飾用の	sōshoku yō no	そうしょく よう の
DecorativeDoor1	装飾用の	sōshoku yō no	そうしょく よう の
DecorativeDoor2	装飾用の	sōshoku yō no	そうしょく よう の
DecorativeDoor3	装飾用の	sōshoku yō no	そうしょく よう の
DecorativeDoor4	装飾用の	sōshoku yō no	そうしょく よう の
DecorativeDoor5	装飾用の	sōshoku yō no	そうしょく よう の
DecorativeDoor6	装飾用の	sōshoku yō no	そうしょく よう の
DecorativeHatch	装飾用の	sōshoku yō no	そうしょく よう の
DecorativeJojaDoor	装飾用の	sōshoku yō no	そうしょく よう の
DecorativeJunimoDoor	装飾用の	sōshoku yō no	そうしょく よう の
DecorativeLantern	装飾用	sōshoku yō	そうしょく よう
DecorativeOakLadder	装飾用の	sōshoku yō no	そうしょく よう の
DecorativeRetroDoor	装飾用の	sōshoku yō no	そうしょく よう の
DecorativeShovel	装飾用の	sōshoku yō no	そうしょく よう の
DecorativeSword	装飾用の	sōshoku yō no	そうしょく よう の
DecorativeWalnutLadder	装飾用の	sōshoku yō no	そうしょく よう の
DecorativeWizardDoor	装飾用の	sōshoku yō no	そうしょく よう の
DeluxeFishTank	豪華な	gōka na	ごうか な
DeluxeFishTank	水槽	suisō	すいそう
DeluxeRedDoubleBed	豪華な	gōka na	ごうか な
EmeraldCrystalBall	水晶玉	suishōdama	すいしょうだま
ExoticPalace	宮殿	kyūden	きゅうでん
FancyHousePlant	観葉植物	kan'yō shokubutsu	かんよう しょくぶつ
FestiveDiningTable	祝祭用	shukusai yō	しゅくさい よう
FisherDoubleBed	漁師の	ryōshi no	りょうし の
FoliagePrint	絵	e	へ
FrozenDreams	「氷の夢」	kōri no yume	こうり の ゆめ
Globe	地球儀	chikyūgi	ちきゅうぎ
Glyph	象形文字	shōkei moji	しょうけい もじ
GourmandStatue	食いしん坊の	kuishinbō no	くいしんぼう の
GourmandStatue	像	zō	ぞう
GreenSerpentStatue	像	zō	ぞう
HousePlant	観葉植物	kan'yō shokubutsu	かんよう しょくぶつ
IcyBanner	氷の	kōri no	こうり の
IcyRug	氷の	kōri no	こうり の
IndoorPalm	室内用	shitsunai yō	しつない よう
IndustrialPipe	工業用	kōgyō yō	こうぎょう よう
ItHowlsInTheRain	遠吠え」	tōboe	とうぼえ
JPainting	絵	e	へ
JojaColaFridge	冷蔵庫	reizōko	れいぞうこ
JojaColaPainting	絵	e	へ
JojaHQPainting	絵	e	へ
JourneyOfThePrairieKingTheMotionPicture	「大草原の王の旅：	daisōgen no ō no tabi	だいそうげん の おう の たび
JungleTank	水槽	suisō	すいそう
KingChair	王様の	ōsama no	おうさま の
LLightString	大きな	ōkina	おうきな
LargeBookPile	大きな	ōkina	おうきな
LargeBookStack	大きな	ōkina	おうきな
LargeCottageRug	大きな	ōkina	おうきな
LargeFishTank	大きな	ōkina	おうきな
LargeFishTank	水槽	suisō	すいそう
LargeGreenRug	大きな	ōkina	おうきな
LargeJojaCrate	大きな	ōkina	おうきな
LargeJojaRug	大きな	ōkina	おうきな
LargeJunimoHut	大きな	ōkina	おうきな
LargeRedRug	大きい	ōkii	おうきい
LargeRetroRug	大きい	ōkii	おうきい
LargeWizardBookcase	大きな	ōkina	おうきな
LeahsSculpture	彫刻	chōkoku	ちょうこく
Lifesaver	救命浮き輪	kyūmei ukiwa	きゅうめい うきわ
LuxuryBookcase	豪華な	gōka na	ごうか な
LuxuryTable	豪華な	gōka na	ごうか な
ManicuredPine	室内用	shitsunai yō	しつない よう
MinersCrest	鉱山労働者の	kōzan rōdōsha no	こうざん ろうどうしゃ の
MinersCrest	紋章	monshō	もんしょう
ModelPlanes	模型飛行機	mokei hikōki	もけい ひこうき
ModernFishTank	水槽	suisō	すいそう
MorrisPortrait	最優秀	saiyūshū	さいゆうしゅう
MyFirstPainting	絵	e	へ
NaturalWondersExploringOurVibrantWorld	私たちの活気に満ちた世界を探る」	watashitachi no kakki ni michita sekai o saguru	わたしたち の かっき に みちた せかい を さぐる
NauticalRug	海洋	kaiyō	かいよう
NeedlepointFlower	刺しゅう画	shishūga	ししゅうが
ObsidianVase	黒曜石の	kokuyōseki no	こくようせき の
Pathways	「通路」	tsūro	つうろ
PeriodicTable	周期表	shūkihyō	しゅうきひょう
PigPainting	絵	e	へ
PlainTorch	普通の	futsū no	ふつう の
PortraitOfAMermaid	肖像画」	shōzōga	しょうぞうが
PurpleSerpentStatue	像	zō	ぞう
QueenoftheGemSea	女王」	joō	じょおう
RadioDesk	無線用の	musen yō no	むせん よう の
RubyCrystalBall	水晶玉	suishōdama	すいしょうだま
Skeleton	骨格標本	kokkaku hyōhon	こっかく ひょうほん
SmallFishTank	水槽	suisō	すいそう
SolarKingdom	「太陽の	taiyō no	たいよう の
SolarKingdom	王国」	ōkoku	おうこく
Spires	「尖塔」	sentō	せんとう
SpiritsTable	蒸留酒	jōryūshu	じょうりゅうしゅ
SquirrelFigurine	像	zō	ぞう
StandingGeode	晶洞石の	shōdōseki no	しょうどうせき の
Starship	「宇宙船」	uchūsen	うちゅうせん
Sun44	「太陽44番」	taiyō yonjūyon ban	たいよう よんじゅうよん ばん
Sun45	「太陽45番」	taiyō yonjūgo ban	たいよう よんじゅうご ばん
SunDunes	太陽の	taiyō no	たいよう の
SunDunes	砂丘	sakyū	さきゅう
SunTable	太陽の	taiyō no	たいよう の
TablePlant	卓上	takujō	たくじょう
TallHousePlant	観葉植物	kan'yō shokubutsu	かんよう しょくぶつ
TheBraveLittleSapling	「勇敢な	yūkan na	ゆうかん な
TopazCrystalBall	水晶玉	suishōdama	すいしょうだま
TropicalFish173	「熱帯魚 #173」	nettaigyo hyakunanajūsan	ねったいぎょ ひゃくななじゅうさん
Vista	「風景」	fūkei	ふうけい
WizardStudy	研究机	kenkyū tsukue	けんきゅう つくえ
WizardTower	塔」	tō	とう
WumbusStatue	像	zō	ぞう
GenericPlayerTerm	牧場主	bokujōnushi	ぼくじょうぬし
RandomDeliciousAdjective	最高#	saikō	さいこう
RandomDeliciousAdjective	おいしそう#	oishisō	おいしそう
RandomNegativeFoodAdjective	もどしそうになる#	modoshisō ni naru	もどしそう に なる
RandomNegativeFoodAdjective_Polite	…ふうがわり#	fūgawari	ふうがわり
RandomPositiveAdjective_AdultMale	興味ぶかい#	kyōmibukai	きょうみぶかい
RandomPositiveAdjective_AdultMale	最高#	saikō	さいこう
AdventureGuild_Greeting	何か必要ですか？	nanika hitsuyō desu ka	なにか ひつよう です か
AdventureGuild_KillList_CaveInsects	昆虫	konchū	こんちゅう
AdventureGuild_KillList_Footer	から賞品をもらうように。	kara shōhin o morau yō ni	から しょうひん を もらう よう に
AdventureGuild_KillList_Header	「谷の平和を守ろう」
	tani no heiwa o mamorō	たに の へいわ を まもろう
AnimalHouse_Incubator_Hatch_Ostrich	大きいですね！	ōkii desu ne	おうきい です ね
AnimalShop_Marnie_Absent	本日は閉店しました。

	honjitsu wa heiten shimashita	ほんじつ は へいてん しました
AnimalShop_Marnie_Animals	動物を買う	dōbutsu o kau	どうぶつ を かう
AnimalShop_Marnie_Supplies	物資を 	busshi o	ぶっし を
AnimalShop_MoneyBox	今日は島にいっているの。	kyō wa shima ni itte iru no	きょう は しま に いって いる の
AnimalShop_MoneyBox	箱に代金を入れておいてね！^ 	hako ni daikin o irete oite ne	はこ に だいきん を いれて おいて ね
ArchaeologyHouse_Gunther_Collect	報酬を 	hōshū o	ほうしゅう を
ArchaeologyHouse_Gunther_Donate	博物館へ 	hakubutsukan e	はくぶつかん へ
ArchaeologyHouse_Gunther_Donate	寄贈する	kizō suru	きぞう する
ArchaeologyHouse_Rearrange	を並べ替えたいですか？	o narabekaetai desu ka	を ならべかえたい です か
Backwoods_MonsterGrave	は他の命を奪ってまでこの命を救ってくれた…#	wa hoka no inochi o ubatte made kono inochi o sukutte kureta	は ほか の いのち を うばって まで この いのち を すくって くれた
Backwoods_MonsterGrave	そのことは決して忘れない	sono koto wa kesshite wasurenai	その こと は けっして わすれない
BeachNightMarket_Closed	開始は午後5時から	kaishi wa gogo goji kara	かいし は ごご ごじ から
BeachNightMarket_GiftGiverClosed	行商人: 	gyōshōnin	ぎょうしょうにん
BeachNightMarket_GiftGiverClosed	夜の市は 	yoru no ichi wa	よる の いち は
BeachNightMarket_GiftGiverClosed	ごちそう するよ！	gochisō suru yo	ごちそう する よ
BeachNightMarket_GiftGiverEnjoy	行商人: 	gyōshōnin	ぎょうしょうにん
BeachNightMarket_GiftGiverQuestion	行商人: 	gyōshōnin	ぎょうしょうにん
BeachNightMarket_GiftGiverQuestion	無料の 	muryō no	むりょう の
BeachNightMarket_PainterQuestion	この絵には 	kono e ni wa	この へ に は
BeachNightMarket_PainterQuestion	1200gの 	sen nihyaku gōrudo no	せん にひゃく ごうるど の
BeachNightMarket_PainterQuestion	値を 	atai o	あたい を
BeachNightMarket_PainterQuestion	どうかな？	dō ka na	どう か な
BeachNightMarket_PainterSold	申し訳ない… 	mōshiwake nai	もうしわけ ない
BeachNightMarket_PainterSold	今日は 	kyō wa	きょう は
BeachNightMarket_PainterSold	売る絵が 	uru e ga	うる へ が
BeachNightMarket_SubmarineInUse	は誰かが使用中です。	wa dareka ga shiyōchū desu	は だれか が しようちゅう です
BeachNightMarket_SubmarineInUse	また後にしましょう	mata ato ni shimashō	また あと に しましょう
BeachNightMarket_WarperQuestion	250gで 	nihyaku gojū gōrudo de	にひゃく ごじゅう ごうるど で
Beach_FixBridge_Hint	修理できそうだ。	shūri dekisō da	しゅうり できそう だ
Beach_FixBridge_Question	橋を修理しますか？	hashi o shūri shimasu ka	はし を しゅうり します か
Beach_GoneFishingMessage	釣りで外出中。	tsuri de gaishutsuchū	つり で がいしゅつちゅう
Beach_GoneFishingMessage	明日にはもどります。	asu ni wa modorimasu	あす に は もどります
Beach_Mariner_PlayerBuyItem_AnswerYes	（5000G）	gosen gōrudo	ごせん ごうるど
Beach_Mariner_PlayerBuyItem_Question	おう、目を見りゃわかる…	ō me o mirya wakaru	おう め を みりゃ わかる
Beach_Mariner_PlayerBuyItem_Question	ぐうぜんだな。	gūzen da na	ぐうぜん だ な
Beach_Mariner_PlayerBuyItem_Question	おれは「人魚のペンダント」を売ってるんだ。	ore wa ningyo no pendanto o utteru n da	オレ は ニンギョ ノ ペンダント を ウッテル ン ダ
Beach_Mariner_PlayerBuyItem_Question	こいつをわたしてやれば、	koitsu o watashite yareba	こいつ を わたして やれば
Beach_Mariner_PlayerBuyItem_Question	向こうにはお前さんの言いたいことがわかるはずだ。	mukō ni wa omae-san no iitai koto ga wakaru hazu da	むこう に は おまえさん の いいたい こと が わかる はず だ
Beach_Mariner_PlayerHasItem	結婚したい相手にこの首かざりをわたしてやるといい。	kekkon shitai aite ni kono kubikazari o watashite yaru to ii	けっこん したい あいて に この くびかざり を わたして やる と いい
Beach_Mariner_PlayerNoRelationship	おれはここで古い首かざりを売ってるんだが…	ore wa koko de furui kubikazari o utteru n da ga	おれ は ここ で ふるい くびかざり を うってる ん だ が
Beach_Mariner_PlayerNotUpgradedHouse	いまより大きい家じゃないとな。	ima yori ōkii ie ja nai to na	いま より おうきい いえ じゃ ない と な
Beach_Mariner_Player_Female	嬢ちゃん	jōchan	じょうちゃん
Blacksmith_Clint_Geodes	加工	kakō	かこう
BoatTunnel_DonateBatteries	発券機の修理に、	hakkenki no shūri ni	はっけんき の しゅうり に
BoatTunnel_DonateBatteries	電池を5個寄付しますか？	denchi o goko kifu shimasu ka	でんち を ごこ きふ します か
BoatTunnel_DonateBatteriesHint	この機械は、	kono kikai wa	この きかい は
BoatTunnel_DonateBatteriesHint	5個の電池で修理することができます。	goko no denchi de shūri suru koto ga dekimasu	ごこ の でんち で しゅうり する こと が できます
BoatTunnel_DonateHardwood	船体の修理に、	sentai no shūri ni	せんたい の しゅうり に
BoatTunnel_DonateHardwood	堅い木を200個寄付しますか？	katai ki o nihyakko kifu shimasu ka	かたい き を にひゃっこ きふ します か
BoatTunnel_DonateHardwoodHint	船体は、	sentai wa	せんたい は
BoatTunnel_DonateHardwoodHint	200個の堅い木で修理することができます。	nihyakko no katai ki de shūri suru koto ga dekimasu	にひゃっこ の かたい き で しゅうり する こと が できます
BoatTunnel_DonateIridium	イリジウムののべ棒を5個寄付しますか？	irijiumu no nobebō o goko kifu shimasu ka	イリジウム ノ ノベボー を ゴコ キフ シマス カ
BoatTunnel_DonateIridiumHint	イカリは、	ikari wa	イカリ は
BoatTunnel_boatcomplete	全ての材料がそろいました！#	subete no zairyō ga soroimashita	すべて の ざいりょう が そろいました
BoatTunnel_boatcomplete	ボートは一晩かけて修理されます。	bōto wa hitoban kakete shūri saremasu	ボート は ヒトバン カケテ シューリ サレマス
BoatTunnel_willyText_firstRide	まるで新造船だ！	marude shinzōsen da	まるで しんぞうせん だ
BoatTunnel_willyText_random1	よお！	yō	よう
BusStop_BuyTicketToDesert	{0}G	gōrudo	ごうるど
BusStop_DesertOutOfService	は休止中です。	wa kyūshichū desu	は きゅうしちゅう です
BusStop_ReturnToHorse1	はあなたがいつ帰るのか気にしている。	wa anata ga itsu kaeru no ka ki ni shite iru	は あなた が いつ かえる の か き に して いる
BusStop_ReturnToHorse2	はあなたを思いながら、	wa anata o omoinagara	は あなた を おもいながら
BusStop_ReturnToHorse2	帰りをしんぼうづよく待っている。	kaeri o shinbōzuyoku matte iru	かえり を しんぼうずよく まって いる
BuyTicket	{0}gで	gōrudo de	ごうるど で
BuyTicket	チケットを買いますか？	chiketto o kaimasu ka	チケット を カイマス カ
Caroline_Sunroom_Door	だけが彼女の友達をここに入れることができます...	dake ga kanojo no tomodachi o koko ni ireru koto ga dekimasu	だけ が かのじょ の ともだち を ここ に いれる こと が できます
Caroline_Tea_Event1	お茶を飲みながら	o-cha o nominagara	おちゃ を のみながら
Caroline_Tea_Event1	リラックスしているときは...	rirakkusu shite iru toki wa	リラックス シテ イル トキ は
Caroline_Tea_Event2	私の心は空っぽで	watashi no kokoro wa karappo de	わたし の こころ は からっぽ で
Caroline_Tea_Event2	自由に歩き回ることができます...	jiyū ni arukimawaru koto ga dekimasu	じゆう に あるきまわる こと が できます
Caroline_Tea_Event3	それを知っているのは誰ですか？	sore o shitte iru no wa dare desu ka	それ を しって いる の は だれ です か
ChallengeShrine_Activated	は今夜中にかなえられるでしょう。	wa kon'yajū ni kanaerareru deshō	は こんやじゅう に かなえられる でしょう
ChallengeShrine_AlreadyActive	はもう受け入れられました。	wa mō ukeiraremashita	は もう うけいられました
ChallengeShrine_AlreadyHard	古代の魔法の封印を使って、	kodai no mahō no fūin o tsukatte	こだい の まほう の ふういん を つかって
ChallengeShrine_AlreadyHard	鉱山を元の状態に戻しますか？	kōzan o moto no jōtai ni modoshimasu ka	こうざん を もと の じょうたい に もどします か
ChallengeShrine_NotYetHard	古代の魔法の封印を解いて、	kodai no mahō no fūin o toite	こだい の まほう の ふういん を といて
ChallengeShrine_OnQiChallenge	このやしろを一時的に封鎖した。	kono yashiro o ichijiteki ni fūsa shita	この やしろ を いちじてき に ふうさ した
Club_Bouncer_TextAboveHead1	もうおこったぞ！	mō okotta zo	もう おこった ぞ
Club_Buy100Coins	1000Gで買いますか？	sen gōrudo de kaimasu ka	せん ごうるど で かいます か
Club_CalicoJack	このテーブルでは100コインからプレイできます。	kono tēburu de wa hyaku koin kara purei dekimasu	コノ テーブル デ は ヒャク コイン カラ プレイ デキマス
Club_CalicoJackHS_NotEnoughCoins	遊ぶには 	asobu ni wa	あそぶ に は
Club_CalicoJackHS_NotEnoughCoins	以上 	ijō	いじょう
Club_CalicoJackHS_NotEnoughCoins	必要だ。	hitsuyō da	ひつよう だ
Club_CalicoJack_HS	ここはレートが高いテーブルです。	koko wa rēto ga takai tēburu desu	ココ は レート ガ タカイ テーブル デス
Club_CalicoJack_HS	かけ金は1000コインからになります。	kakekin wa sen koin kara ni narimasu	カケキン は セン コイン カラ ニ ナリマス
Club_CalicoJack_NotEnoughCoins	足りないようだな。 	tarinai yō da na	たりない よう だ な
Club_CalicoJack_NotEnoughCoins	両替機から 	ryōgaeki kara	りょうがえき から
Club_CalicoJack_Rules1	目的は、	mokuteki wa	もくてき は
Club_CalicoJack_Rules1	手札の 数字の 合計(スコア)を 	tefuda no sūji no gōkei sukoa o	テフダ ノ スージ ノ ゴーケイ スコア を
Club_CalicoJack_Rules1	21に 近づける ことです。	nijūichi ni chikazukeru koto desu	にじゅういち に ちかずける こと です
Club_CalicoJack_Rules1	カードの 数字は 1から9まで ありますが、 	kādo no sūji wa ichi kara kyū made arimasu ga	カード ノ スージ は イチ カラ キュー マデ アリマス ガ
Club_CalicoJack_Rules1	「1」は 「11」としても 扱われます。	ichi wa jūichi to shite mo atsukawaremasu	いち は じゅういち と して も あつかわれます
Club_CalicoJack_Rules1	プレイヤーと ディーラーは 2枚ずつ カードを 受け取りますが、 	pureiyā to dīrā wa nimai zutsu kādo o uketorimasu ga	プレイヤー ト ディーラー は ニマイ ズツ カード を ウケトリマス ガ
Club_CalicoJack_Rules1	ディーラー側の 2枚は 数字が見えません。 	dīrā gawa no nimai wa sūji ga miemasen	ディーラー ガワ ノ ニマイ は スージ ガ ミエマセン
Club_CalicoJack_Rules1	ターンごとに ランダムな カードを 1枚 引くか、 	tān goto ni randamu na kādo o ichimai hiku ka	ターン ゴト ニ ランダム ナ カード を イチマイ ヒク カ
Club_CalicoJack_Rules2	スコアが 18以上に なるまで ディーラーは カードを 引きます。 	sukoa ga jūhachi ijō ni naru made dīrā wa kādo o hikimasu	スコア ガ ジューハチ イジョー ニ ナル マデ ディーラー は カード を ヒキマス
Club_CalicoJack_Rules2	どちらかの プレイヤーの スコアが 21を超えた場合、 	dochira ka no pureiyā no sukoa ga nijūichi o koeta baai	ドチラ カ ノ プレイヤー ノ スコア ガ ニジューイチ を コエタ バアイ
Club_ClubSeller	よう…	yō	よう
Club_ClubSeller	なあ、この「おわりなき幸運の像」…	nā kono owarinaki kōun no zō	なあ この おわりなき こううん の ぞう
Club_ClubSeller	こいつをたったの1000000Gで売ってるんだけど。	koitsu o tatta no hyakuman gōrudo de utteru n da kedo	こいつ を たった の ひゃくまん ごうるど で うってる ん だ けど
Club_ClubSeller	どうだい、買わないか？	dō dai kawanai ka	どう だい かわない か
Club_ClubSeller_NotEnoughMoney	1,000,000gと 	hyakuman gōrudo to	ひゃくまん ごうるど と
Club_QiCoins_BuyStarter	1000Gでスタートパックを買いますか？	sen gōrudo de sutāto pakku o kaimasu ka	セン ゴールド デ スタート パック を カイマス カ
CommunityCenter_AreaCompletion1	ぼくらはジュニモ…	bokura wa Junimo	ボクラ は ジュニモ
CommunityCenter_AreaCompletion1	森をまもるのが役目だよ。	mori o mamoru no ga yakume da yo	もり を まもる の が やくめ だ よ
CommunityCenter_AreaCompletion2	この建てものはもう何十年もからっぽで…	kono tatemono wa mō nanjūnen mo karappo de	この たてもの は もう なんじゅうねん も からっぽ で
CommunityCenter_AreaCompletion3	だって、ここはキミたちの場所だもの。	datte koko wa kimi-tachi no basho da mono	ダッテ ココ は キミタチ ノ バショ ダ モノ
CommunityCenter_AreaCompletion4	こんなに贈りものをいっぱい…	konna ni okurimono o ippai	こんな に おくりもの を いっぱい
CommunityCenter_AreaCompletion4	ありがとう！	arigatō	ありがとう
CommunityCenter_AreaCompletion5	ここを直しおわったら、	koko o naoshiowattara	ここ を なおしおわったら
CommunityCenter_AreaCompletion5	ぼくらはもとの世界にもどるね。	bokura wa moto no sekai ni modoru ne	ぼくら は もと の せかい に もどる ね
CommunityCenter_AreaName_AbandonedJojaMart	放棄された	hōki sareta	ほうき された
CommunityCenter_AreaName_FishTank	水そう	suisō	すいそう
CommunityCenter_AreaName_Pantry	食料室	shokuryōshitsu	しょくりょうしつ
CommunityCenter_JunimosReturned	は精霊の世界にもどっていった。	wa seirei no sekai ni modotte itta	は せいれい の せかい に もどって いった
Desert_SandDragon_ConsumeEssence	ドラゴンのあぎとのなかに結晶をおいた。	doragon no agito no naka ni kesshō o oita	ドラゴン ノ アギト ノ ナカ ニ ケッショー を オイタ
Desert_SandDragon_Initial	さばくの太陽に向かって、	sabaku no taiyō ni mukatte	さばく の たいよう に むかって
Desert_SandDragon_Initial	おおきくあぎとが開いている。	ōkiku agito ga hiraite iru	おうきく あぎと が ひらいて いる
Desert_SandDragon_Initial	死んでなお、食べたくてしかたないようだ。	shinde nao tabetakute shikata nai yō da	しんで なお たべたくて しかた ない よう だ
Desert_SandDragon_MrQiNote	『キミはどうやら信用できそうだ。	kimi wa dōyara shin'yō dekisō da	キミ は ドーヤラ シンヨー デキソー ダ
Desert_SandDragon_MrQiNote	帰ったら、キミの家にある材木おき場をしらべてみたまえ。	kaettara kimi no ie ni aru zaimoku okiba o shirabete mitamae	カエッタラ キミ ノ イエ ニ アル ザイモク オキバ を シラベテ ミタマエ
Desert_Trader_Closed	は18日までお休みです。	wa jūhachinichi made o-yasumi desu	は じゅうはちにち まで おやすみ です
DoorUnlock_NotFriend_Couple	の寝室に入るわけにはいかない。	no shinshitsu ni hairu wake ni wa ikanai	の しんしつ に はいる わけ に は いかない
DoorUnlock_NotFriend_Female	の寝室に入るわけにはいかない。	no shinshitsu ni hairu wake ni wa ikanai	の しんしつ に はいる わけ に は いかない
DoorUnlock_NotFriend_Male	の寝室に入るわけにはいかない。	no shinshitsu ni hairu wake ni wa ikanai	の しんしつ に はいる わけ に は いかない
FarmHouse_Bed_GoToSleep	きょうはもう寝ますか？	kyō wa mō nemasu ka	きょう は もう ねます か
FarmHouse_Crib_NewbornSleeping	はねむっている。	wa nemutte iru	は ねむって いる
FarmHouse_SpouseAttacked1	これは…？	kore wa	これ は
FarmHouse_SpouseAttacked10	剣を！	ken o	けん を
Farm_GrandpaNote	へ - 3年目がはじまるころにようすを見にくるよ。	e sannenme ga hajimaru koro ni yōsu o mi ni kuru yo	へ さんねんめ が はじまる ころ に ようす を み に くる よ
Farm_GrandpaNote	 - おじいちゃんより	ojīchan yori	おじいちゃん より
Farm_GrandpaShrine_DiamondSlot	ダイヤモンドのかたちをしたくぼみがある。	daiyamondo no katachi o shita kubomi ga aru	ダイヤモンド ノ カタチ を シタ クボミ ガ アル
Farm_GrandpaShrine_DiamondSlot	以前にはなかったような…？	izen ni wa nakatta yō na	いぜん に は なかった よう な
Farm_GrandpaShrine_PlaceDiamond	をおじいちゃんのお墓にそなえた。	o ojīchan no o-haka ni sonaeta	を おじいちゃん の おはか に そなえた
Farm_GreenhouseRuins	昔はりっぱだったのだろうが、	mukashi wa rippa datta no darō ga	むかし は りっぱ だった の だろう が
Farm_GreenhouseRuins	いまはあとかたもない。	ima wa atokata mo nai	いま は あとかた も ない
Farm_OtherPlayerMailbox	それはあなたのメールボックスではありません。	sore wa anata no mērubokkusu de wa arimasen	ソレ は アナタ ノ メールボックス デ は アリマセン
Farm_WeedsDestruction	牧場が、 	bokujō ga	ぼくじょう が
Farm_WeedsDestruction	雑草による 	zassō ni yoru	ざっそう に よる
Farm_WeedsDestruction	被害を 	higai o	ひがい を
FieldOfficeDonated_0	ああ…	ā	ああ
FieldOfficeDonated_0	これは自然史の上で非常に重要なものだ！	kore wa shizenshi no ue de hijō ni jūyō na mono da	これ は しぜんし の うえ で ひじょう に じゅうよう な もの だ
FieldOfficeDonated_0	ありがとう。	arigatō	ありがとう
FieldOfficeDonated_1	この骨はまさに私が探していたものだ。	kono hone wa masa ni watashi ga sagashite ita mono da	この ほね は まさ に わたし が さがして いた もの だ
FieldOfficeDonated_1	さあ、拡大鏡を掃除しなくては…	sā kakudaikyō o sōji shinakute wa	さあ かくだいきょう を そうじ しなくて は
FieldOfficeDonated_2	最高の仕事だよ、	saikō no shigoto da yo	さいこう の しごと だ よ
FieldOfficeDonated_2	もっとも原始的な標本の一つだ。	mottomo genshiteki na hyōhon no hitotsu da	もっとも げんしてき な ひょうほん の ひとつ だ
FieldOfficeDonated_2	ありがとう！$h	arigatō	ありがとう
FieldOfficeDonated_3	それが今では私のものだ！	sore ga ima de wa watashi no mono da	それ が いま で は わたし の もの だ
FieldOfficeDonated_Reward	あれを見てくれ！	are o mite kure	あれ を みて くれ
FieldOfficeDonated_Reward	我々は完全な作品を作り上げることができた。$h#$b#	wareware wa kanzen na sakuhin o tsukuriageru koto ga dekita	われわれ は かんぜん な さくひん を つくりあげる こと が できた
FieldOfficeDonated_Reward	君のために用意しておいたものがあるんだ。	kimi no tame ni yōi shite oita mono ga aru n da	きみ の ため に ようい して おいた もの が ある ん だ
Forest_HatMouseStore_Abandoned	だれも住んでいないようだ…	dare mo sunde inai yō da	だれ も すんで いない よう だ
Forest_OpenedSewer	下水道のとびらを開けた！	gesuidō no tobira o aketa	げすいどう の とびら を あけた
Forest_WizardTower_Locked	だれかいるようだ。	dareka iru yō da	だれか いる よう だ
Gil_Telephone	よう。	yō	よう
Gil_Telephone	150体のマグマおばけを倒したのか？	hyakugojittai no maguma obake o taoshita no ka	ヒャクゴジッタイ ノ マグマ オバケ を タオシタ ノ カ
Gil_Telephone	マーロンの電話番号を教えてやろう。	Māron no denwa bangō o oshiete yarō	マーロン ノ デンワ バンゴー を オシエテ ヤロー
Gil_Telephone	あいつは教えたがらないが、	aitsu wa oshietagaranai ga	あいつ は おしえたがらない が
Gil_Telephone	おまえさんは知っておいた方がいい。#$b#	omaesan wa shitte oita hō ga ii	おまえさん は しって おいた ほう が いい
Gil_Telephone	アイテム回収サービスを使いたいが、	aitemu kaishū sābisu o tsukaitai ga	アイテム カイシュー サービス を ツカイタイ ガ
Gil_Telephone	わざわざここまで来たくないと思った時は…	wazawaza koko made kitakunai to omotta toki wa	わざわざ ここ まで きたくない と おもった とき は
Gil_Telephone	いい話じゃろう？	ii hanashi jarō	いい はなし じゃろう
Gourmand_Finished	友人よ、また会えてうれしいよ。|	yūjin yo mata aete ureshii yo	ゆうじん よ また あえて うれしい よ
Gourmand_Finished	この畑をたがやしてくれてありがとう。 	kono hatake o tagayashite kurete arigatō	この はたけ を たがやして くれて ありがとう
Gourmand_Finished	おまえさんにしあわせの雨がふりそそぐことを願うよ！	omaesan ni shiawase no ame ga furisosogu koto o negau yo	おまえさん に しあわせ の あめ が ふりそそぐ こと を ねがう よ
Gourmand_InProgress	ああ… 	ā	ああ
Gourmand_InProgress	わたしのほしいものが育っているようだ。 	watashi no hoshii mono ga sodatte iru yō da	わたし の ほしい もの が そだって いる よう だ
Gourmand_InProgress	大きく育ったころにまた来るといい…	ōkiku sodatta koro ni mata kuru to ii	おうきく そだった ころ に また くる と いい
Gourmand_Intro	牧場主だな？ 	bokujōnushi da na	ぼくじょうぬし だ な
Gourmand_Intro	これはありがたい！|	kore wa arigatai	これ は ありがたい
Gourmand_Intro	雨がしあわせを運んできたんだ！	ame ga shiawase o hakonde kita n da	あめ が しあわせ を はこんで きた ん だ
Gourmand_LastReward	おまえさんには本当に感謝してるよ。 	omaesan ni wa hontō ni kansha shiteru yo	おまえさん に は ほんとう に かんしゃ してる よ
Gourmand_LastReward	思い出をたどる最後の旅をさせてくれた。|	omoide o tadoru saigo no tabi o sasete kureta	おもいで を たどる さいご の たび を させて くれた
Gourmand_LastReward	友人よ、ごほうびもこれでおしまいだ。	yūjin yo gohōbi mo kore de o-shimai da	ゆうじん よ ごほうび も これ で おしまい だ
Gourmand_RequestFailed	これはどういうことだ？！ 	kore wa dō iu koto da	これ は どう いう こと だ
Gourmand_RequestIntro	むかしは… 	mukashi wa	むかし は
Gourmand_RequestIntro	わたしの畑ではおいしい野菜や果物がたくさんとれたんだ…|	watashi no hatake de wa oishii yasai ya kudamono ga takusan toreta n da	わたし の はたけ で は おいしい やさい や くだもの が たくさん とれた ん だ
Gourmand_RequestIntro	今は、わたしは年をとりすぎて、	ima wa watashi wa toshi o torisugite	いま は わたし は とし を とりすぎて
Gourmand_RequestIntro	おかげで畑は荒れほうだいになってしまった…|	okage de hatake wa arehōdai ni natte shimatta	おかげ で はたけ は あれほうだい に なって しまった
Gourmand_RequestIntro	はぁ… 	hā	はあ
Gourmand_RequestIntro	おまえさんはいいところに来てくれた。	omaesan wa ii tokoro ni kite kureta	おまえさん は いい ところ に きて くれた
Gourmand_RequestQuestion	ああ… 	ā	ああ
Gourmand_Request_0	収穫はしないでいい！ 	shūkaku wa shinaide ii	しゅうかく は しないで いい
Gourmand_Request_0	そのままのすがたを見たいんだ…	sono mama no sugata o mitai n da	その まま の すがた を みたい ん だ
Gourmand_Request_0_Success	そう… 	sō	そう
Gourmand_Request_0_Success	…昔のことを思い出したよ… 	mukashi no koto o omoidashita yo	むかし の こと を おもいだした よ
Gourmand_Request_0_Success	晴れた日はとても気持ちよかった…|	hareta hi wa totemo kimochi yokatta	はれた ひ は とても きもち よかった
Gourmand_Request_0_Success	ああ… 	ā	ああ
Gourmand_Request_0_Success	あのジューシーな実をガブリと…|	ano jūshī na mi o gaburi to	アノ ジューシー ナ ミ を ガブリ ト
Gourmand_Request_0_Success	…いや、やめておこう。	iya yamete okō	いや やめて おこう
Gourmand_Request_1	風にゆられて肌をくすぐる、	kaze ni yurarete hada o kusuguru	かぜ に ゆられて はだ を くすぐる
Gourmand_Request_1	黄色くて細長いものを見てみたい…	kiiroku te hosonagai mono o mite mitai	きいろく て ほそながい もの を みて みたい
Gourmand_Request_1_Success	そう… 	sō	そう
Gourmand_Request_1_Success	むかしのガールフレンドのことを思い出したよ… 	mukashi no gārufurendo no koto o omoidashita yo	ムカシ ノ ガールフレンド ノ コト を オモイダシタ ヨ
Gourmand_Request_1_Success	これでおまえさんをくすぐって…！|	kore de omaesan o kusugutte	これ で おまえさん を くすぐって
Gourmand_Request_1_Success	…いや、やめておこう。	iya yamete okō	いや やめて おこう
Gourmand_Request_2	スパイシーな球根を見てみたい…	supaishī na kyūkon o mite mitai	スパイシー ナ キューコン を ミテ ミタイ
Gourmand_Request_2_Success	そう… 	sō	そう
Gourmand_Request_2_Success	…父のことを思い出したよ… 	chichi no koto o omoidashita yo	ちち の こと を おもいだした よ
Gourmand_Request_2_Success	わたしはまだオタマジャクシだった…|	watashi wa mada otamajakushi datta	ワタシ は マダ オタマジャクシ ダッタ
Gourmand_Request_2_Success	もう一度食べたら、口からまたあのにおいを出せる…|	mō ichido tabetara kuchi kara mata ano nioi o daseru	もう いちど たべたら くち から また あの におい を だせる
Gourmand_Request_2_Success	…いや、やめておこう。	iya yamete okō	いや やめて おこう
Gourmand_Reward	ありがとう。|	arigatō	ありがとう
Gourmand_Reward	これを持っていくといい。	kore o motte iku to ii	これ を もって いく と いい
HaleyHouse_DyePot	鮮やかな染料の色の配列。	azayaka na senryō no iro no hairetsu	あざやか な せんりょう の いろ の はいれつ
HaleyHouse_SewingMachine	それはミシンです...	sore wa mishin desu	ソレ は ミシン デス
HaleyHouse_SewingMachine	でも、使い方は分かりません。	demo tsukaikata wa wakarimasen	でも つかいかた は わかりません
IceCreamStand_NotSummer	- 夏まで休業 -	natsu made kyūgyō	なつ まで きゅうぎょう
IslandFieldOffice_Survey_Failed	また明日調査した方が良さそうだな…	mata ashita chōsa shita hō ga yosasō da na	また あした ちょうさ した ほう が よさそう だ な
IslandFieldOffice_Survey_Prompt_LeftPlant	島の調査 	shima no chōsa	しま の ちょうさ
IslandFieldOffice_Survey_Prompt_LeftPlant	-- 島に咲いている紫の花の数を報告してください。	shima ni saite iru murasaki no hana no kazu o hōkoku shite kudasai	しま に さいて いる むらさき の はな の かず を ほうこく して ください
IslandFieldOffice_Survey_Prompt_RightPlant	島の調査 	shima no chōsa	しま の ちょうさ
IslandFieldOffice_Survey_Prompt_RightPlant	-- 島にいる紫のヒトデの数を報告してください。	shima ni iru murasaki no hitode no kazu o hōkoku shite kudasai	シマ ニ イル ムラサキ ノ ヒトデ ノ カズ を ホーコク シテ クダサイ
IslandFieldOffice_Survey_PurpleFlower_Correct	確かにそのようだ。	tashika ni sono yō da	たしか に その よう だ
IslandFieldOffice_Survey_PurpleFlower_Correct	ありがとう！$h	arigatō	ありがとう
IslandFieldOffice_Survey_PurpleFlower_Wrong	その数は私の研究モデルに、まったく当てはまらない…	sono kazu wa watashi no kenkyū moderu ni mattaku atehamaranai	ソノ カズ は ワタシ ノ ケンキュー モデル ニ マッタク アテハマラナイ
IslandFieldOffice_Survey_PurpleFlower_Wrong	もう一度やり直してみてくれないか。$s	mō ichido yarinaoshite mite kurenai ka	もう いちど やりなおして みて くれない か
IslandFieldOffice_Survey_Yes	報告する準備ができている	hōkoku suru junbi ga dekite iru	ほうこく する じゅんび が できて いる
IslandFieldOffice_Welcome_0	どうもこんにちは！	dōmo konnichiwa	どうも こんにちわ
IslandFieldOffice_Welcome_2	やあ！	yā	やあ
IslandFieldOffice_Welcome_3	ようこそ！	yōkoso	ようこそ
IslandNorth_CaveTool_3	なにか別のことを試してくれ。	nanika betsu no koto o tameshite kure	なにか べつ の こと を ためして くれ
IslandSouth_ResortClosedSign	は臨時休業中です。	wa rinji kyūgyōchū desu	は りんじ きゅうぎょうちゅう です
IslandSouth_ResortClosedSign	明日は営業再開しますか？	asu wa eigyō saikai shimasu ka	あす は えいぎょう さいかい します か
IslandSouth_ResortClosedWillOpenSign	は明日は営業再開します。	wa asu wa eigyō saikai shimasu	は あす は えいぎょう さいかい します
IslandSouth_ResortClosedWillOpenSign	休業中にしますか？	kyūgyōchū ni shimasu ka	きゅうぎょうちゅう に します か
IslandSouth_ResortOpenSign	は営業中です。	wa eigyōchū desu	は えいぎょうちゅう です
IslandSouth_ResortOpenSign	明日は臨時休業しますか？	asu wa rinji kyūgyō shimasu ka	あす は りんじ きゅうぎょう します か
IslandSouth_ResortOpenWillCloseSign	は明日は臨時休業します。	wa asu wa rinji kyūgyō shimasu	は あす は りんじ きゅうぎょう します
IslandSouth_ResortOpenWillCloseSign	営業中にしますか？	eigyōchū ni shimasu ka	えいぎょうちゅう に します か
IslandSouth_ResortWillCloseSign	は明日は休業します。	wa asu wa kyūgyō shimasu	は あす は きゅうぎょう します
IslandSouth_ResortWillOpenSign	は明日は営業します。	wa asu wa eigyō shimasu	は あす は えいぎょう します
JojaMart_SignUp	公民館は 	kōminkan wa	こうみんかん は
JojaMart_SignUp	倉庫に 	sōko ni	そうこ に
JojaMart_SignUp	公民館を 	kōminkan o	こうみんかん を
JojaMart_SignUp	町を 	machi o	まち を
JojaMart_SignUp	別の方法を 	betsu no hōhō o	べつ の ほうほう を
JojaMart_SignUp	提供してくれます。 	teikyō shite kuremasu	ていきょう して くれます
JojaMart_SignUp	本当に 	hontō ni	ほんとう に
LockedDoor_FriendsOnly	入れるのは	haireru no wa	はいれる の は
ManorHouse_DivorceBook_CancelQuestion	離婚をキャンセルしますか？	rikon o kyanseru shimasu ka	リコン を キャンセル シマス カ
ManorHouse_DivorceBook_CancelQuestion_Krobus	立ち退きをキャンセルしますか？	tachinoki o kyanseru shimasu ka	タチノキ を キャンセル シマス カ
ManorHouse_DivorceBook_Cancelled	はキャンセルされました。	wa kyanseru saremashita	は キャンセル サレマシタ
ManorHouse_DivorceBook_Cancelled_Krobus	を追い出すという考えを変更しました。	o oidasu to iu kangae o henkō shimashita	を おいだす と いう かんがえ を へんこう しました
ManorHouse_DivorceBook_Filed	離婚の知らせは、明日の朝まで結婚相手には伝わりません。	rikon no shirase wa asu no asa made kekkon aite ni wa tsutawarimasen	りこん の しらせ は あす の あさ まで けっこん あいて に は つたわりません
ManorHouse_DivorceBook_Filed	途中で気が変わった場合は、	tochū de ki ga kawatta baai wa	とちゅう で き が かわった ばあい は
ManorHouse_DivorceBook_Filed	夜が終わるまでにここへ来てキャンセルしてください。	yoru ga owaru made ni koko e kite kyanseru shite kudasai	ヨル ガ オワル マデ ニ ココ へ キテ キャンセル シテ クダサイ
ManorHouse_DivorceBook_Filed_Krobus	を追い出すことに決めました。	o oidasu koto ni kimemashita	を おいだす こと に きめました
ManorHouse_DivorceBook_NoSpouse	結婚したあとは、	kekkon shita ato wa	けっこん した あと は
ManorHouse_DivorceBook_NoSpouse	ここに届け出を出せば離婚できる。	koko ni todokede o daseba rikon dekiru	ここ に とどけで を だせば りこん できる
ManorHouse_DivorceBook_NoSpouse	その機会がこないことを祈ろう！	sono kikai ga konai koto o inorō	その きかい が こない こと を いのろう
ManorHouse_DivorceBook_Question	離婚の届け出をしますか？	rikon no todokede o shimasu ka	りこん の とどけで を します か
ManorHouse_DivorceBook_Question	手数料は50000Gです。	tesūryō wa goman gōrudo desu	てすうりょう は ごまん ごうるど です
ManorHouse_DivorceBook_Question_Krobus	を追い出しますか？	o oidashimasu ka	を おいだします か
ManorHouse_LAF_Check_OrdersUnlocked	過去の特別注文品のうち、完了できなかった納品物を回収できる。	kako no tokubetsu chūmonhin no uchi kanryō dekinakatta nōhinbutsu o kaishū dekiru	かこ の とくべつ ちゅうもんひん の うち かんりょう できなかった のうひんぶつ を かいしゅう できる
ManorHouse_LAF_DonationItems	なくしたアイテムや完了できなかった納品物を回収する	nakushita aitemu ya kanryō dekinakatta nōhinbutsu o kaishū suru	ナクシタ アイテム ヤ カンリョー デキナカッタ ノーヒンブツ を カイシュー スル
ManorHouse_LAF_FarmhandItems	オフラインの農場主からアイテムを回収する	ofurain no nōjōnushi kara aitemu o kaishū suru	オフライン ノ ノージョーヌシ カラ アイテム を カイシュー スル
ManorHouse_LAF_FarmhandItemsQuestion	誰からアイテムを改修しますか？	dare kara aitemu o kaishū shimasu ka	ダレ カラ アイテム を カイシュー シマス カ
ManorHouse_LedgerBook_CancelMerge	資金のマージをキャンセルする	shikin no mājisu o kyanseru suru	シキン ノ マージス を キャンセル スル
ManorHouse_LedgerBook_MergeWallets	資金をマージする	shikin o māji suru	シキン を マージ スル
ManorHouse_LedgerBook_NoFarmhands	農場主があなたの農場に参加した場合、	nōjōnushi ga anata no nōjō ni sanka shita baai	のうじょうぬし が あなた の のうじょう に さんか した ばあい
ManorHouse_LedgerBook_NoFarmhands	お互いにお金を転送することができます。	otagai ni o-kane o tensō suru koto ga dekimasu	おたがい に おかね を てんそう する こと が できます
ManorHouse_LedgerBook_SendMoney	送金する	sōkin suru	そうきん する
ManorHouse_LedgerBook_SeparateWallets_CancelQuestion	資金のマージをキャンセルしますか？	shikin no māji o kyanseru shimasu ka	シキン ノ マージ を キャンセル シマス カ
ManorHouse_LedgerBook_SeparateWallets_HostQuestion	町長の台帳です。	chōchō no daichō desu	ちょうちょう の だいちょう です
ManorHouse_LedgerBook_SeparateWallets_HostQuestion	何をしたいですか？	nani o shitai desu ka	なに を したい です か
ManorHouse_LedgerBook_SeparateWallets_HowMuchQuestion	いくら送金したいですか？	ikura sōkin shitai desu ka	いくら そうきん したい です か
ManorHouse_LedgerBook_SeparateWallets_MergeQuestion	それぞれの農家の資金をマージしますか？	sorezore no nōka no shikin o māji shimasu ka	ソレゾレ ノ ノーカ ノ シキン を マージ シマス カ
ManorHouse_LedgerBook_SeparateWallets_MergeQuestion	今夜、みんなのお金が結合されています。	kon'ya minna no o-kane ga ketsugō sarete imasu	こんや みんな の おかね が けつごう されて います
ManorHouse_LedgerBook_SeparateWallets_TransferQuestion	誰に送金したいですか？	dare ni sōkin shitai desu ka	だれ に そうきん したい です か
ManorHouse_LedgerBook_SharedWallets_CancelQuestion	分割することをキャンセルしますか？	bunkatsu suru koto o kyanseru shimasu ka	ブンカツ スル コト を キャンセル シマス カ
ManorHouse_LedgerBook_SharedWallets_Client	農場主は、農家の資金分割を町長に要求することができます。	nōjōnushi wa nōka no shikin bunkatsu o chōchō ni yōkyū suru koto ga dekimasu	のうじょうぬし は のうか の しきん ぶんかつ を ちょうちょう に ようきゅう する こと が できます
ManorHouse_LedgerBook_SharedWallets_SeparateQuestion	それぞれの農家の資金分割をしますか？	sorezore no nōka no shikin bunkatsu o shimasu ka	それぞれ の のうか の しきん ぶんかつ を します か
ManorHouse_LedgerBook_SharedWallets_SeparateQuestion	今夜、均等に資金分割されます。	kon'ya kintō ni shikin bunkatsu saremasu	こんや きんとう に しきん ぶんかつ されます
ManorHouse_LedgerBook_Singleplayer	町長がこれを利用して財政を把握しているみたいです。	chōchō ga kore o riyō shite zaisei o haaku shite iru mitai desu	ちょうちょう が これ を りよう して ざいせい を はあく して いる みたい です
ManorHouse_MayorFridge_ConsumeBeets	れいぞうこにすばやくビートを入れた。	reizōko ni subayaku bīto o ireta	レイゾーコ ニ スバヤク ビート を イレタ
ManorHouse_MayorFridge_ConsumeBeets	どうやらあなたあてのようだ。	dōyara anata ate no yō da	どうやら あなた あて の よう だ
ManorHouse_MayorFridge_Initial	町長のれいぞうこ	chōchō no reizōko	ちょうちょう の れいぞうこ
ManorHouse_MayorFridge_MrQiNote	『上出来だ。	jōdeki da	じょうでき だ
ManorHouse_MayorFridge_MrQiNote	砂のドラゴンに、最後の晩さんを食べさせろ。	suna no doragon ni saigo no bansan o tabesasero	スナ ノ ドラゴン ニ サイゴ ノ バンサン を タベサセロ
MensLocker_WrongGender	こっちは男子更衣室だ…	kotchi wa danshi kōishitsu da	こっち は だんし こういしつ だ
MensLocker_WrongGender	入るわけにはいかない！	hairu wake ni wa ikanai	はいる わけ に は いかない
MineCart_ChooseDestination	行き先をえらんでください：	ikisaki o erande kudasai	いきさき を えらんで ください
MineCart_Destination_Mines	鉱山	kōzan	こうざん
MineCart_OutOfOrder	うごいていないようだ。	ugoite inai yō da	うごいて いない よう だ
Mines_Infested	この 場所は 	kono basho wa	この ばしょ は
Mines_LeaveMine	鉱山を出る	kōzan o deru	こうざん を でる
Mines_MineElevator_NotWorking	どうやら動いていないようだ…	dōyara ugoite inai yō da	どうやら うごいて いない よう だ
Mines_Overrun	この 場所は 	kono basho wa	この ばしょ は
Mines_ResetMine	鉱山の進行状況をリセットしますか？
	kōzan no shinkō jōkyō o risetto shimasu ka	コーザン ノ シンコー ジョーキョー を リセット シマス カ
Mines_Shaft	下層へ 	kasō e	かそう へ
Mountain_AdventurersGuildNote	    実績のある冒険家のみ。	jisseki no aru bōkenka nomi	じっせき の ある ぼうけんか のみ
NutHint_Arch	テントの男を助ける…	tento no otoko o tasukeru	テント ノ オトコ を タスケル
NutHint_Caldera	火の山の頂上…	hi no yama no chōjō	ひ の やま の ちょうじょう
NutHint_IslandFarming	西の農場で育ってる…	nishi no nōjō de sodatteru	にし の のうじょう で そだってる
NutHint_VolcanoBarrel	火の山の道具の中…	hi no yama no dōgu no naka	ひ の やま の どうぐ の なか
Railroad_Box_ConsumeShell	箱のなかに貝がらをおいた。	hako no naka ni kaigara o oita	はこ の なか に かいがら を おいた
Railroad_Box_Initial	箱はからっぽだ。	hako wa karappo da	はこ は からっぽ だ
Railroad_Box_MrQiNote	町長の家のれいぞうこにビートを10個入れろ。	chōchō no ie no reizōko ni bīto o jikko irero	チョーチョー ノ イエ ノ レイゾーコ ニ ビート を ジッコ イレロ
Railroad_TrainComing	通過 しています。	tsūka shite imasu	つうか して います
Saloon_Arcade_Cowboy_Continue	旅を続ける	tabi o tsuzukeru	たび を つずける
Saloon_Arcade_Cowboy_NewGame	新しい旅を始める	atarashii tabi o hajimeru	あたらしい たび を はじめる
Saloon_Arcade_Minecart_Inactive	ガイコツのかたちをしたカギ穴がある…	gaikotsu no katachi o shita kagiana ga aru	ガイコツ ノ カタチ を シタ カギアナ ガ アル
Saloon_Arcade_PK_NewGame+	辛い道を歩む覚悟があるなら、	tsurai michi o ayumu kakugo ga aru nara	つらい みち を あゆむ かくご が ある なら
Saloon_Arcade_PK_NewGame+	ボタンを押してください…	botan o oshite kudasai	ボタン を オシテ クダサイ
Saloon_ColaMachine_Question	を75Gで買いますか？	o nanajūgo gōrudo de kaimasu ka	を ななじゅうご ごうるど で かいます か
Saloon_MoneyBox	今日はジンジャーアイランドでバーテンダーをしています。	kyō wa Jinjā Airando de bātendā o shite imasu	キョー は ジンジャー アイランド デ バーテンダー を シテ イマス
Saloon_MoneyBox	でも買い物はできますよ！^ 	demo kaimono wa dekimasu yo	でも かいもの は できます よ
SamHouse_Sam_Trash	はゴミ箱をいつもきれいにしているようだ。	wa gomibako o itsumo kirei ni shite iru yō da	は ゴミバコ を イツモ キレイ ニ シテ イル ヨー ダ
ScienceHouse_CarpenterMenu	ご用かしら？	go-yō kashira	ごよう かしら
ScienceHouse_CarpenterMenu_CommunityUpgrade	拡充	kakujū	かくじゅう
ScienceHouse_CarpenterMenu_Construct	牧場施設を 	bokujō shisetsu o	ぼくじょう しせつ を
ScienceHouse_CarpenterMenu_RenovateCabin	小屋のリノベーションをする	koya no rinobēshon o suru	コヤ ノ リノベーション を スル
ScienceHouse_CarpenterMenu_RenovateHouse	家のリノベーションをする	ie no rinobēshon o suru	イエ ノ リノベーション を スル
ScienceHouse_CarpenterMenu_UpgradeHouse	家を 	ie o	いえ を
ScienceHouse_Carpenter_CommunityUpgrade1	えっ、 	e	へ
ScienceHouse_Carpenter_CommunityUpgrade1	家を 	ie o	いえ を
ScienceHouse_Carpenter_CommunityUpgrade1	それ いいわね！^	sore ii wa ne	それ いい は ね
ScienceHouse_Carpenter_CommunityUpgrade1	木材が 950個と 	mokuzai ga kyūhyakugojikko to	もくざい が きゅうひゃくごじっこ と
ScienceHouse_Carpenter_CommunityUpgrade1	費用は 500,000g 	hiyō wa gojūman gōrudo	ひよう は ごじゅうまん ごうるど
ScienceHouse_Carpenter_CommunityUpgrade2	…どうしたの？	dō shita no	どう した の
ScienceHouse_Carpenter_CommunityUpgrade2	谷の周りにいくつか近道を作って欲しいですって？	tani no mawari ni ikutsuka chikamichi o tsukutte hoshii desu tte	たに の まわり に いくつか ちかみち を つくって ほしい です って
ScienceHouse_Carpenter_CommunityUpgrade2	300,000gは必要かな…	sanjūman gōrudo wa hitsuyō ka na	さんじゅうまん ごうるど は ひつよう か な
ScienceHouse_Carpenter_NotEnoughHardwood	お金は 	o-kane wa	おかね は
ScienceHouse_Carpenter_NotEnoughHardwood	硬木が {0}個 	kōboku ga ko	こうぼく が こ
ScienceHouse_Carpenter_NotEnoughWood	お金は 	o-kane wa	おかね は
ScienceHouse_Carpenter_UpgradeHouse1	あなたの 家を 	anata no ie o	あなた の いえ を
ScienceHouse_Carpenter_UpgradeHouse1	拡張して、 	kakuchō shite	かくちょう して
ScienceHouse_Carpenter_UpgradeHouse1	できるわよ。 	dekiru wa yo	できる は よ
ScienceHouse_Carpenter_UpgradeHouse1	お値段は 10,000g、 	o-nedan wa ichiman gōrudo	おねだん は いちまん ごうるど
ScienceHouse_Carpenter_UpgradeHouse1	それと 木を 450個 	sore to ki o yonhyakugojikko	それ と き を よんひゃくごじっこ
ScienceHouse_Carpenter_UpgradeHouse1	もってきてちょうだい。 	motte kite chōdai	もって きて ちょうだい
ScienceHouse_Carpenter_UpgradeHouse1	どうする？	dō suru	どう する
ScienceHouse_Carpenter_UpgradeHouse2	あなたの 家を 	anata no ie o	あなた の いえ を
ScienceHouse_Carpenter_UpgradeHouse2	拡張して、 	kakuchō shite	かくちょう して
ScienceHouse_Carpenter_UpgradeHouse2	子ども部屋を 	kodomo beya o	こども べや を
ScienceHouse_Carpenter_UpgradeHouse2	できるわよ。 	dekiru wa yo	できる は よ
ScienceHouse_Carpenter_UpgradeHouse2	お値段は 65,000g、 	o-nedan wa rokuman gosen gōrudo	おねだん は ろくまん ごせん ごうるど
ScienceHouse_Carpenter_UpgradeHouse2	それと 硬木を 100個 	sore to kōboku o hyakko	それ と こうぼく を ひゃっこ
ScienceHouse_Carpenter_UpgradeHouse2	もってきてちょうだい。 	motte kite chōdai	もって きて ちょうだい
ScienceHouse_Carpenter_UpgradeHouse2	どうする？	dō suru	どう する
ScienceHouse_Carpenter_UpgradeHouse3	家に地下室を増築できるよ。	ie ni chikashitsu o zōchiku dekiru yo	いえ に ちかしつ を ぞうちく できる よ
ScienceHouse_Carpenter_UpgradeHouse3	チーズやワインみたいな加工品を熟成できるんだ。	chīzu ya wain mitai na kakōhin o jukusei dekiru n da	チーズ ヤ ワイン ミタイ ナ カコーヒン を ジュクセイ デキル ン ダ
ScienceHouse_Carpenter_UpgradeHouse3	増築には100000G必要だけど、	zōchiku ni wa jūman gōrudo hitsuyō da kedo	ぞうちく に は じゅうまん ごうるど ひつよう だ けど
ScienceHouse_Carpenter_UpgradeHouse3	興味ある？	kyōmi aru	きょうみ ある
ScienceHouse_MoneyBox	今日は島にいるけど、	kyō wa shima ni iru kedo	きょう は しま に いる けど
ScienceHouse_Renovation_AddCornerRoom	角部屋を追加/	kadobeya o tsuika	かどべや を ついか
ScienceHouse_Renovation_AddCornerRoom	家の北東に角部屋を追加します。/	ie no hokutō ni kadobeya o tsuika shimasu	いえ の ほくとう に かどべや を ついか します
ScienceHouse_Renovation_AddCornerRoom	リノベーションする場所を選択してください。	rinobēshon suru basho o sentaku shite kudasai	リノベーション スル バショ を センタク シテ クダサイ
ScienceHouse_Renovation_AddSouthernRoom	南側の部屋を追加/	minamigawa no heya o tsuika	みなみがわ の へや を ついか
ScienceHouse_Renovation_AddSouthernRoom	寝室の南側に部屋を追加します。/	shinshitsu no minamigawa ni heya o tsuika shimasu	しんしつ の みなみがわ に へや を ついか します
ScienceHouse_Renovation_AddSouthernRoom	リノベーションする場所を選択してください。	rinobēshon suru basho o sentaku shite kudasai	リノベーション スル バショ を センタク シテ クダサイ
ScienceHouse_Renovation_BuildCrib	ベビーベッドを作る/	bebī beddo o tsukuru	ベビー ベッド を ツクル
ScienceHouse_Renovation_BuildCrib	あなたの家にベビーベッドを作ります。/	anata no ie ni bebī beddo o tsukurimasu	アナタ ノ イエ ニ ベビー ベッド を ツクリマス
ScienceHouse_Renovation_BuildCrib	ベビーベッドを置く場所を選択してください。	bebī beddo o oku basho o sentaku shite kudasai	ベビー ベッド を オク バショ を センタク シテ クダサイ
ScienceHouse_Renovation_CloseBedroom	ベッドルームを区切る/	beddo rūmu o kugiru	ベッド ルーム を クギル
ScienceHouse_Renovation_CloseBedroom	壁を作ってベッドルームと玄関を区切ります。/	kabe o tsukutte beddo rūmu to genkan o kugirimasu	カベ を ツクッテ ベッド ルーム ト ゲンカン を クギリマス
ScienceHouse_Renovation_CloseBedroom	リノベーションする場所を選択してください。	rinobēshon suru basho o sentaku shite kudasai	リノベーション スル バショ を センタク シテ クダサイ
ScienceHouse_Renovation_OpenBedroom	ベッドルームを開放する/	beddo rūmu o kaihō suru	ベッド ルーム を カイホー スル
ScienceHouse_Renovation_OpenBedroom	ベッドルームと玄関を区切っている壁を取り除きます。/	beddo rūmu to genkan o kugitte iru kabe o torinozokimasu	ベッド ルーム ト ゲンカン を クギッテ イル カベ を トリノゾキマス
ScienceHouse_Renovation_OpenBedroom	リノベーションする場所を選択してください。	rinobēshon suru basho o sentaku shite kudasai	リノベーション スル バショ を センタク シテ クダサイ
ScienceHouse_Renovation_RemoveCornerRoom	角部屋を撤去/	kadobeya o tekkyo	かどべや を てっきょ
ScienceHouse_Renovation_RemoveCornerRoom	家の北東の角部屋を撤去します。/	ie no hokutō no kadobeya o tekkyo shimasu	いえ の ほくとう の かどべや を てっきょ します
ScienceHouse_Renovation_RemoveCornerRoom	リノベーションする場所を選択してください。	rinobēshon suru basho o sentaku shite kudasai	リノベーション スル バショ を センタク シテ クダサイ
ScienceHouse_Renovation_RemoveCrib	ベビーベッドを取り外す/	bebī beddo o torihazusu	ベビー ベッド を トリハズス
ScienceHouse_Renovation_RemoveCrib	家からベビーベッドを取り外します。/	ie kara bebī beddo o torihazushimasu	イエ カラ ベビー ベッド を トリハズシマス
ScienceHouse_Renovation_RemoveCrib	ベビーベッドを選択して取り外してください。	bebī beddo o sentaku shite torihazushite kudasai	ベビー ベッド を センタク シテ トリハズシテ クダサイ
ScienceHouse_Renovation_RemoveSouthernRoom	南側の部屋を撤去/	minamigawa no heya o tekkyo	みなみがわ の へや を てっきょ
ScienceHouse_Renovation_RemoveSouthernRoom	寝室の南側の部屋を撤去します。/	shinshitsu no minamigawa no heya o tekkyo shimasu	しんしつ の みなみがわ の へや を てっきょ します
ScienceHouse_Renovation_RemoveSouthernRoom	リノベーションする場所を選択してください。	rinobēshon suru basho o sentaku shite kudasai	リノベーション スル バショ を センタク シテ クダサイ
ScienceHouse_RobinAbsent	本日は閉店しました…	honjitsu wa heiten shimashita	ほんじつ は へいてん しました
SeedShop_Abigail_Drawers	なかは服でいっぱい…	naka wa fuku de ippai	なか は ふく で いっぱい
SeedShop_BuyBackpack_Response10000	（10000G）	ichiman gōrudo	いちまん ごうるど
SeedShop_BuyBackpack_Response2000	（2000G）	nisen gōrudo	にせん ごうるど
SeedShop_LockedWed	水曜日定休	suiyōbi teikyū	すいようび ていきゅう
SeedShop_MoneyBox	今日は休みを取って島に行ってきます。	kyō wa yasumi o totte shima ni itte kimasu	きょう は やすみ を とって しま に いって きます
SeedShop_MoneyBox	代金は箱の中に入れてください。	daikin wa hako no naka ni irete kudasai	だいきん は はこ の なか に いれて ください
SeedShop_MoneyBox	不正はいけませんよ！^ 	fusei wa ikemasen yo	ふせい は いけません よ
Sewer_DogStatue	-不確実性の像-^	fukakujitsusei no zō	ふかくじつせい の ぞう
Sewer_DogStatue	この像の 	kono zō no	この ぞう の
Sewer_DogStatue	職業を 	shokugyō o	しょくぎょう を
Sewer_DogStatue	10,000gを 	ichiman gōrudo o	いちまん ごうるど を
Sewer_DogStatueAlready	このスキルは今夜変えたばかりです。	kono sukiru wa kon'ya kaeta bakari desu	コノ スキル は コンヤ カエタ バカリ デス
Sewer_DogStatueAlready	また明日にしましょうね…	mata ashita ni shimashō ne	また あした に しましょう ね
Sewer_DogStatueFinished	今日はもう寝てね…)	kyō wa mō nete ne	きょう は もう ねて ね
Sewer_MagicSeal	バリアが行く手をはばんでいる。	baria ga yukute o habande iru	バリア ガ ユクテ を ハバンデ イル
SkullCave_SkullDoor_Locked	ドアにはカギがかかっている。	doa ni wa kagi ga kakatte iru	ドア ニ は カギ ガ カカッテ イル
SkullCave_SkullDoor_Unlock	カギ穴にガイコツのカギをさしこんでみた。	kagiana ni gaikotsu no kagi o sashikonde mita	カギアナ ニ ガイコツ ノ カギ を サシコンデ ミタ
Submarine_AscendQuestion	船長: 	senchō	せんちょう
Submarine_AscendQuestion	上がろうか？	agarō ka	あがろう か
Submarine_Done	船長:	senchō	せんちょう
Submarine_Done	取った魚をそのままにしないでくれよ。	totta sakana o sono mama ni shinaide kure yo	とった さかな を その まま に しないで くれ よ
Submarine_SubmergeQuestion	船長: 	senchō	せんちょう
Submarine_SubmergeQuestion	やあやあ！	yā yā	やあ やあ
Submarine_SubmergeQuestion	1,000gで 	sen gōrudo de	せん ごうるど で
SummitBoulder	動かすことはできなさそうだ…	ugokasu koto wa dekinasasō da	うごかす こと は できなさそう だ
Theater_MovieEnd	その映画は今夜終了しました。	sono eiga wa kon'ya shūryō shimashita	その えいが は こんや しゅうりょう しました
Theater_MovieEnd	あなたがショーを楽しんだことを願ってる！	anata ga shō o tanoshinda koto o negatteru	アナタ ガ ショー を タノシンダ コト を ネガッテル
Theater_MovieEndReEntry	映画は終了しました。	eiga wa shūryō shimashita	えいが は しゅうりょう しました
Theater_Poster_0	再生中：	saiseichū	さいせいちゅう
Theater_Poster_Coming_Soon	近日公開予定：	kinjitsu kōkai yotei	きんじつ こうかい よてい
Town_DwarfGrave_Translated	ドワーフ語を読んでみた。

	dowāfugo o yonde mita	ドワーフゴ を ヨンデ ミタ
Town_DwarfGrave_Translated	空にもひとしい至高の宝
	sora ni mo hitoshii shikō no takara	そら に も ひとしい しこう の たから
Town_DwarfGrave_Translated	大地より出でた虹をたずさえて
	daichi yori ideta niji o tazusaete	だいち より いでた にじ を たずさえて
Town_DwarfGrave_Translated	さすれば宇宙は汝の嘆きを聞くだろう
	sasureba uchū wa nanji no nageki o kiku darō	さすれば うちゅう は なんじ の なげき を きく だろう
Town_JojaSign_Destroyed	廃業しました。	haigyō shimashita	はいぎょう しました
Town_SeedShopSign	年中無休、	nenjū mukyū	ねんじゅう むきゅう
Town_SeedShopSign	午前9時から午後5時まで営業します！	gozen kuji kara gogo goji made eigyō shimasu	ごぜん くじ から ごご ごじ まで えいぎょう します
Town_SpecialCharmQuestion	なあ… 	nā	なあ
Town_SpecialCharmQuestion	「ウサギの足」を 	usagi no ashi o	ウサギ ノ アシ を
Town_SpecialCharmQuestion	礼は はずむからさ。	rei wa hazumu kara sa	れい は はずむ から さ
Town_mgThiefMessage	うわあああ！ 	uwāā	うわあああ
Town_mgThiefMessage	これどうぞ！ 	kore dōzo	これ どうぞ
Town_mgThiefMessage	どうぞ！ 	dōzo	どうぞ
Town_mgThiefMessage	なんか高そうに 	nanka takasō ni	なんか たかそう に
Town_specialCharmNoFoot	「ウサギの足」を手に入れたらまた来てくれ。	usagi no ashi o te ni iretara mata kite kure	ウサギ ノ アシ を テ ニ イレタラ マタ キテ クレ
Tunnel_TunnelSafe_ConsumeBattery	ロックボックスは開いた。	rokku bokkusu wa hiraita	ロック ボックス は ヒライタ
Tunnel_TunnelSafe_ConsumeBattery	なかにはメモが入っている。	naka ni wa memo ga haitte iru	ナカ ニ は メモ ガ ハイッテ イル
Tunnel_TunnelSafe_Initial	残念ながら、電池は入っていない。	zannen nagara denchi wa haitte inai	ざんねん ながら でんち は はいって いない
Tunnel_TunnelSafe_MrQiNote	電車の駅までレインボーシェルをはこび、	densha no eki made reinbō sheru o hakobi	デンシャ ノ エキ マデ レインボー シェル を ハコビ
Volcano_ShortcutOut	火山からの近道を通りますか？	kazan kara no chikamichi o tōrimasu ka	かざん から の ちかみち を とうります か
WitchHut_EvilShrineCenter	まるで一度も会ったことさえないように。^	marude ichido mo atta koto sae nai yō ni	まるで いちど も あった こと さえ ない よう に
WitchHut_EvilShrineCenter	30,000gをささげてみましょう。	sanman gōrudo o sasagete mimashō	さんまん ごうるど を ささげて みましょう
WitchHut_EvilShrineCenterInactive	像があなたを見つめています…	zō ga anata o mitsumete imasu	ぞう が あなた を みつめて います
WitchHut_EvilShrineLeft	このやしろに身勝手な願いをかければ、	kono yashiro ni migatte na negai o kakereba	この やしろ に みがって な ねがい を かければ
WitchHut_EvilShrineLeft	子どもたちはハトにすがたを変え、飛び立っていってしまうだろう…^	kodomo-tachi wa hato ni sugata o kae tobitatte itte shimau darō	コドモタチ は ハト ニ スガタ を カエ トビタッテ イッテ シマウ ダロー
WitchHut_EvilShrineLeft	レインボージェムをやしろにお供えしますか？	reinbō jemu o yashiro ni o-sonae shimasu ka	レインボー ジェム を ヤシロ ニ オソナエ シマス カ
WitchHut_EvilShrineLeftInactive	像はあなたの心を見透かしています…	zō wa anata no kokoro o misukashite imasu	ぞう は あなた の こころ を みすかして います
WitchHut_EvilShrineRightActivate	-夜の恐怖の闇のほこら- ^	yoru no kyōfu no yami no hokora	よる の きょうふ の やみ の ほこら
WitchHut_EvilShrineRightActivate	古代の魔法による防御が解かれます。	kodai no mahō ni yoru bōgyo ga tokaremasu	こだい の まほう に よる ぼうぎょ が とかれます
WitchHut_EvilShrineRightActivate	おかしなパンをささげてみましょう。	okashi na pan o sasagete mimashō	オカシ ナ パン を ササゲテ ミマショー
WitchHut_EvilShrineRightDeActivate	
        -夜の恐怖の闇のほこら- ^	yoru no kyōfu no yami no hokora	よる の きょうふ の やみ の ほこら
WitchHut_EvilShrineRightDeActivate	古代の魔法による防御が復活します。	kodai no mahō ni yoru bōgyo ga fukkatsu shimasu	こだい の まほう に よる ぼうぎょ が ふっかつ します
WitchHut_EvilShrineRightDeActivate	おかしなパンをささげてみましょう。	okashi na pan o sasagete mimashō	オカシ ナ パン を ササゲテ ミマショー
WitchHut_NoOffering	必要なお供えがありません。	hitsuyō na o-sonae ga arimasen	ひつよう な おそなえ が ありません
WizardTower_WizardShrine	500Gをはらって、	gohyaku gōrudo o haratte	ごひゃく ごうるど を はらって
WizardTower_WizardShrine	幻惑の祭壇で外見を変えますか？	genwaku no saidan de gaiken o kaemasu ka	げんわく の さいだん で がいけん を かえます か
WomensLocker_WrongGender	こっちは女子更衣室だ…	kotchi wa joshi kōishitsu da	こっち は じょし こういしつ だ
WomensLocker_WrongGender	入るわけにはいかない！	hairu wake ni wa ikanai	はいる わけ に は いかない
Woods_Statue	最高の甘さをずっと追及しています…	saikō no amasa o zutto tsuikyū shite imasu	さいこう の あまさ を ずっと ついきゅう して います
qiNutDoor	あなたの現在の状態：{0}/100	anata no genzai no jōtai	あなた の げんざい の じょうたい
CottonCandy_Description	を綿状にした	o watajō ni shita	を わたじょう に した
Fries_Description	を油で揚げて、	o abura de agete	を あぶら で あげて
Fries_Description	軽く塩をかけたもの。	karuku shio o kaketa mono	かるく しお を かけた もの
JasmineTea_Description	にジャスミンの花の香りを吸着させた	ni jasumin no hana no kaori o kyūchaku saseta	ニ ジャスミン ノ ハナ ノ カオリ を キューチャク サセタ
Jawbreaker_Description	大きく、	ōkiku	おうきく
Jawbreaker_Description	映画を1本見終えるくらい長く舐めていられる！	eiga o ippon mioeru kurai nagaku namete irareru	えいが を いっぽん みおえる くらい ながく なめて いられる
KaleSmoothie_Description	が豊富。	ga hōfu	が ほうふ
PanzanellaSalad_Description	を使った夏のサラダ。	o tsukatta natsu no sarada	を ツカッタ ナツ ノ サラダ
Popcorn_Description	トウモロコシを炒って、	tōmorokoshi o itte	トーモロコシ を イッテ
Popcorn_Description	軽く塩をかけ、	karuku shio o kake	かるく しお を かけ
Popcorn_Description	バターをからませたもの。	batā o karamaseta mono	バター を カラマセタ モノ
RockCandy_Description	棒についた	bō ni tsuita	ぼう に ついた
RockCandy_Description	味付き氷砂糖。	ajitsuki kōrizatō	あじつき こうりざとう
StarCookie_Description	星の形をしたショートブレッド・クッキー。	hoshi no katachi o shita shōtoburreddo kukkī	ホシ ノ カタチ を シタ ショートブッレッド クッキー
StardropSorbet_Description	を一滴入れた	o itteki ireta	を いってき いれた
Abigail_dislike_AfterMovie	（あ～ぁ） 	ā	ああ
Abigail_dislike_BeforeMovie	予告編を見ると、	yokokuhen o miru to	よこくへん を みる と
Abigail_dislike_BeforeMovie	本当のスヌーズフェストのように見えるわ... $6	hontō no sunūzufesuto no yō ni mieru wa	ホントー ノ スヌーズフェスト ノ ヨー ニ ミエル は
Abigail_like_AfterMovie	おもしろかったわ…	omoshirokatta wa	おもしろかった は
Abigail_like_AfterMovie	同じ状況で	onaji jōkyō de	おなじ じょうきょう で
Abigail_like_AfterMovie	私は何をしたかな？	watashi wa nani o shita ka na	わたし は なに を した か な
Abigail_like_BeforeMovie	招待してくれてありがとう、	shōtai shite kurete arigatō	しょうたい して くれて ありがとう
Abigail_like_BeforeMovie	映画を見に行くのが大好きなんだ。$h	eiga o mi ni iku no ga daisuki nan da	えいが を み に いく の が だいすき なん だ
Abigail_spring_movie_1_AfterMovie	本当に面白かったよ。	hontō ni omoshirokatta yo	ほんとう に おもしろかった よ
Abigail_spring_movie_1_AfterMovie	彼らはすごくかわいいよ！$h	karera wa sugoku kawaii yo	かれら は すごく かわいい よ
Abigail_spring_movie_1_BeforeMovie	「この活気溢れた世界を探検する」	kono kakki afureta sekai o tanken suru	この かっき あふれた せかい を たんけん する
Abigail_spring_movie_1_BeforeMovie	ことに興奮してる...	koto ni kōfun shiteru	こと に こうふん してる
Abigail_summer_movie_0_AfterMovie	演技はひどかったけど、	engi wa hidokatta kedo	えんぎ は ひどかった けど
Abigail_summer_movie_0_AfterMovie	まだ素晴らしい時間を過ごせた。$h	mada subarashii jikan o sugoseta	まだ すばらしい じかん を すごせた
Abigail_summer_movie_0_BeforeMovie	を作ったdaなんて考えられない...	o tsukutta nante kangaerarenai	を つくった なんて かんがえられない
Abigail_summer_movie_0_BeforeMovie	それは良いね！	sore wa ii ne	それ は いい ね
Abigail_summer_movie_0_DuringMovie	それは昔おなじみだった音楽だよ。$h	sore wa mukashi onajimi datta ongaku da yo	それ は むかし おなじみ だった おんがく だ よ
Alex_dislike_AfterMovie	理解できないくらい賢くないのかは分からない...$s	rikai dekinai kurai kashikokunai no ka wa wakaranai	りかい できない くらい かしこくない の か は わからない
Alex_dislike_BeforeMovie	はちょっとオタク向けだけど、	wa chotto otaku muke da kedo	は チョット オタク ムケ ダ ケド
Alex_like_AfterMovie	それはかなり良かったよ。	sore wa kanari yokatta yo	それ は かなり よかった よ
Alex_like_AfterMovie	ここに招待してくれてありがとう、	koko ni shōtai shite kurete arigatō	ここ に しょうたい して くれて ありがとう
Alex_like_BeforeMovie	映画を見るのにとても興奮してるよ！	eiga o miru no ni totemo kōfun shiteru yo	えいが を みる の に とても こうふん してる よ
Alex_like_BeforeMovie	おやつが必要だけど...	oyatsu ga hitsuyō da kedo	おやつ が ひつよう だ けど
Alex_love_AfterMovie	私の足はまだ興奮してます。	watashi no ashi wa mada kōfun shitemasu	わたし の あし は まだ こうふん してます
Alex_love_BeforeMovie	しばらくそれを見てみたいと思ってました。	shibaraku sore o mite mitai to omottemashita	しばらく それ を みて みたい と おもってました
Alex_love_BeforeMovie	.チケットをありがとう、	chiketto o arigatō	チケット を アリガトー
Alex_summer_movie_1_AfterMovie	ああ！	ā	ああ
Alex_summer_movie_1_AfterMovie	本当にそれが気に入った。	hontō ni sore ga ki ni itta	ほんとう に それ が き に いった
Alex_summer_movie_1_AfterMovie	でもそんなグルテンパックで生き残れるかどうか私は分からない。	demo sonna guruten pakku de ikinokoreru ka dō ka watashi wa wakaranai	デモ ソンナ グルテン パック デ イキノコレル カ ドー カ ワタシ は ワカラナイ
Alex_summer_movie_1_BeforeMovie	これはかなり面白くて、	kore wa kanari omoshirokute	これ は かなり おもしろくて
Alex_summer_movie_1_BeforeMovie	それを楽しみにしてます。	sore o tanoshimi ni shitemasu	それ を たのしみ に してます
Caroline_dislike_AfterMovie	がそれを望んでいるに違いない。$s	ga sore o nozonde iru ni chigainai	が それ を のぞんで いる に ちがいない
Caroline_dislike_BeforeMovie	これが失望に繋がるだろうと感じてる...	kore ga shitsubō ni tsunagaru darō to kanjiteru	これ が しつぼう に つながる だろう と かんじてる
Caroline_dislike_BeforeMovie	でもまだ試してみることに興味がある。	demo mada tameshite miru koto ni kyōmi ga aru	でも まだ ためして みる こと に きょうみ が ある
Caroline_like_AfterMovie	家にいるときは	ie ni iru toki wa	いえ に いる とき は
Caroline_like_AfterMovie	にそれを質問しなければいけないでしょう、	ni sore o shitsumon shinakereba ikenai deshō	に それ を しつもん しなければ いけない でしょう
Caroline_like_AfterMovie	彼女は見たことがあると思う。$h	kanojo wa mita koto ga aru to omou	かのじょ は みた こと が ある と おもう
Caroline_like_BeforeMovie	暴力っぽくないことを願ってる。	bōryoku ppokunai koto o negatteru	ぼうりょく っぽくない こと を ねがってる
Caroline_love_AfterMovie	それは可愛かったわ。	sore wa kawaikatta wa	それ は かわいかった は
Caroline_love_AfterMovie	私を招待してくれてありがとう！	watashi o shōtai shite kurete arigatō	わたし を しょうたい して くれて ありがとう
Caroline_love_BeforeMovie	この映画はとてもかわいい、	kono eiga wa totemo kawaii	この えいが は とても かわいい
Caroline_love_BeforeMovie	誰かが招待してることを心から望んでたわ！	dareka ga shōtai shiteru koto o kokoro kara nozondeta wa	だれか が しょうたい してる こと を こころ から のぞんでた は
Caroline_love_DuringMovie	貧しい人が大丈夫であることを願ってるの... $s	mazushii hito ga daijōbu de aru koto o negatteru no	まずしい ひと が だいじょうぶ で ある こと を ねがってる の
Caroline_summer_movie_0_AfterMovie	服装ぜんぶから、	fukusō zenbu kara	ふくそう ぜんぶ から
Caroline_summer_movie_0_AfterMovie	本物のように感じたわ。	honmono no yō ni kanjita wa	ほんもの の よう に かんじた は
Caroline_summer_movie_0_BeforeMovie	私はいつも	watashi wa itsumo	わたし は いつも
Caroline_summer_movie_0_BeforeMovie	これ見て本当に興奮する！	kore mite hontō ni kōfun suru	これ みて ほんとう に こうふん する
Clint_like_AfterMovie	それはおもしろかった...	sore wa omoshirokatta	それ は おもしろかった
Clint_like_BeforeMovie	それはオレ自身のスナックを買わなきゃいけないことを意味してるのか？^	sore wa ore jishin no sunakku o kawanakya ikenai koto o imi shiteru no ka	ソレ は オレ ジシン ノ スナック を カワナキャ イケナイ コト を イミ シテル ノ カ
Clint_like_BeforeMovie	これはデートかい？$4	kore wa dēto kai	コレ は デート カイ
Clint_like_DuringMovie	それはただの...	sore wa tada no	それ は ただ の
Clint_like_DuringMovie	あんたはオレの...	anta wa ore no	アンタ は オレ ノ
Clint_like_DuringMovie	オレの肩に頭を置くことができる。	ore no kata ni atama o oku koto ga dekiru	オレ ノ カタ ニ アタマ を オク コト ガ デキル
Clint_like_DuringMovie	そうじゃない！$4	sō ja nai	そう じゃ ない
Clint_like_DuringMovie_2	はマークのついていないフラスコから一服しています。」	wa māku no tsuite inai furasuko kara ippuku shite imasu	は マーク ノ ツイテ イナイ フラスコ カラ イップク シテ イマス
Clint_winter_movie_1_AfterMovie	あの映画は憂鬱だった... $s	ano eiga wa yūutsu datta	あの えいが は ゆううつ だった
Clint_winter_movie_1_BeforeMovie	この映画はロマンスだよな？	kono eiga wa romansu da yo na	コノ エイガ は ロマンス ダ ヨ ナ
Clint_winter_movie_1_BeforeMovie	（はぁ～）$s	hā	はあ
Clint_winter_movie_1_DuringMovie	なんで彼女はその男が好きなんだろうか？	nande kanojo wa sono otoko ga suki nan darō ka	なんで かのじょ は その おとこ が すき なん だろう か
Clint_winter_movie_1_DuringMovie	君がオレに尋ねるのは、	kimi ga ore ni tazuneru no wa	キミ ガ オレ ニ タズネル ノ は
Clint_winter_movie_1_DuringMovie_2	は睨み付けています」	wa niramitsukete imasu	は にらみつけて います
Demetrius_like_AfterMovie	人間の動機のどの側面が満たされるのだろうか？$3	ningen no dōki no dono sokumen ga mitasareru no darō ka	にんげん の どうき の どの そくめん が みたされる の だろう か
Demetrius_like_BeforeMovie	分析するのは面白い。	bunseki suru no wa omoshiroi	ぶんせき する の は おもしろい
Demetrius_spring_movie_1_AfterMovie	まあ、	mā	まあ
Demetrius_spring_movie_1_AfterMovie	彼らは間違いなくいくつかのことを飾ったが、	karera wa machigainaku ikutsuka no koto o kazatta ga	かれら は まちがいなく いくつか の こと を かざった が
Demetrius_spring_movie_1_AfterMovie	それはまだほとんど正しいことだ！	sore wa mada hotondo tadashii koto da	それ は まだ ほとんど ただしい こと だ
Demetrius_spring_movie_1_AfterMovie	楽しい時間を過ごしたよ。	tanoshii jikan o sugoshita yo	たのしい じかん を すごした よ
Demetrius_spring_movie_1_BeforeMovie	これは私の路地のすぐ上だよ...	kore wa watashi no roji no sugu ue da yo	これ は わたし の ろじ の すぐ うえ だ よ
Demetrius_spring_movie_1_BeforeMovie	君は私がこれを愛するつもりだということを知ってるね。$h	kimi wa watashi ga kore o aisuru tsumori da to iu koto o shitteru ne	きみ は わたし が これ を あいする つもり だ と いう こと を しってる ね
Demetrius_spring_movie_1_DuringMovie	技術的には、	gijutsuteki ni wa	ぎじゅつてき に は
Demetrius_spring_movie_1_DuringMovie	それは正しくないな... $3	sore wa tadashikunai na	それ は ただしくない な
Demetrius_spring_movie_1_DuringMovie_2	はあごを掻いています...」	wa ago o kaite imasu	は あご を かいて います
Demetrius_summer_movie_1_AfterMovie	でも、この惑星を超えた人生が本当にあるのだろうか？	demo kono wakusei o koeta jinsei ga hontō ni aru no darō ka	でも この わくせい を こえた じんせい が ほんとう に ある の だろう か
Demetrius_summer_movie_1_BeforeMovie	この映画はおそらく	kono eiga wa osoraku	この えいが は おそらく
Demetrius_summer_movie_1_BeforeMovie	それがどのように見えるのか、	sore ga dono yō ni mieru no ka	それ が どの よう に みえる の か
Demetrius_summer_movie_1_BeforeMovie	それを見るのは面白いだろうね！	sore o miru no wa omoshiroi darō ne	それ を みる の は おもしろい だろう ね
Demetrius_winter_movie_0_AfterMovie	それは全く科学的ではない！$4	sore wa mattaku kagakuteki de wa nai	それ は まったく かがくてき で は ない
Demetrius_winter_movie_0_BeforeMovie	私のためのものには見えなかったが。	watashi no tame no mono ni wa mienakatta ga	わたし の ため の もの に は みえなかった が
Demetrius_winter_movie_0_BeforeMovie	しかし私はそれに打撃を与えるつもりだ。	shikashi watashi wa sore ni dageki o ataeru tsumori da	しかし わたし は それ に だげき を あたえる つもり だ
Demetrius_winter_movie_1_AfterMovie	映画の芸術は大きく進歩したよね？	eiga no geijutsu wa ōkiku shinpo shita yo ne	えいが の げいじゅつ は おうきく しんぽ した よ ね
Demetrius_winter_movie_1_DuringMovie	おぉ！	ō	おう
Demetrius_winter_movie_1_DuringMovie	を意味しますね。	o imi shimasu ne	を いみ します ね
Demetrius_winter_movie_1_DuringMovie_2	は彼の額にしわを寄せています。」	wa kare no hitai ni shiwa o yosete imasu	は かれ の ひたい に しわ を よせて います
Dwarf_love_AfterMovie	オレは事を理解してなかった、	ore wa koto o rikai shitenakatta	オレ は コト を リカイ シテナカッタ
Dwarf_love_AfterMovie	だが閃光は魅惑的だったな！	daga senkō wa miwakuteki datta na	だが せんこう は みわくてき だった な
Dwarf_love_BeforeMovie	ああっすごい！	ā sugoi	ああ すごい
Dwarf_love_BeforeMovie	唯一の娯楽目的のために造られた宮殿だな！	yuiitsu no goraku mokuteki no tame ni tsukurareta kyūden da na	ゆいいつ の ごらく もくてき の ため に つくられた きゅうでん だ な
Dwarf_love_DuringMovie	は憂鬱な状態のようです...」	wa yūutsu na jōtai no yō desu	は ゆううつ な じょうたい の よう です
Elliott_dislike_AfterMovie	そう思わない？	sō omowanai	そう おもわない
Elliott_dislike_BeforeMovie	これが楽しみっていうのはウソでしょ...$s	kore ga tanoshimi tte iu no wa uso desho	コレ ガ タノシミ ッテ イウ ノ は ウソ デショ
Elliott_like_AfterMovie	すごく興味深い...	sugoku kyōmibukai	すごく きょうみぶかい
Elliott_like_AfterMovie	しばらくそのことをよく考えるよ。	shibaraku sono koto o yoku kangaeru yo	しばらく その こと を よく かんがえる よ
Elliott_like_BeforeMovie	この映画に関するすべての情報を避けてきました...	kono eiga ni kansuru subete no jōhō o sakete kimashita	この えいが に かんする すべて の じょうほう を さけて きました
Elliott_like_BeforeMovie	完全な「盲目的」が好き！	kanzen na mōmokuteki ga suki	かんぜん な もうもくてき が すき
Elliott_love_AfterMovie	まるで自分の心が満たされているかのように感じる...	marude jibun no kokoro ga mitasarete iru ka no yō ni kanjiru	まるで じぶん の こころ が みたされて いる か の よう に かんじる
Elliott_love_BeforeMovie	これが絶妙な夜だって予見してるの！	kore ga zetsumyō na yoru datte yoken shiteru no	これ が ぜつみょう な よる だって よけん してる の
Emily_dislike_AfterMovie	私のエネルギーレベルはそれから低いの... $3	watashi no enerugī reberu wa sore kara hikui no	ワタシ ノ エネルギー レベル は ソレ カラ ヒクイ ノ
Emily_dislike_BeforeMovie	ふつうはもっとポジティブな映画を見に行くから、	futsū wa motto pojitibu na eiga o mi ni iku kara	フツー は モット ポジティブ ナ エイガ を ミ ニ イク カラ
Emily_dislike_BeforeMovie	これは面白いだろう。	kore wa omoshiroi darō	これ は おもしろい だろう
Emily_dislike_DuringMovie	から私を守って。$7	kara watashi o mamotte	から わたし を まもって
Emily_dislike_DuringMovie_2	は自分にささやいています...」	wa jibun ni sasayaite imasu	は じぶん に ささやいて います
Emily_love_AfterMovie	あの映画はある意味とてもスピリチュアルだった...	ano eiga wa aru imi totemo supirichuaru datta	アノ エイガ は アル イミ トテモ スピリチュアル ダッタ
Emily_love_AfterMovie	同意しないか？	dōi shinai ka	どうい しない か
Emily_love_AfterMovie	オレはそれが大好きだったよ！$h	ore wa sore ga daisuki datta yo	オレ は ソレ ガ ダイスキ ダッタ ヨ
Emily_love_BeforeMovie	この映画のポスターを見たとき、	kono eiga no posutā o mita toki	コノ エイガ ノ ポスター を ミタ トキ
Emily_love_BeforeMovie	頭の中にすごくポジティブな感覚を感じたんだ。$h	atama no naka ni sugoku pojitibu na kankaku o kanjita n da	アタマ ノ ナカ ニ スゴク ポジティブ ナ カンカク を カンジタ ン ダ
Emily_spring_movie_1_AfterMovie	オレは昔より少し賢くなったと思うが...	ore wa mukashi yori sukoshi kashikoku natta to omou ga	オレ は ムカシ ヨリ スコシ カシコク ナッタ ト オモウ ガ
Emily_spring_movie_1_AfterMovie	そうだよな？	sō da yo na	そう だ よ な
Emily_spring_movie_1_BeforeMovie	一握りのナッツを食べた...	hitonigiri no nattsu o tabeta	ヒトニギリ ノ ナッツ を タベタ
Evelyn_dislike_AfterMovie	ほぼずっと目を閉じないといけなかった... $s	hobo zutto me o tojinai to ikenakatta	ほぼ ずっと め を とじない と いけなかった
Evelyn_dislike_BeforeMovie	怖い映画のファンではないけど、	kowai eiga no fan de wa nai kedo	コワイ エイガ ノ ファン デ は ナイ ケド
Evelyn_dislike_BeforeMovie	心を開いておくようにします。	kokoro o hiraite oku yō ni shimasu	こころ を ひらいて おく よう に します
Evelyn_dislike_DuringMovie	もう終わった？$s	mō owatta	もう おわった
Evelyn_dislike_DuringMovie_2	は目を隠しています」	wa me o kakushite imasu	は め を かくして います
Evelyn_like_AfterMovie	まだまともな映画を作成していてうれしいよ...	mada matomo na eiga o sakusei shite ite ureshii yo	まだ まとも な えいが を さくせい して いて うれしい よ
Evelyn_like_BeforeMovie	年を取った女性	toshi o totta josei	とし を とった じょせい
Evelyn_like_BeforeMovie	を映画に招待するのはすごく親切なこと。$h	o eiga ni shōtai suru no wa sugoku shinsetsu na koto	を えいが に しょうたい する の は すごく しんせつ な こと
Evelyn_love_AfterMovie	が定番とみなされるのかを知ってます。	ga teiban to minasareru no ka o shittemasu	が ていばん と みなされる の か を しってます
Evelyn_love_BeforeMovie	この劇場が町にできる前に、	kono gekijō ga machi ni dekiru mae ni	この げきじょう が まち に できる まえ に
Evelyn_love_BeforeMovie	20年間は映画を見たことがなかった！$h	nijūnenkan wa eiga o mita koto ga nakatta	にじゅうねんかん は えいが を みた こと が なかった
George_like_BeforeMovie	劇場は昔のようなものではありません...	gekijō wa mukashi no yō na mono de wa arimasen	げきじょう は むかし の よう な もの で は ありません
George_like_BeforeMovie	でも写真は十分に良いかもしれません。	demo shashin wa jūbun ni yoi kamoshiremasen	でも しゃしん は じゅうぶん に よい かもしれません
George_love_AfterMovie	それは実際かなり良かった！	sore wa jissai kanari yokatta	それ は じっさい かなり よかった
George_love_AfterMovie	招待してくれてありがとう。	shōtai shite kurete arigatō	しょうたい して くれて ありがとう
George_love_BeforeMovie	これを新聞は「5つ星」にしたので、	kore o shinbun wa itsutsuboshi ni shita node	これ を しんぶん は いつつぼし に した ので
George_love_BeforeMovie	私はそれを試してみるつもりです。	watashi wa sore o tameshite miru tsumori desu	わたし は それ を ためして みる つもり です
Gus_fall_movie_0_AfterMovie	そのポイントの1つは何？	sono pointo no hitotsu wa nani	ソノ ポイント ノ ヒトツ は ナニ
Gus_fall_movie_0_AfterMovie	多分私は年を取りすぎてるんだ。$s	tabun watashi wa toshi o torisugiteru n da	たぶん わたし は とし を とりすぎてる ん だ
Gus_fall_movie_0_BeforeMovie	この映画は「型にはまらない」って彼らは言ってる...	kono eiga wa kata ni hamaranai tte karera wa itteru	この えいが は かた に はまらない って かれら は いってる
Gus_fall_movie_0_BeforeMovie	それは悪い意味なのかな？$s	sore wa warui imi na no ka na	それ は わるい いみ な の か な
Gus_like_AfterMovie	来てくれて本当にうれしい！	kite kurete hontō ni ureshii	きて くれて ほんとう に うれしい
Gus_like_BeforeMovie	何かおいしそうな香りがするね...	nanika oishisō na kaori ga suru ne	なにか おいしそう な かおり が する ね
Gus_summer_movie_1_AfterMovie	グルテンベースの食べ物への奇妙なこだわり	guruten bēsu no tabemono e no kimyō na kodawari	グルテン ベース ノ タベモノ へ ノ キミョー ナ コダワリ
Gus_summer_movie_1_BeforeMovie	テレビでこれのコマーシャルを見たんだ。	terebi de kore no komāsharu o mita n da	テレビ デ コレ ノ コマーシャル を ミタ ン ダ
Gus_summer_movie_1_BeforeMovie	本当に面白そうだね！	hontō ni omoshirosō da ne	ほんとう に おもしろそう だ ね
Gus_winter_movie_0_AfterMovie	それは心温まるものだった...	sore wa kokoro atatamaru mono datta	それ は こころ あたたまる もの だった
Gus_winter_movie_0_AfterMovie	そしてどういうわけか、	soshite dō iu wake ka	そして どう いう わけ か
Gus_winter_movie_0_AfterMovie	彼らはその伝説的な果物をかなり美味しそうに見せてるんだ。	karera wa sono densetsuteki na kudamono o kanari oishisō ni miseteru n da	かれら は その でんせつてき な くだもの を かなり おいしそう に みせてる ん だ
Gus_winter_movie_0_BeforeMovie	を確認するまでは	o kakunin suru made wa	を かくにん する まで は
Gus_winter_movie_0_BeforeMovie	休日のようには感じないな！	kyūjitsu no yō ni wa kanjinai na	きゅうじつ の よう に は かんじない な
Haley_dislike_AfterMovie	（は～ぁ）...	hā	はあ
Haley_dislike_AfterMovie	ああ…	ā	ああ
Haley_dislike_AfterMovie	その映画はまた何についてなの？$7	sono eiga wa mata nani ni tsuite na no	その えいが は また なに に ついて な の
Haley_dislike_BeforeMovie	ああ、	ā	ああ
Haley_dislike_BeforeMovie	これは「ファンタジー」映画の1つね？$7	kore wa fantajī eiga no hitotsu ne	コレ は ファンタジー エイガ ノ ヒトツ ネ
Haley_like_AfterMovie	どういう意味？	dō iu imi	どう いう いみ
Haley_like_BeforeMovie	私はそれを見たいの。	watashi wa sore o mitai no	わたし は それ を みたい の
Haley_winter_movie_0_BeforeMovie	ここは暖かくて良いわね。	koko wa atatakakute ii wa ne	ここ は あたたかくて いい は ね
Haley_winter_movie_0_BeforeMovie	冬は映画を見に行くことが私のお気に入りの時期なの。$h	fuyu wa eiga o mi ni iku koto ga watashi no o-ki ni iri no jiki na no	ふゆ は えいが を み に いく こと が わたし の おき に いり の じき な の
Haley_winter_movie_1_BeforeMovie	ここは暖かくて良いわね。	koko wa atatakakute ii wa ne	ここ は あたたかくて いい は ね
Haley_winter_movie_1_BeforeMovie	冬は映画を見に行くことが私のお気に入りの時期なの。$h	fuyu wa eiga o mi ni iku koto ga watashi no o-ki ni iri no jiki na no	ふゆ は えいが を み に いく こと が わたし の おき に いり の じき な の
Harvey_dislike_AfterMovie	体が炎症を起こしていると感じるよ...$s	karada ga enshō o okoshite iru to kanjiru yo	からだ が えんしょう を おこして いる と かんじる よ
Harvey_dislike_BeforeMovie	この映画は私にとってはちょっと激しいかな...$s	kono eiga wa watashi ni totte wa chotto hageshii ka na	この えいが は わたし に とって は ちょっと はげしい か な
Harvey_dislike_DuringMovie_2	の血圧は急上昇している！」	no ketsuatsu wa kyūjōshō shite iru	の けつあつ は きゅうじょうしょう して いる
Harvey_like_BeforeMovie	あんまり映画を見ないけど、	anmari eiga o minai kedo	あんまり えいが を みない けど
Harvey_like_BeforeMovie	これは好評だったよね？	kore wa kōhyō datta yo ne	これ は こうひょう だった よ ね
Harvey_love_AfterMovie	私を連れ出してくれて本当にうれしいよ	watashi o tsuredashite kurete hontō ni ureshii yo	わたし を つれだして くれて ほんとう に うれしい よ
Harvey_love_BeforeMovie	でこの映画を高評価しているレビューを読んだんだ...	de kono eiga o kōhyōka shite iru rebyū o yonda n da	デ コノ エイガ を コーヒョーカ シテ イル レビュー を ヨンダ ン ダ
Harvey_love_DuringMovie	それは本当に考えさせるね？	sore wa hontō ni kangaesaseru ne	それ は ほんとう に かんがえさせる ね
Harvey_spring_movie_1_AfterMovie	私は高所恐怖症なので、	watashi wa kōsho kyōfushō na node	わたし は こうしょ きょうふしょう な ので
Harvey_spring_movie_1_AfterMovie	は本当に私のところに来ました...	wa hontō ni watashi no tokoro ni kimashita	は ほんとう に わたし の ところ に きました
Harvey_spring_movie_1_AfterMovie	でも全体的に楽しい時間を過ごせたよ。$h	demo zentaiteki ni tanoshii jikan o sugoseta yo	でも ぜんたいてき に たのしい じかん を すごせた よ
Harvey_spring_movie_1_BeforeMovie	これについては緊張するね...	kore ni tsuite wa kinchō suru ne	これ に ついて は きんちょう する ね
Harvey_spring_movie_1_DuringMovie_2	は揺れてる！」	wa yureteru	は ゆれてる
Jas_horror_BeforeMovie	わたしはこれを見ちゃダメなのかどうかわからない... $s	watashi wa kore o micha dame na no ka dō ka wakaranai	ワタシ は コレ を ミチャ ダメ ナ ノ カ ドー カ ワカラナイ
Jas_horror_DuringMovie_2	は震えています」	wa furuete imasu	は ふるえて います
Jas_like_AfterMovie	それは...	sore wa	それ は
Jas_like_AfterMovie	ええと...	ēto	えいと
Jas_like_BeforeMovie	これは大人の映画だよね？	kore wa otona no eiga da yo ne	これ は おとな の えいが だ よ ね
Jas_like_BeforeMovie	大丈夫だと思う！	daijōbu da to omou	だいじょうぶ だ と おもう
Jas_like_DuringMovie	はうなずいて横からちらっと見ています。」	wa unazuite yoko kara chiratto mite imasu	は うなずいて よこ から ちらっと みて います
Jas_love_AfterMovie	とてもたのしかったわ。	totemo tanoshikatta wa	とても たのしかった は
Jas_love_AfterMovie	つれてきてくれてありがとう！$h	tsurete kite kurete arigatō	つれて きて くれて ありがとう
Jas_love_BeforeMovie	映画を見て本当にハッピーよ！	eiga o mite hontō ni happī yo	エイガ を ミテ ホントー ニ ハッピー ヨ
Jas_love_DuringMovie	は恍惚としています！」	wa kōkotsu to shite imasu	は こうこつ と して います
Jodi_like_AfterMovie	映画は好きじゃないけど...	eiga wa suki ja nai kedo	えいが は すき じゃ ない けど
Jodi_like_AfterMovie	楽しい時間を過ごしたよ！	tanoshii jikan o sugoshita yo	たのしい じかん を すごした よ
Jodi_like_AfterMovie	ありがとう、	arigatō	ありがとう
Jodi_like_BeforeMovie	席が豪華だと願ってるよ、	seki ga gōka da to negatteru yo	せき が ごうか だ と ねがってる よ
Jodi_like_BeforeMovie	私は一日中そこにいました！	watashi wa ichinichijū soko ni imashita	わたし は いちにちじゅう そこ に いました
Jodi_love_AfterMovie	連れてきてくれてありがとう！	tsurete kite kurete arigatō	つれて きて くれて ありがとう
Jodi_love_BeforeMovie	この映画を一度見たんだ。	kono eiga o ichido mita n da	この えいが を いちど みた ん だ
Kent_dislike_AfterMovie	それはオレにとって困難だった。	sore wa ore ni totte konnan datta	ソレ は オレ ニ トッテ コンナン ダッタ
Kent_dislike_AfterMovie	オレを招待してくれてありがとう。	ore o shōtai shite kurete arigatō	オレ を ショータイ シテ クレテ アリガトー
Kent_dislike_DuringMovie	は冷や汗をかいています...」	wa hiyaase o kaite imasu	は ひやあせ を かいて います
Kent_like_AfterMovie	それは楽しかったよ。	sore wa tanoshikatta yo	それ は たのしかった よ
Kent_like_AfterMovie	君が映画に夢中になると、	kimi ga eiga ni muchū ni naru to	きみ が えいが に むちゅう に なる と
Kent_like_AfterMovie	不安や心配はすべて消えるよ。	fuan ya shinpai wa subete kieru yo	ふあん や しんぱい は すべて きえる よ
Kent_like_BeforeMovie	映画に招待してくれてありがとう	eiga ni shōtai shite kurete arigatō	えいが に しょうたい して くれて ありがとう
Kent_like_BeforeMovie	一般のライフスタイルに戻って調整するのは簡単ではないけど、	ippan no raifusutairu ni modotte chōsei suru no wa kantan de wa nai kedo	イッパン ノ ライフスタイル ニ モドッテ チョーセイ スル ノ は カンタン デ は ナイ ケド
Kent_like_BeforeMovie	私を本当に歓迎するのをあなたは手伝ってくれました。	watashi o hontō ni kangei suru no o anata wa tetsudatte kuremashita	わたし を ほんとう に かんげい する の を あなた は てつだって くれました
Kent_like_DuringMovie	これは素晴らしいな...	kore wa subarashii na	これ は すばらしい な
Kent_like_DuringMovie	それはもっと単純だった時代を思い出させる...$h	sore wa motto tanjun datta jidai o omoidasaseru	それ は もっと たんじゅん だった じだい を おもいださせる
Kent_like_DuringMovie_2	は稀な笑顔を見せています。」	wa mare na egao o misete imasu	は まれ な えがお を みせて います
Krobus_*_AfterMovie	は数時間の間明滅光を見つめて楽しんでるんですか？	wa sūjikan no aida meimetsukō o mitsumete tanoshinderu n desu ka	は すうじかん の あいだ めいめつこう を みつめて たのしんでる ん です か
Krobus_*_AfterMovie	すごく興味深い...$8	sugoku kyōmibukai	すごく きょうみぶかい
Krobus_*_BeforeMovie	にいてポップコーンを食べることにすごく興奮します。$8#$b#	ni ite poppukōn o taberu koto ni sugoku kōfun shimasu	ニ イテ ポップコーン を タベル コト ニ スゴク コーフン シマス
Krobus_*_BeforeMovie	どうしたの？$8	dō shita no	どう した の
Krobus_fall_movie_0_AfterMovie	服を着ることに慣れてないんです...	fuku o kiru koto ni naretenai n desu	ふく を きる こと に なれてない ん です
Krobus_fall_movie_0_BeforeMovie	あなたは話しかけますね、	anata wa hanashikakemasu ne	あなた は はなしかけます ね
Krobus_fall_movie_0_DuringMovie	がそういうわけではないです！$8	ga sō iu wake de wa nai desu	が そう いう わけ で は ない です
Krobus_fall_movie_0_DuringMovie_2	は煮込んでいます...」	wa nikonde imasu	は にこんで います
Leah_dislike_AfterMovie	それはちょっとしたことじゃなかったよね？	sore wa chotto shita koto ja nakatta yo ne	それ は ちょっと した こと じゃ なかった よ ね
Leah_like_AfterMovie	映画の快適な食べ物のようなもの。	eiga no kaiteki na tabemono no yō na mono	えいが の かいてき な たべもの の よう な もの
Leah_like_BeforeMovie	この映画に何を期待した方が良いか分からないけど、	kono eiga ni nani o kitai shita hō ga ii ka wakaranai kedo	この えいが に なに を きたい した ほう が いい か わからない けど
Leah_like_BeforeMovie	心を開いておくつもりだよ！	kokoro o hiraite oku tsumori da yo	こころ を ひらいて おく つもり だ よ
Leah_love_AfterMovie	話はすごくゆるいけど、	hanashi wa sugoku yurui kedo	はなし は すごく ゆるい けど
Leah_love_AfterMovie	それが頭じゃなくて感情に話すことを意図していたと思う。	sore ga atama ja nakute kanjō ni hanasu koto o ito shite ita to omou	それ が あたま じゃ なくて かんじょう に はなす こと を いと して いた と おもう
Leah_love_BeforeMovie	この映画は本当に興味深いね...	kono eiga wa hontō ni kyōmibukai ne	この えいが は ほんとう に きょうみぶかい ね
Leah_love_BeforeMovie	私は不思議な人のための吸盤。	watashi wa fushigi na hito no tame no kyūban	わたし は ふしぎ な ひと の ため の きゅうばん
Leah_spring_movie_1_AfterMovie	で、わたしのキャビンを見たことだってあると確信してるの！$h	de watashi no kyabin o mita koto datte aru to kakushin shiteru no	デ ワタシ ノ キャビン を ミタ コト ダッテ アル ト カクシン シテル ノ
Leah_spring_movie_1_BeforeMovie	本当にきれいな自然の絵があるってきいたの…	hontō ni kirei na shizen no e ga aru tte kiita no	ほんとう に きれい な しぜん の へ が ある って きいた の
Leah_spring_movie_1_BeforeMovie	本当に楽しみ！$h	hontō ni tanoshimi	ほんとう に たのしみ
Leo_like_AfterMovie	ああ…	ā	ああ
Leo_like_AfterMovie	魔法みたいだったね！	mahō mitai datta ne	まほう みたい だった ね
Leo_like_BeforeMovie	ここに来られて本当に嬉しいよ。	koko ni korarete hontō ni ureshii yo	ここ に こられて ほんとう に うれしい よ
Leo_like_DuringMovie	は映画に興味津々のようです。	wa eiga ni kyōmi shinshin no yō desu	は えいが に きょうみ しんしん の よう です
Leo_love_AfterMovie	あれを見た？	are o mita	あれ を みた
Leo_love_AfterMovie	を見せてくれた…	o misete kureta	を みせて くれた
Leo_love_BeforeMovie	これを見たらワクワクしてきたよ…	kore o mitara wakuwaku shite kita yo	コレ を ミタラ ワクワク シテ キタ ヨ
Leo_love_BeforeMovie	この世界のことは何でも勉強したいんだ！	kono sekai no koto wa nan demo benkyō shitai n da	この せかい の こと は なん でも べんきょう したい ん だ
Leo_love_DuringMovie	は画面に釘付け！	wa gamen ni kugizuke	は がめん に くぎずけ
Lewis_dislike_AfterMovie	ええと...	ēto	えいと
Lewis_dislike_AfterMovie	はこの地域社会に役立つものだろうか？	wa kono chiiki shakai ni yakudatsu mono darō ka	は この ちいき しゃかい に やくだつ もの だろう か
Lewis_dislike_BeforeMovie	最近の若者たちが何を見てるのか、	saikin no wakamono-tachi ga nani o miteru no ka	さいきん の わかものたち が なに を みてる の か
Lewis_dislike_BeforeMovie	それを見るのはおもしろいだろうなぁ...	sore o miru no wa omoshiroi darō nā	それ を みる の は おもしろい だろう なあ
Lewis_like_AfterMovie	ああ！	ā	ああ
Lewis_like_AfterMovie	それはまったく悪くなかった...	sore wa mattaku warukunakatta	それ は まったく わるくなかった
Lewis_like_AfterMovie	私はこれを「町長承認」といってるよ。$h	watashi wa kore o chōchō shōnin to itteru yo	わたし は これ を ちょうちょう しょうにん と いってる よ
Lewis_like_BeforeMovie	町長として、	chōchō to shite	ちょうちょう と して
Lewis_like_BeforeMovie	知る必要があるんだよ。	shiru hitsuyō ga aru n da yo	しる ひつよう が ある ん だ よ
Lewis_like_BeforeMovie	私たちは心配するべき次世代の優しい心を持ってるよ！	watashitachi wa shinpai suru beki jisedai no yasashii kokoro o motteru yo	わたしたち は しんぱい する べき じせだい の やさしい こころ を もってる よ
Lewis_spring_movie_1_AfterMovie	彼らは	karera wa	かれら は
Lewis_spring_movie_1_AfterMovie	をとても美しく見せたよね？	o totemo utsukushiku miseta yo ne	を とても うつくしく みせた よ ね
Lewis_spring_movie_1_AfterMovie	自体を特集していたら... $h	jitai o tokushū shite itara	じたい を とくしゅう して いたら
Lewis_spring_movie_1_BeforeMovie	町長自身が	chōchō jishin ga	ちょうちょう じしん が
Lewis_spring_movie_1_BeforeMovie	この映画を私におススメしたんだ！	kono eiga o watashi ni osusume shita n da	コノ エイガ を ワタシ ニ オススメ シタ ン ダ
Lewis_summer_movie_0_AfterMovie	それは素晴らしかったね！	sore wa subarashikatta ne	それ は すばらしかった ね
Lewis_summer_movie_0_AfterMovie	本当に私を連れ戻したね...$h	hontō ni watashi o tsuremodoshita ne	ほんとう に わたし を つれもどした ね
Lewis_summer_movie_0_BeforeMovie	カウボーイの映画を見たんだ...	kaubōi no eiga o mita n da	カウボーイ ノ エイガ を ミタ ン ダ
Lewis_summer_movie_0_BeforeMovie	アートがまだ存在しているのを見れてうれしいよ。	āto ga mada sonzai shite iru no o mirete ureshii yo	アート ガ マダ ソンザイ シテ イル ノ を ミレテ ウレシイ ヨ
Lewis_summer_movie_0_DuringMovie	（彼がどんな種類のヒゲワックスを使っているのか気になる？）	kare ga donna shurui no hige wakkusu o tsukatte iru no ka ki ni naru	カレ ガ ドンナ シュルイ ノ ヒゲ ワックス を ツカッテ イル ノ カ キ ニ ナル
Lewis_summer_movie_0_DuringMovie_2	深く考え事をしてるようです…	fukaku kangaegoto o shiteru yō desu	ふかく かんがえごと を してる よう です
Linus_dislike_AfterMovie	オレを招待してくれてありがとう！	ore o shōtai shite kurete arigatō	オレ を ショータイ シテ クレテ アリガトー
Linus_dislike_BeforeMovie	ここは場違いだな...	koko wa bachigai da na	ここ は ばちがい だ な
Linus_dislike_DuringMovie	は床を見ています...」	wa yuka o mite imasu	は ゆか を みて います
Linus_spring_movie_1_AfterMovie	君は自分でこういうことを経験することができるのに、	kimi wa jibun de kō iu koto o keiken suru koto ga dekiru no ni	きみ は じぶん で こう いう こと を けいけん する こと が できる の に
Linus_spring_movie_1_AfterMovie	なんでスクリーンをじっと見つめるんだ？$s	nande sukurīn o jitto mitsumeru n da	ナンデ スクリーン を ジット ミツメル ン ダ
Linus_spring_movie_1_BeforeMovie	私はここが場違いに感じるよ...	watashi wa koko ga bachigai ni kanjiru yo	わたし は ここ が ばちがい に かんじる よ
Linus_spring_movie_1_DuringMovie	は床を見ています...」	wa yuka o mite imasu	は ゆか を みて います
Marnie_like_AfterMovie	オレのことを考えてくれてありがとう。	ore no koto o kangaete kurete arigatō	オレ ノ コト を カンガエテ クレテ アリガトー
Marnie_like_BeforeMovie	映画ってのは、	eiga tte no wa	えいが って の は
Marnie_love_AfterMovie	ああ、	ā	ああ
Marnie_love_AfterMovie	家族が最後に無事だったことをとても嬉しく思うぞ。	kazoku ga saigo ni buji datta koto o totemo ureshiku omou zo	かぞく が さいご に ぶじ だった こと を とても うれしく おもう ぞ
Marnie_love_BeforeMovie	招待してくれて本当にありがとうな	shōtai shite kurete hontō ni arigatō na	しょうたい して くれて ほんとう に ありがとう な
Maru_like_AfterMovie	最後のシーンは、	saigo no shīn wa	サイゴ ノ シーン は
Maru_like_AfterMovie	彼らがそれで何を意味してたと思う？	karera ga sore de nani o imi shiteta to omou	かれら が それ で なに を いみ してた と おもう
Maru_like_BeforeMovie	劇場に行くのが本当に好き！$h	gekijō ni iku no ga hontō ni suki	げきじょう に いく の が ほんとう に すき
Maru_spring_movie_1_AfterMovie	本当に面白かったね！	hontō ni omoshirokatta ne	ほんとう に おもしろかった ね
Maru_spring_movie_1_AfterMovie	大きな都市で	ōkina toshi de	おうきな とし で
Maru_spring_movie_1_AfterMovie	こんなにたくさんの命が見つかるとは思えなかった。	konna ni takusan no inochi ga mitsukaru to wa omoenakatta	こんな に たくさん の いのち が みつかる と は おもえなかった
Maru_spring_movie_1_BeforeMovie	私はこれを楽しみにしてるの...	watashi wa kore o tanoshimi ni shiteru no	わたし は これ を たのしみ に してる の
Maru_spring_movie_1_BeforeMovie	たくさん学べることを願ってる！$h	takusan manaberu koto o negatteru	たくさん まなべる こと を ねがってる
Maru_spring_movie_1_DuringMovie	ああ、分かったわ...	ā wakatta wa	ああ わかった は
Maru_spring_movie_1_DuringMovie_2	がメモを取っています！」	ga memo o totte imasu	ガ メモ を トッテ イマス
Maru_summer_movie_1_AfterMovie	まあ、	mā	まあ
Maru_summer_movie_1_AfterMovie	私は望遠鏡を通して（あれ）のようなものを見たことがないよ...	watashi wa bōenkyō o tōshite are no yō na mono o mita koto ga nai yo	わたし は ぼうえんきょう を とうして あれ の よう な もの を みた こと が ない よ
Maru_summer_movie_1_AfterMovie	でも本当に素晴らしかった！$h	demo hontō ni subarashikatta	でも ほんとう に すばらしかった
Maru_summer_movie_1_BeforeMovie	それはSF映画よね？	sore wa esu-efu eiga yo ne	それ は えすえふ えいが よ ね
Maru_summer_movie_1_BeforeMovie	SFで好きなことの1つは、	esu-efu de suki na koto no hitotsu wa	えすえふ で すき な こと の ひとつ は
Maru_summer_movie_1_BeforeMovie	思い付くすべてのおかしな技術を見ていること。	omoitsuku subete no okashi na gijutsu o mite iru koto	おもいつく すべて の おかし な ぎじゅつ を みて いる こと
Pam_*_BeforeMovie	招待してくれてありがとう。	shōtai shite kurete arigatō	しょうたい して くれて ありがとう
Penny_*_AfterMovie	家族でできることがもう一度できてうれしい！	kazoku de dekiru koto ga mō ichido dekite ureshii	かぞく で できる こと が もう いちど できて うれしい
Penny_*_BeforeMovie	ママと一緒に映画を見ると、	mama to issho ni eiga o miru to	ママ ト イッショ ニ エイガ を ミル ト
Penny_*_BeforeMovie	確実に私は戻ります！	kakujitsu ni watashi wa modorimasu	かくじつ に わたし は もどります
Penny_*_DuringMovie	は情熱を持って見てます！）」	wa jōnetsu o motte mitemasu	は じょうねつ を もって みてます
Penny_comedy_BeforeMovie	興奮してる、	kōfun shiteru	こうふん してる
Penny_comedy_BeforeMovie	大笑いしたい気分！	ōwarai shitai kibun	おうわらい したい きぶん
Penny_dislike_AfterMovie	あなたのために映画を台無しにしてしまってごめんなさい、	anata no tame ni eiga o dainashi ni shite shimatte gomen nasai	あなた の ため に えいが を だいなし に して しまって ごめん なさい
Penny_dislike_AfterMovie	ただ本当に私のお気に入りではなかったの...	tada hontō ni watashi no o-ki ni iri de wa nakatta no	ただ ほんとう に わたし の おき に いり で は なかった の
Penny_dislike_BeforeMovie	これを自分で選択したと言えないけど、	kore o jibun de sentaku shita to ienai kedo	これ を じぶん で せんたく した と いえない けど
Penny_dislike_BeforeMovie	心を開いておくようにするよ...	kokoro o hiraite oku yō ni suru yo	こころ を ひらいて おく よう に する よ
Penny_family_AfterMovie	いつかこれを見るために子供たちをしっかり連れて行く必要があるね！	itsuka kore o miru tame ni kodomo-tachi o shikkari tsurete iku hitsuyō ga aru ne	いつか これ を みる ため に こどもたち を しっかり つれて いく ひつよう が ある ね
Penny_family_BeforeMovie	おぉ、	ō	おう
Penny_family_BeforeMovie	これは健康的で楽しいですね！	kore wa kenkōteki de tanoshii desu ne	これ は けんこうてき で たのしい です ね
Penny_family_DuringMovie	は笑っています）」	wa waratte imasu	は わらって います
Penny_horror_AfterMovie	今夜は悪夢を見ないことを願うよ！$s	kon'ya wa akumu o minai koto o negau yo	こんや は あくむ を みない こと を ねがう よ
Penny_horror_BeforeMovie	少し緊張してる...	sukoshi kinchō shiteru	すこし きんちょう してる
Penny_horror_BeforeMovie	ほとんど怖い映画を見ないよ。$s	hotondo kowai eiga o minai yo	ほとんど こわい えいが を みない よ
Penny_like_AfterMovie	一緒にこれを見てくれてありがとう！	issho ni kore o mite kurete arigatō	いっしょ に これ を みて くれて ありがとう
Penny_like_BeforeMovie	これに関していくつかの良いことを聞いたことがあるよ！	kore ni kanshite ikutsuka no yoi koto o kiita koto ga aru yo	これ に かんして いくつか の よい こと を きいた こと が ある よ
Penny_love_AfterMovie	彼らが別のものを作ることを願ってるわ！	karera ga betsu no mono o tsukuru koto o negatteru wa	かれら が べつ の もの を つくる こと を ねがってる は
Penny_seen_dislike_BeforeMovie	がこれを見に連れて行ってくれたと思う...	ga kore o mi ni tsurete itte kureta to omou	が これ を み に つれて いって くれた と おもう
Penny_seen_like_BeforeMovie	とこれを見たわ。	to kore o mita wa	と これ を みた は
Penny_seen_love_BeforeMovie	おお、	ō	おう
Penny_spring_movie_0_AfterMovie	ここまで私を連れて来てくれてありがとう、	koko made watashi o tsurete kite kurete arigatō	ここ まで わたし を つれて きて くれて ありがとう
Penny_spring_movie_0_AfterMovie	子供たちに話すのを待てません！	kodomo-tachi ni hanasu no o matemasen	こどもたち に はなす の を まてません
Penny_spring_movie_0_BeforeMovie	私はこれを楽しみにしています！	watashi wa kore o tanoshimi ni shite imasu	わたし は これ を たのしみ に して います
Penny_spring_movie_0_BeforeMovie	はそれについてストップしないで話しています。	wa sore ni tsuite sutoppu shinaide hanashite imasu	は ソレ ニ ツイテ ストップ シナイデ ハナシテ イマス
Penny_spring_movie_0_DuringMovie	そのように彼の家族を残すことはとても困難なはずです...$s	sono yō ni kare no kazoku o nokosu koto wa totemo konnan na hazu desu	その よう に かれ の かぞく を のこす こと は とても こんなん な はず です
Penny_spring_movie_0_DuringMovie_2	は涙をこらえているようです...」	wa namida o koraete iru yō desu	は なみだ を こらえて いる よう です
Pierre_like_AfterMovie	在庫がある商品はあるかな...	zaiko ga aru shōhin wa aru ka na	ざいこ が ある しょうひん は ある か な
Pierre_like_BeforeMovie	いつも仕事をしてるから、	itsumo shigoto o shiteru kara	いつも しごと を してる から
Pierre_like_BeforeMovie	こんなことをするのは本当にうれしい。	konna koto o suru no wa hontō ni ureshii	こんな こと を する の は ほんとう に うれしい
Pierre_love_AfterMovie	ああ！	ā	ああ
Pierre_love_AfterMovie	でも本当にそれが好きになった！	demo hontō ni sore ga suki ni natta	でも ほんとう に それ が すき に なった
Pierre_love_BeforeMovie	昔のSF映画を見て育ったので、	mukashi no esu-efu eiga o mite sodatta node	むかし の えすえふ えいが を みて そだった ので
Robin_like_BeforeMovie	家から出るのはいいことだ。	ie kara deru no wa ii koto da	いえ から でる の は いい こと だ
Robin_love_BeforeMovie	はまさにいま必要としているものだったよ。	wa masa ni ima hitsuyō to shite iru mono datta yo	は まさ に いま ひつよう と して いる もの だった よ
Sam_dislike_AfterMovie	えぇ...	ē	えい
Sam_dislike_AfterMovie	そして、ええと...	soshite ēto	そして えいと
Sam_dislike_AfterMovie	ええと...$10	ēto	えいと
Sam_dislike_DuringMovie	ええと？	ēto	えいと
Sam_dislike_DuringMovie	おぉ！	ō	おう
Sam_dislike_DuringMovie	えぇ...	ē	えい
Sam_dislike_DuringMovie	その映画は…	sono eiga wa	その えいが は
Sam_dislike_DuringMovie_2	は彼のハンドヘルドビデオゲームシステムをプレイしています。」	wa kare no handoherudo bideo gēmu shisutemu o purei shite imasu	は カレ ノ ハンドヘルド ビデオ ゲーム システム を プレイ シテ イマス
Sam_horror_AfterMovie	ほとんど映画は怖くないけど、	hotondo eiga wa kowakunai kedo	ほとんど えいが は こわくない けど
Sam_horror_AfterMovie	これを見るためにヴィンセント	kore o miru tame ni Vinsento	コレ を ミル タメ ニ ヴィンセント
Sam_horror_AfterMovie	を連れて行くつもりはないよ。	o tsurete iku tsumori wa nai yo	を つれて いく つもり は ない よ
Sam_like_AfterMovie	これを見るためにヴィンセント	kore o miru tame ni Vinsento	コレ を ミル タメ ニ ヴィンセント
Sam_like_AfterMovie	を連れて行く必要があるかも。	o tsurete iku hitsuyō ga aru kamo	を つれて いく ひつよう が ある かも
Sam_like_BeforeMovie	私を招待してくれてありがとう、	watashi o shōtai shite kurete arigatō	わたし を しょうたい して くれて ありがとう
Sam_like_BeforeMovie	私たちの町にいま、映画館があることは本当に素晴らしいことだね。	watashitachi no machi ni ima eigakan ga aru koto wa hontō ni subarashii koto da ne	わたしたち の まち に いま えいがかん が ある こと は ほんとう に すばらしい こと だ ね
Sam_summer_movie_1_AfterMovie	でも私はウンバス	demo watashi wa Unbasu	デモ ワタシ は ウンバス
Sam_summer_movie_1_AfterMovie	と同じ種類の靴下を履いてます。	to onaji shurui no kutsushita o haitemasu	と おなじ しゅるい の くつした を はいてます
Sam_summer_movie_1_BeforeMovie	おお、	ō	おう
Sam_summer_movie_1_BeforeMovie	これにとても興奮している！	kore ni totemo kōfun shite iru	これ に とても こうふん して いる
Sam_summer_movie_1_DuringMovie	この映画はおもしろい！	kono eiga wa omoshiroi	この えいが は おもしろい
Sam_summer_movie_1_DuringMovie	どうやって彼らはこんな内容を思いついたのかな？$h	dō yatte karera wa konna naiyō o omoitsuita no ka na	どう やって かれら は こんな ないよう を おもいついた の か な
Sam_summer_movie_1_DuringMovie_2	は彼の笑いをこらえられない！」	wa kare no warai o koraerarenai	は かれ の わらい を こらえられない
Sandy_love_AfterMovie	とっても楽しかったわ、	tottemo tanoshikatta wa	とっても たのしかった は
Sandy_love_AfterMovie	招待してくれてありがとう！	shōtai shite kurete arigatō	しょうたい して くれて ありがとう
Sandy_love_AfterMovie	もうすぐ帰った方がいいけど...	mō sugu kaetta hō ga ii kedo	もう すぐ かえった ほう が いい けど
Sandy_love_BeforeMovie	に来るための口実にすることがとてもうれしい！	ni kuru tame no kōjitsu ni suru koto ga totemo ureshii	に くる ため の こうじつ に する こと が とても うれしい
Sebastian_dislike_AfterMovie	おそらく対象読者にとって素晴らしい映画だが、	osoraku taishō dokusha ni totte subarashii eiga da ga	おそらく たいしょう どくしゃ に とって すばらしい えいが だ が
Sebastian_dislike_AfterMovie	オレにとってはそうではないな。	ore ni totte wa sō de wa nai na	オレ ニ トッテ は ソー デ は ナイ ナ
Sebastian_dislike_BeforeMovie	それが短いことを願ってる...	sore ga mijikai koto o negatteru	それ が みじかい こと を ねがってる
Sebastian_like_AfterMovie	かなり良い時間を過ごしたよ...	kanari yoi jikan o sugoshita yo	かなり よい じかん を すごした よ
Sebastian_like_AfterMovie	招待してくれてありがとう。	shōtai shite kurete arigatō	しょうたい して くれて ありがとう
Sebastian_like_BeforeMovie	（肩をすくめる）...	kata o sukumeru	かた を すくめる
Sebastian_love_AfterMovie	オレがしばらくの間見た中では最高傑作だ...	ore ga shibaraku no aida mita naka de wa saikō kessaku da	オレ ガ シバラク ノ アイダ ミタ ナカ デ は サイコー ケッサク ダ
Sebastian_love_AfterMovie	どうやってこの特殊効果のいくつかを実践したんだろうか？$h	dō yatte kono tokushu kōka no ikutsuka o jissen shita n darō ka	どう やって この とくしゅ こうか の いくつか を じっせん した ん だろう か
Sebastian_love_BeforeMovie	この映画はかなり厳しいって聞いたわ...	kono eiga wa kanari kibishii tte kiita wa	この えいが は かなり きびしい って きいた は
Sebastian_love_DuringMovie	この映画の撮影は次のレベルだな。	kono eiga no satsuei wa tsugi no reberu da na	コノ エイガ ノ サツエイ は ツギ ノ レベル ダ ナ
Sebastian_love_DuringMovie_2	はニヤリとしています。」	wa niyari to shite imasu	は ニヤリ ト シテ イマス
Shane_dislike_BeforeMovie	これは痛みを伴うね。	kore wa itami o tomonau ne	これ は いたみ を ともなう ね
Shane_dislike_DuringMovie	は落ち込んでいます...」	wa ochikonde imasu	は おちこんで います
Shane_like_BeforeMovie	えぇ、これは大丈夫だと思うよ。	ē kore wa daijōbu da to omou yo	えい これ は だいじょうぶ だ と おもう よ
Shane_love_AfterMovie	あなたが良い映画を見ているとき、	anata ga yoi eiga o mite iru toki	あなた が よい えいが を みて いる とき
Shane_love_AfterMovie	他のすべてを忘れることができるよね...	hoka no subete o wasureru koto ga dekiru yo ne	ほか の すべて を わすれる こと が できる よ ね
Shane_love_AfterMovie	それはギフトだね。	sore wa gifuto da ne	ソレ は ギフト ダ ネ
Shane_love_BeforeMovie	実際にこれを見ることに興味があるんだ...	jissai ni kore o miru koto ni kyōmi ga aru n da	じっさい に これ を みる こと に きょうみ が ある ん だ
Shane_love_DuringMovie	これは良いね... $h	kore wa ii ne	これ は いい ね
Shane_love_DuringMovie_2	は笑わないようにしています」	wa warawanai yō ni shite imasu	は わらわない よう に して います
Shane_summer_movie_0_BeforeMovie	あぁ、これは大丈夫だろうよ。	ā kore wa daijōbu darō yo	ああ これ は だいじょうぶ だろう よ
Shane_summer_movie_0_DuringMovie	オレは悪役を応援してる...	ore wa akuyaku o ōen shiteru	オレ は アクヤク を オーエン シテル
Vincent_dislike_BeforeMovie	この映画は大人向けですよね？$s	kono eiga wa otona muke desu yo ne	この えいが は おとな むけ です よ ね
Vincent_dislike_DuringMovie	は彼の席にそわそわしてる。」	wa kare no seki ni sowasowa shiteru	は かれ の せき に そわそわ してる
Vincent_love_BeforeMovie	とても興奮してるよ！	totemo kōfun shiteru yo	とても こうふん してる よ
Vincent_love_BeforeMovie	お母さんもお菓子を食べられるって言ってる！$h	okāsan mo okashi o taberareru tte itteru	おかあさん も おかし を たべられる って いってる
Vincent_love_DuringMovie	は衝撃を受けてる！」	wa shōgeki o uketeru	は しょうげき を うけてる
Willy_like_AfterMovie	ああ、	ā	ああ
Willy_like_AfterMovie	それは私に、	sore wa watashi ni	それ は わたし に
Willy_like_AfterMovie	ol 'ポップス	o poppusu	を ポップス
Willy_like_AfterMovie	が言っていた物語を思い出させるよ...	ga itte ita monogatari o omoidasaseru yo	が いって いた ものがたり を おもいださせる よ
Willy_like_BeforeMovie	無料の映画を断る理由は決してないでしょう！	muryō no eiga o kotowaru riyū wa kesshite nai deshō	むりょう の えいが を ことわる りゆう は けっして ない でしょう
Wizard_*_AfterMovie	私に勉強させないつもりですか？	watashi ni benkyō sasenai tsumori desu ka	わたし に べんきょう させない つもり です か
Wizard_fall_movie_0_AfterMovie	難しい謎を知っている人に対しては、	muzukashii nazo o shitte iru hito ni taishite wa	むずかしい なぞ を しって いる ひと に たいして は
Wizard_fall_movie_0_AfterMovie	それは深い意味を持ってました...	sore wa fukai imi o mottemashita	それ は ふかい いみ を もってました
Wizard_fall_movie_0_BeforeMovie	今夜このビルに浸っている良く分からない力を感じます...	kon'ya kono biru ni hitatte iru yoku wakaranai chikara o kanjimasu	コンヤ コノ ビル ニ ヒタッテ イル ヨク ワカラナイ チカラ を カンジマス
Wizard_fall_movie_0_DuringMovie	素人はこれがすべて本物の映像だって分からない！	shirōto wa kore ga subete honmono no eizō datte wakaranai	しろうと は これ が すべて ほんもの の えいぞう だって わからない
Wizard_fall_movie_0_DuringMovie_2	の目にはきらめきがある...」	no me ni wa kirameki ga aru	の め に は きらめき が ある
BraveLittleSapling_Scene1	勇敢な	yūkan na	ゆうかん な
BraveLittleSapling_Scene2	勇敢な	yūkan na	ゆうかん な
BraveLittleSapling_Scene2	が家を出ます。	ga ie o demasu	が いえ を でます
BraveLittleSapling_Scene2	ちゅうちょして振り返った彼は、	chūcho shite furikaetta kare wa	ちゅうちょ して ふりかえった かれ は
BraveLittleSapling_Scene2	当分帰ってこれないことを確信していた…	tōbun kaette korenai koto o kakushin shite ita	とうぶん かえって これない こと を かくしん して いた
BraveLittleSapling_Scene3	小枝をふってサヨナラを告げています…！	koeda o futte sayonara o tsugete imasu	コエダ を フッテ サヨナラ を ツゲテ イマス
BraveLittleSapling_Scene4	頭上に雷雲が現れ、	zujō ni raiun ga araware	ずじょう に らいうん が あらわれ
BraveLittleSapling_Scene4	リトル苗は猛ダッシュしました…	ritoru nae wa mō dasshu shimashita	リトル ナエ は モー ダッシュ シマシタ
BraveLittleSapling_Scene5	死への恐怖、	shi e no kyōfu	し へ の きょうふ
BraveLittleSapling_Scene5	勇敢な	yūkan na	ゆうかん な
BraveLittleSapling_Scene5	は希望すら失っていました…	wa kibō sura ushinatte imashita	は きぼう すら うしなって いました
BraveLittleSapling_Scene6	これは何でしょうか？	kore wa nan deshō ka	これ は なん でしょう か
BraveLittleSapling_Scene7	を始めるには、	o hajimeru ni wa	を はじめる に は
BraveLittleSapling_Scene7	たぶんこの雨が必要だったのでしょう！	tabun kono ame ga hitsuyō datta no deshō	たぶん この あめ が ひつよう だった の でしょう
BraveLittleSapling_Title	勇敢な	yūkan na	ゆうかん な
ItHowlsInTheRain_Description	この謎の音を調査するために集まりました。	kono nazo no oto o chōsa suru tame ni atsumarimashita	この なぞ の おと を ちょうさ する ため に あつまりました
ItHowlsInTheRain_Description	(保護者の指導が必要)	hogosha no shidō ga hitsuyō	ほごしゃ の しどう が ひつよう
ItHowlsInTheRain_Scene1	雨中の	uchū no	うちゅう の
ItHowlsInTheRain_Scene1	遠ぼえ	tōboe	とうぼえ
ItHowlsInTheRain_Scene2	「この映像は、	kono eizō wa	この えいぞう は
ItHowlsInTheRain_Scene3	行ってみよう…」	itte miyō	いって みよう
ItHowlsInTheRain_Scene9	奇妙な音が聞こえる)	kimyō na oto ga kikoeru	きみょう な おと が きこえる
ItHowlsInTheRain_Title	雨中の	uchū no	うちゅう の
ItHowlsInTheRain_Title	遠ぼえ	tōboe	とうぼえ
JourneyOfThePrairieKing_Scene10	は救われました。	wa sukuwaremashita	は すくわれました
JourneyOfThePrairieKing_Scene2	大量の宝を積んだワゴン列車を凝視する	tairyō no takara o tsunda wagon ressha o gyōshi suru	タイリョー ノ タカラ を ツンダ ワゴン レッシャ を ギョーシ スル
JourneyOfThePrairieKing_Scene2	を発見しました。	o hakken shimashita	を はっけん しました
JourneyOfThePrairieKing_Scene4	を殺して、	o koroshite	を ころして
JourneyOfThePrairieKing_Scene4	宝を手に入れよう…	takara o te ni ireyō	たから を て に いれよう
JourneyOfThePrairieKing_Scene4	当然の報いだ！」	tōzen no mukui da	とうぜん の むくい だ
JourneyOfThePrairieKing_Scene5	雪崩が待っているようだ。」	nadare ga matte iru yō da	なだれ が まって いる よう だ
JourneyOfThePrairieKing_Scene6	は、この先から聞こえる音に気づきました。	wa kono saki kara kikoeru oto ni kizukimashita	は この さき から きこえる おと に きずきました
JourneyOfThePrairieKing_Scene7	急いで考えた彼は、	isoide kangaeta kare wa	いそいで かんがえた かれ は
JourneyOfThePrairieKing_Scene7	発砲しました	happō shimashita	はっぽう しました
JourneyOfThePrairieKing_Scene8	何でしょうか？	nan deshō ka	なん でしょう か
JourneyOfThePrairieKing_Scene9	彼はまたやったのです！	kare wa mata yatta no desu	かれ は また やった の です
JourneyOfThePrairieKing_Scene9	大量の泥	tairyō no doro	たいりょう の どろ
JourneyOfThePrairieKing_Scene9	で雪崩を止めたのです。	de nadare o tometa no desu	で なだれ を とめた の です
MiracleAtColdstarRanch_Description	大きな困難にもかかわらず、	ōkina konnan ni mo kakawarazu	おうきな こんなん に も かかわらず
MiracleAtColdstarRanch_Description	家族は	kazoku wa	かぞく は
MiracleAtColdstarRanch_Description	を絶やすことなく守ってきました。	o tayasu koto naku mamotte kimashita	を たやす こと なく まもって きました
MiracleAtColdstarRanch_Scene12	は、宇宙の果物で飾られた木	wa uchū no kudamono de kazarareta ki	は うちゅう の くだもの で かざられた き
MiracleAtColdstarRanch_Scene12	を見つけて驚いています。	o mitsukete odoroite imasu	を みつけて おどろいて います
MiracleAtColdstarRanch_Scene12_2	を信じていることを、	o shinjite iru koto o	を しんじて いる こと を
MiracleAtColdstarRanch_Scene13	彼らは、	karera wa	かれら は
MiracleAtColdstarRanch_Scene13	を分け合った。	o wakeatta	を わけあった
MiracleAtColdstarRanch_Scene13	果物は小さいものの、	kudamono wa chiisai mono no	くだもの は ちいさい もの の
MiracleAtColdstarRanch_Scene14	家族は救われて、	kazoku wa sukuwarete	かぞく は すくわれて
MiracleAtColdstarRanch_Scene14	希望の心	kibō no kokoro	きぼう の こころ
MiracleAtColdstarRanch_Scene14	は生き生きして元気です。	wa ikiiki shite genki desu	は いきいき して げんき です
MiracleAtColdstarRanch_Scene14	はもう一度守られます...	wa mō ichido mamoraremasu	は もう いちど まもられます
MiracleAtColdstarRanch_Scene2	3週間前からずっと雪が降り続けています。	sanshūkan mae kara zutto yuki ga furitsuzukete imasu	さんしゅうかん まえ から ずっと ゆき が ふりつずけて います
MiracleAtColdstarRanch_Scene3	は足止めを食らっています…	wa ashidome o kuratte imasu	は あしどめ を くらって います
MiracleAtColdstarRanch_Scene3	町まで行くことは到底不可能な状態です。	machi made iku koto wa tōtei fukanō na jōtai desu	まち まで いく こと は とうてい ふかのう な じょうたい です
MiracleAtColdstarRanch_Scene3	牛の餌である野草	ushi no esa de aru yasō	うし の えさ で ある やそう
MiracleAtColdstarRanch_Scene3	は足りています。	wa tarite imasu	は たりて います
MiracleAtColdstarRanch_Scene5	家族の食料	kazoku no shokuryō	かぞく の しょくりょう
MiracleAtColdstarRanch_Scene5	は無くなってしまったのです。	wa nakunatte shimatta no desu	は なくなって しまった の です
MiracleAtColdstarRanch_Scene7	は、この危険な状況でも	wa kono kiken na jōkyō demo	は この きけん な じょうきょう でも
MiracleAtColdstarRanch_Scene7	勇敢に	yūkan ni	ゆうかん に
MiracleAtColdstarRanch_Scene7	を切っています…	o kitte imasu	を きって います
MiracleAtColdstarRanch_Scene9	空腹であるにも関わらず、	kūfuku de aru ni mo kakawarazu	くうふく で ある に も かかわらず
MiracleAtColdstarRanch_Scene9	家族は	kazoku wa	かぞく は
MiracleAtColdstarRanch_Scene9	木を着飾って、	ki o kikazatte	き を きかざって
MiracleAtColdstarRanch_Scene9	を守ろうと必死です。	o mamorō to hisshi desu	を まもろう と ひっし です
Mysterium_Description	に隠された真実を凝視…	ni kakusareta shinjitsu o gyōshi	に かくされた しんじつ を ぎょうし
Mysterium_Description	信じるためにも体験してみよう！	shinjiru tame ni mo taiken shite miyō	しんじる ため に も たいけん して みよう
Mysterium_Scene10	を今夜見るように伝えなければいけません…」	o kon'ya miru yō ni tsutaenakereba ikemasen	を こんや みる よう に つたえなければ いけません
Mysterium_Scene11	睡眠中に	suiminchū ni	すいみんちゅう に
Mysterium_Scene11	自ら訪れよう！」	mizukara otozureyō	みずから おとずれよう
Mysterium_Scene5	宇宙の未知…	uchū no michi	うちゅう の みち
Mysterium_Scene5	計り知れない恐怖	hakarishirenai kyōfu	はかりしれない きょうふ
NaturalWonders_Description	を探検しましょう…	o tanken shimashō	を たんけん しましょう
NaturalWonders_Scene1	スリリングな世界を探検」	suriringu na sekai o tanken	スリリング ナ セカイ を タンケン
NaturalWonders_Scene2	島は、	shima wa	しま は
NaturalWonders_Scene2	付近の火山活動で形成され、	fukin no kazan katsudō de keisei sare	ふきん の かざん かつどう で けいせい され
NaturalWonders_Scene2	活動は今でも続いています…	katsudō wa ima demo tsuzuite imasu	かつどう は いま でも つずいて います
NaturalWonders_Scene3	南の湖の暖かい気候	minami no umi no atatakai kikō	みなみ の うみ の あたたかい きこう
NaturalWonders_Scene3	の影響で、	no eikyō de	の えいきょう で
NaturalWonders_Scene3	高水準の生物学的多様性が実現されています…	kōsuijun no seibutsugakuteki tayōsei ga jitsugen sarete imasu	こうすいじゅん の せいぶつがくてき たようせい が じつげん されて います
NaturalWonders_Scene3	要するに、	yō suru ni	よう する に
NaturalWonders_Scene3	島には生命が沢山いるのです！	shima ni wa seimei ga takusan iru no desu	しま に は せいめい が たくさん いる の です
NaturalWonders_Scene4	に移動しましょう。	ni idō shimashō	に いどう しましょう
NaturalWonders_Scene4	そして人工的な明かり	soshite jinkōteki na akari	そして じんこうてき な あかり
NaturalWonders_Scene4	でシティは形成されています。	de shiti wa keisei sarete imasu	デ シティ は ケイセイ サレテ イマス
NaturalWonders_Scene5	コンディションは厳しいですが、	kondishon wa kibishii desu ga	コンディション は キビシイ デス ガ
NaturalWonders_Scene6	名前とは裏腹に、	namae to wa urahara ni	なまえ と は うらはら に
NaturalWonders_Scene6	この土地には様々な生物群系が存在します。	kono tochi ni wa samazama na seibutsu gunkei ga sonzai shimasu	この とち に は さまざま な せいぶつ ぐんけい が そんざい します
NaturalWonders_Scene7	島は	shima wa	しま は
NaturalWonders_Scene7	で有名です！	de yūmei desu	で ゆうめい です
NaturalWonders_Scene8	に移りましょう。	ni utsurimashō	に うつりましょう
NaturalWonders_Scene9	温暖な気候の谷	ondan na kikō no tani	おんだん な きこう の たに
NaturalWonders_Scene9	は、森林に生息する生物や虫	wa shinrin ni seisoku suru seibutsu ya mushi	は しんりん に せいそく する せいぶつ や むし
NaturalWonders_Scene9	なんと美しいのでしょう！	nanto utsukushii no deshō	なんと うつくしい の でしょう
NaturalWonders_Title	：スリリングな世界を探検	suriringu na sekai o tanken	スリリング ナ セカイ を タンケン
Wumbus_Description	の生き様を描いた、	no ikizama o egaita	の いきざま を えがいた
Wumbus_Scene2	は、いつも気楽にストレッチして、	wa itsumo kiraku ni sutoretchi shite	は イツモ キラク ニ ストレッチ シテ
Wumbus_Scene2	日向ぼっこを楽しんでいます。	hinatabokko o tanoshinde imasu	ひなたぼっこ を たのしんで います
Wumbus_Scene3	彼の忠実なしもべ、	kare no chūjitsu na shimobe	かれ の ちゅうじつ な しもべ
Wumbus_Scene3	を調理しています。	o chōri shite imasu	を ちょうり して います
Wumbus_Scene4	は、甥のロッセル	wa oi no Rosseru	は オイ ノ ロッセル
Wumbus_Scene4	は星システムの文化や活動に興味があるのですが、	wa hoshi shisutemu no bunka ya katsudō ni kyōmi ga aru no desu ga	は ホシ システム ノ ブンカ ヤ カツドー ニ キョーミ ガ アル ノ デス ガ
Wumbus_Scene4	あまり面白くないようです。	amari omoshirokunai yō desu	あまり おもしろくない よう です
Wumbus_Scene6	この映画は、	kono eiga wa	この えいが は
Wumbus_Scene6	でのおかしな生活を描写しています。	de no okashi na seikatsu o byōsha shite imasu	で の おかし な せいかつ を びょうしゃ して います
Wumbus_Scene8	エンターテイメントの選択は無限にあるにも関わらず、	entāteimento no sentaku wa mugen ni aru ni mo kakawarazu	エンターテイメント ノ センタク は ムゲン ニ アル ニ モ カカワラズ
Wumbus_Scene8	は友達と一緒に	wa tomodachi to issho ni	は ともだち と いっしょ に
Wumbus_Scene8	を食べたりします。	o tabetari shimasu	を たべたり します
ZuzuCityExpress_Scene2	が氷の地方から	ga kōri no chihō kara	が こうり の ちほう から
ZuzuCityExpress_Scene2	南に最後の旅へと出ます。	minami ni saigo no tabi e to demasu	みなみ に さいご の たび へ と でます
ZuzuCityExpress_Scene3	窓の外を眺めています。	mado no soto o nagamete imasu	まど の そと を ながめて います
ZuzuCityExpress_Scene6	映画は、	eiga wa	えいが は
ZuzuCityExpress_Scene6	「理由と感情の葛藤」	riyū to kanjō no kattō	りゆう と かんじょう の かっとう
ZuzuCityExpress_Scene6	を描写しています。	o byōsha shite imasu	を びょうしゃ して います
ZuzuCityExpress_Scene7	果たして彼女は、	hatashite kanojo wa	はたして かのじょ は
ZuzuCityExpress_Scene7	理性と渇望、	risei to katsubō	りせい と かつぼう
ZuzuCityExpress_Scene7	どちらを選ぶのでしょうか？	dochira o erabu no deshō ka	どちら を えらぶ の でしょう か
ZuzuCityExpress_Scene8	その答えを知ることなく、	sono kotae o shiru koto naku	その こたえ を しる こと なく
ZuzuCityExpress_Scene8	映画は終わってしまいます…	eiga wa owatte shimaimasu	えいが は おわって しまいます
Bouncer	用心棒	yōjinbō	ようじんぼう
Governor	市長	shichō	しちょう
0	農作業	nōsagyō	のうさぎょう
0	肥料を使えば、	hiryō o tsukaeba	ひりょう を つかえば
0	作物の質をよくしたり、	sakumotsu no shitsu o yoku shitari	さくもつ の しつ を よく したり
0	成長をはやめたり、	seichō o hayametari	せいちょう を はやめたり
0	水やりの回数をへらしたりできます。 ^＊	mizuyari no kaisū o herashitari dekimasu	みずやり の かいすう を へらしたり できます
0	は育つのに1シーズンかかりますが、	wa sodatsu no ni wan shīzun kakarimasu ga	は ソダツ ノ ニ ワン シーズン カカリマス ガ
0	は、	wa	は
0	育たないので気をつけましょう。 ^＊	sodatanai node ki o tsukemashō	そだたない ので き を つけましょう
0	季節をまたぐ作物	kisetsu o matagu sakumotsu	きせつ を またぐ さくもつ
0	をのぞいて、	o nozoite	を のぞいて
0	作物は季節がおわると枯れてしまいます。 ^＊	sakumotsu wa kisetsu ga owaru to karete shimaimasu	さくもつ は きせつ が おわる と かれて しまいます
0	は、	wa	は
1	「動物たち	dōbutsu tachi	どうぶつ たち
1	はとっても繊細なんです。	wa tottemo sensai na n desu	は とっても せんさい な ん です
1	彼らは毎日なでてもらいたがりますし、	karera wa mainichi nadete moraitagarimasu shi	かれら は まいにち なでて もらいたがります し
1	ほし草よりも外にはえた牧草をこのんで食べます。	hoshikusa yori mo soto ni haeta bokusō o kononde tabemasu	ほしくさ より も そと に はえた ぼくそう を このんで たべます
1	外に出たがらない雨の日は別ですけどね。	soto ni detagaranai ame no hi wa betsu desu kedo ne	そと に でたがらない あめ の ひ は べつ です けど ね
1	動物がしあわせであればあるほど、	dōbutsu ga shiawase de areba aru hodo	どうぶつ が しあわせ で あれば ある ほど
1	質のいい生産品をとることができます！」	shitsu no ii seisanhin o toru koto ga dekimasu	しつ の いい せいさんひん を とる こと が できます
10	ああ…醸造！	ā jōzō	ああ じょうぞう
10	ゆたかな酵母の香り…	yutaka na kōbo no kaori	ゆたか な こうぼ の かおり
10	読者のみなさんは、	dokusha no minasan wa	どくしゃ の みなさん は
10	具体的な醸造のやり方に興味をおもちのことでしょう。	gutaiteki na jōzō no yarikata ni kyōmi o omochi no koto deshō	ぐたいてき な じょうぞう の やりかた に きょうみ を おもち の こと でしょう
10	醸造には、	jōzō ni wa	じょうぞう に は
10	醸造ダルの設計については、	jōzō daru no sekkei ni tsuite wa	ジョーゾー ダル ノ セッケイ ニ ツイテ は
10	醸造ダルをつかえば、	jōzō daru o tsukaeba	ジョーゾー ダル を ツカエバ
10	さまざまな飲みものをつくれます。	samazama na nomimono o tsukuremasu	さまざま な のみもの を つくれます
10	野菜を入れれば野菜ジュースに。	yasai o irereba yasai jūsu ni	ヤサイ を イレレバ ヤサイ ジュース ニ
10	できるまでの時間は、	dekiru made no jikan wa	できる まで の じかん は
10	コムギを入れてやればビールができます。	komugi o irete yareba bīru ga dekimasu	コムギ を イレテ ヤレバ ビール ガ デキマス
10	少し時間はかかりますが、	sukoshi jikan wa kakarimasu ga	すこし じかん は かかります が
10	ホップを入れれば、	hoppu o irereba	ホップ を イレレバ
10	フルーツを入れればワインができあがります。	furūtsu o irereba wain ga dekiagarimasu	フルーツ を イレレバ ワイン ガ デキアガリマス
10	ワインはできあがりまでに1番時間がかかりますが、	wain wa dekiagari made ni ichiban jikan ga kakarimasu ga	ワイン は デキアガリ マデ ニ イチバン ジカン ガ カカリマス ガ
10	良質なくだものからつくったワインはちょっとだけ価値があがります！	ryōshitsu na kudamono kara tsukutta wain wa chotto dake kachi ga agarimasu	リョーシツ ナ クダモノ カラ ツクッタ ワイン は チョット ダケ カチ ガ アガリマス
10	じっくり、しんぼうづよく待つのがだいじです…	jikkuri shinbōzuyoku matsu no ga daiji desu	じっくり しんぼうずよく まつ の が だいじ です
10	お酒は節度をまもって飲みましょう。	o-sake wa setsudo o mamotte nomimashō	おさけ は せつど を まもって のみましょう
10	さもないときっと後悔しますよ！	samonai to kitto kōkai shimasu yo	さもない と きっと こうかい します よ
11	は、	wa	は
11	自分たちのことを「スモルアヌ」と呼ぶ…	jibuntachi no koto o Sumoruanu to yobu	ジブンタチ ノ コト を スモルアヌ ト ヨブ
11	これはドワーフ語で「空の人びと」という意味だ。	kore wa dowāfugo de sora no hitobito to iu imi da	コレ は ドワーフゴ デ ソラ ノ ヒトビト ト イウ イミ ダ
11	かれらは地下に住んでいるのに、	karera wa chika ni sunde iru no ni	かれら は ちか に すんで いる の に
11	これは奇妙ではないだろうか？	kore wa kimyō de wa nai darō ka	これ は きみょう で は ない だろう か
11	もうひとつのなぞは、	mō hitotsu no nazo wa	もう ひとつ の なぞ は
11	ドワーフたちが非常にすすんだテクノロジーをもっていることだ。	dowāfu tachi ga hijō ni susunda tekunorojī o motte iru koto da	ドワーフ タチ ガ ヒジョー ニ ススンダ テクノロジー を モッテ イル コト ダ
11	同僚にはバカにされたが、	dōryō ni wa baka ni sareta ga	ドーリョー ニ は バカ ニ サレタ ガ
11	これらを手がかりとして、	korera o tegakari to shite	これら を てがかり と して
11	わたしは次のような新説をとなえる。	watashi wa tsugi no yō na shinsetsu o tonaeru	わたし は つぎ の よう な しんせつ を となえる
11	ドワーフたちは、	dowāfu tachi wa	ドワーフ タチ は
11	かつて存在した非常にすすんだ文明の生き残りで、	katsute sonzai shita hijō ni susunda bunmei no ikinokori de	かつて そんざい した ひじょう に すすんだ ぶんめい の いきのこり で
11	遠い昔に宇宙船に乗ってこの星に不時着したのではないだろうか。	tōi mukashi ni uchūsen ni notte kono hoshi ni fujichaku shita no de wa nai darō ka	とうい むかし に うちゅうせん に のって この ほし に ふじちゃく した の で は ない だろう か
11	おそらくドワーフたちが乗ってきた宇宙船は、	osoraku dowāfu tachi ga notte kita uchūsen wa	オソラク ドワーフ タチ ガ ノッテ キタ ウチューセン は
11	そしてドワーフたちは長い時をかけて、	soshite dowāfu tachi wa nagai toki o kakete	ソシテ ドワーフ タチ は ナガイ トキ を カケテ
11	あたらしい地下環境に適応したのだ。	atarashii chika kankyō ni tekiō shita no da	あたらしい ちか かんきょう に てきおう した の だ
11	同僚にはこういわれた。	dōryō ni wa kō iwareta	どうりょう に は こう いわれた
11	「じゃあなぜ彼らは、	jā naze karera wa	じゃあ なぜ かれら は
11	ドワーフが生まれた星は大気が濃く、	dowāfu ga umareta hoshi wa taiki ga koku	ドワーフ ガ ウマレタ ホシ は タイキ ガ コク
11	彼らを恒星の放射線から守っていたのではないだろうか。	karera o kōsei no hōshasen kara mamotte ita no de wa nai darō ka	かれら を こうせい の ほうしゃせん から まもって いた の で は ない だろう か
11	この星の太陽光に耐えられないのだ。	kono hoshi no taiyōkō ni taerarenai no da	この ほし の たいようこう に たえられない の だ
11	そう考えれば、	sō kangaereba	そう かんがえれば
11	彼らが夜だけ地上にあらわれては、	karera ga yoru dake chijō ni arawarete wa	かれら が よる だけ ちじょう に あらわれて は
11	人々の家からものを取っていく説明がつく… - 	hitobito no ie kara mono o totte iku setsumei ga tsuku	ひとびと の いえ から もの を とって いく せつめい が つく
12	限りなくひろがる黄金の光があった。	kagiri naku hirogaru ōgon no hikari ga atta	かぎり なく ひろがる おうごん の ひかり が あった
12	かの光はみずからのことを「ヨバ」と呼んだ。	kano hikari wa mizukara no koto o Yoba to yonda	カノ ヒカリ は ミズカラ ノ コト を ヨバ ト ヨンダ
12	ヨバは「もっと」と望んだ。	Yoba wa motto to nozonda	ヨバ は モット ト ノゾンダ
12	そしてヨバは黄金の光をかきまぜ、	soshite Yoba wa ōgon no hikari o kakimaze	ソシテ ヨバ は オーゴン ノ ヒカリ を カキマゼ
12	うずをつくった。	uzu o tsukutta	うず を つくった
12	ヨバは何度も何度もうずをかきまぜ、	Yoba wa nando mo nando mo uzu o kakimaze	ヨバ は ナンド モ ナンド モ ウズ を カキマゼ
12	その中心に穴があくまでかきまぜた。	sono chūshin ni ana ga aku made kakimazeta	その ちゅうしん に あな が あく まで かきまぜた
12	あいた穴からはタネがとびだしてきた。	aita ana kara wa tane ga tobidashite kita	アイタ アナ カラ は タネ ガ トビダシテ キタ
12	ヨバは黄金の光をひらたくならした。	Yoba wa ōgon no hikari o hiratakunarashita	ヨバ は オーゴン ノ ヒカリ を ヒラタクナラシタ
12	ヨバは何度も何度も光をならして、	Yoba wa nando mo nando mo hikari o narashite	ヨバ は ナンド モ ナンド モ ヒカリ を ナラシテ
12	ならされた光は大地になった。	narasareta hikari wa daichi ni natta	ならされた ひかり は だいち に なった
12	ヨバは大地のなかにタネをうえた。	Yoba wa daichi no naka ni tane o ueta	ヨバ は ダイチ ノ ナカ ニ タネ を ウエタ
12	タネは芽をだし、	tane wa me o dashi	タネ は メ を ダシ
12	そして、おお、見るがよい！	soshite ō miru ga yoi	そして おう みる が よい
12	芽ぶいたツルは天へのび、	mebuita tsuru wa ten e nobi	メブイタ ツル は テン へ ノビ
12	黄金の光のなかにくねり曲がった影をおとした。	ōgon no hikari no naka ni kunerimagatta kage o otoshita	おうごん の ひかり の なか に くねりまがった かげ を おとした
12	11日ののち、	jūichinichi no nochi	じゅういちにち の のち
12	ツルは果実をみのらせた。	tsuru wa kajitsu o minoraseta	ツル は カジツ を ミノラセタ
12	かしこきヨバは果実のかたい皮をむき、	kashikoki Yoba wa kajitsu no katai kawa o muki	カシコキ ヨバ は カジツ ノ カタイ カワ を ムキ
12	そのなかにあった世界をのぞき見た。	sono naka ni atta sekai o nozokimita	その なか に あった せかい を のぞきみた
12	このようにして、	kono yō ni shite	この よう に して
12	世界は創られたのである。	sekai wa tsukurareta no de aru	せかい は つくられた の で ある
13	結婚をもうしこむまえに、	kekkon o mōshikomu mae ni	けっこん を もうしこむ まえ に
13	まずは相手と何回かデートをしておきましょう。	mazu wa aite to nankai ka dēto o shite okimashō	マズ は アイテ ト ナンカイ カ デート を シテ オキマショー
13	（デートをもうしこむには、	dēto o mōshikomu ni wa	デート を モーシコム ニ は
13	相手にピエール商店で買った花束をおくりましょう）	aite ni Piēru shōten de katta hanataba o okurimashō	アイテ ニ ピエール ショーテン デ カッタ ハナタバ を オクリマショー
13	「人魚のペンダント」を手に入れましょう。	ningyo no pendanto o te ni iremashō	ニンギョ ノ ペンダント を テ ニ イレマショー
13	ペンダントをおくれば、	pendanto o okureba	ペンダント を オクレバ
13	相手はそれがプロポーズだということにすぐ気づきます。	aite wa sore ga puropōzu da to iu koto ni sugu kizukimasu	アイテ は ソレ ガ プロポーズ ダ ト イウ コト ニ スグ キズキマス
13	年老いた水夫の幽霊が、	toshioita suifu no yūrei ga	としおいた すいふ の ゆうれい が
13	ペンダントを手にしてスターデューバレーにあらわれるそうです。	pendanto o te ni shite Sutādyū Barē ni arawareru sō desu	ペンダント を テ ニ シテ スターデュー バレー ニ アラワレル ソー デス
13	パートナーはあなたの家に引っこしてきます。	pātonā wa anata no ie ni hikkoshite kimasu	パートナー は アナタ ノ イエ ニ ヒッコシテ キマス
13	パートナーへの思いやりは忘れずに。	pātonā e no omoiyari wa wasurezu ni	パートナー へ ノ オモイヤリ は ワスレズ ニ
13	プレゼントをおくれば相手は喜んでくれますよ。	purezento o okureba aite wa yorokonde kuremasu yo	プレゼント を オクレバ アイテ は ヨロコンデ クレマス ヨ
13	（寄贈：	kizō	きぞう
14	釣りにまつわるとっておきの話を聞かせてよ。	tsuri ni matsuwaru totteoki no hanashi o kikasete yo	つり に まつわる とっておき の はなし を きかせて よ
14	…なかでもあいつとは、	naka de mo aitsu to wa	なか で も あいつ と は
14	3日3晩のあいだ勝負することになった。 	mikka miban no aida shōbu suru koto ni natta	みっか みばん の あいだ しょうぶ する こと に なった
14	そう、	sō	そう
14	向こうもつよく引いてくる。	mukō mo tsuyoku hiite kuru	むこう も つよく ひいて くる
14	そしてこっちが気をゆるめたすきに、	soshite kotchi ga ki o yurumeta suki ni	そして こっち が き を ゆるめた すき に
14	ヤツはおれのボートをまっぷたつにして逃げちまったんだ。	yatsu wa ore no bōto o mappputatsu ni shite nigechimatta n da	ヤツ は オレ ノ ボート を マッップタツ ニ シテ ニゲチマッタ ン ダ
14	その日をさかいに、	sono hi o sakai ni	その ひ を さかい に
14	おれは釣りをやめたよ。	ore wa tsuri o yameta yo	おれ は つり を やめた よ
14	そんな魚を釣れる人、	sonna sakana o tsureru hito	そんな さかな を つれる ひと
14	そいつはきっと、	soitsu wa kitto	そいつ は きっと
14	釣りをきわめ、	tsuri o kiwame	つり を きわめ
14	めずらしい魚はぜんぶ釣りあげ、	mezurashii sakana wa zenbu tsuriage	めずらしい さかな は ぜんぶ つりあげ
14	その上せいのつくメシをきちんと食ったヤツにちがいないだろうな…。	sono ue sei no tsuku meshi o kichinto kutta yatsu ni chigai nai darō na	ソノ ウエ セイ ノ ツク メシ を キチント クッタ ヤツ ニ チガイ ナイ ダロー ナ
14	自然に敬意をはらうことを忘れないヤツだろうさ、	shizen ni keii o harau koto o wasurenai yatsu darō sa	シゼン ニ ケイイ を ハラウ コト を ワスレナイ ヤツ ダロー サ
14	と、父さんってこと？	to tōsan tte koto	と とうさん って こと
14	そうとも、	sō tomo	そう とも
14	（感動的な音楽。	kandōteki na ongaku	かんどうてき な おんがく
15	このマシンはほとんどゼロから結晶を生成し、	kono mashin wa hotondo zero kara kesshō o seisei shi	コノ マシン は ホトンド ゼロ カラ ケッショー を セイセイ シ
15	きちょうな宝石を無限にふやすことができるのだ！	kichō na hōseki o mugen ni fuyasu koto ga dekiru no da	きちょう な ほうせき を むげん に ふやす こと が できる の だ
15	つかい方は以下のとおり：	tsukaikata wa ika no tōri	つかいかた は いか の とうり
15	結晶コピーマシンのなかにふやしたい宝石を入れる。	kesshō kopī mashin no naka ni fuyashitai hōseki o ireru	ケッショー コピー マシン ノ ナカ ニ フヤシタイ ホーセキ を イレル
15	コピーには数日かかるため、	kopī ni wa sūjitsu kakaru tame	コピー ニ は スージツ カカル タメ
15	しんぼうづよく待とう。	shinbōzuyoku matō	しんぼうずよく まとう
15	そして、ついには、	soshite tsui ni wa	そして つい に は
15	マシンの中に何を置いたのであれ、	mashin no naka ni nani o oita no de are	マシン ノ ナカ ニ ナニ を オイタ ノ デ アレ
15	装置の動きが止まれば、	sōchi no ugoki ga tomareba	そうち の うごき が とまれば
15	できあがった宝石を取りだせば、	dekiagatta hōseki o toridaseba	できあがった ほうせき を とりだせば
15	マシンはふたたび動きだして同じ宝石を生成しはじめる。	mashin wa futatabi ugokidashite onaji hōseki o seisei shihajimeru	マシン は フタタビ ウゴキダシテ オナジ ホーセキ を セイセイ シハジメル
15	コピーする宝石の種類を変えたい場合をのぞいて、	kopī suru hōseki no shurui o kaetai baai o nozoite	コピー スル ホーセキ ノ シュルイ を カエタイ バアイ を ノゾイテ
15	コピーをつづけるのに宝石の補充は必要ない。	kopī o tsuzukeru no ni hōseki no hojū wa hitsuyō nai	コピー を ツズケル ノ ニ ホーセキ ノ ホジュー は ヒツヨー ナイ
15	結晶コピーマシンは非常にめずらしい宝石として知られる「レインボージェム」はコピーできない。	kesshō kopī mashin wa hijō ni mezurashii hōseki to shite shirareru reinbō jemu wa kopī dekinai	ケッショー コピー マシン は ヒジョー ニ メズラシイ ホーセキ ト シテ シラレル レインボー ジェム は コピー デキナイ
15	結晶コピーマシンになんらかの悪影響をあたえるようだ。	kesshō kopī mashin ni nanraka no akueikyō o ataeru yō da	ケッショー コピー マシン ニ ナンラカ ノ アクエイキョー を アタエル ヨー ダ
16	釣り人たちのあいだには、	tsuribito tachi no aida ni wa	つりびと たち の あいだ に は
16	二度とすがたをあらわさないのだという。	nidoto sugata o arawasanai no da to iu	にどと すがた を あらわさない の だ と いう
16	クリムゾンフィッシュは、	kurimuzon fisshu wa	クリムゾン フィッシュ は
16	アイスフィッシュは冬にしかすがたを見せない。	aisu fisshu wa fuyu ni shika sugata o misenai	アイス フィッシュ は フユ ニ シカ スガタ を ミセナイ
16	アンコウは町の北、	ankō wa machi no kita	アンコー は マチ ノ キタ
16	ある奇妙なうわさによると、	aru kimyō na uwasa ni yoru to	ある きみょう な うわさ に よる と
16	下水道には体がひねくれた魚が住んでいるらしい。	gesuidō ni wa karada ga hinekureta sakana ga sunde iru rashii	げすいどう に は からだ が ひねくれた さかな が すんで いる らしい
16	最後の1匹は「レジェンド」という呼び名で知られ、	saigo no ippiki wa rejendo to iu yobina de shirare	サイゴ ノ イッピキ は レジェンド ト イウ ヨビナ デ シラレ
16	これまでだれも釣りあげたことはない。	kore made dare mo tsuriageta koto wa nai	これ まで だれ も つりあげた こと は ない
16	この魚は山の湖にしずむ丸太のあいだにひそみ、	kono sakana wa yama no mizuumi ni shizumu maruta no aida ni hisomi	この さかな は やま の みずうみ に しずむ まるた の あいだ に ひそみ
16	雨がふる春の日にだけカエルのタマゴを食べにすがたをあらわすという。	ame ga furu haru no hi ni dake kaeru no tamago o tabe ni sugata o arawasu to iu	アメ ガ フル ハル ノ ヒ ニ ダケ カエル ノ タマゴ を タベ ニ スガタ を アラワス ト イウ
16	この魚を釣りあげることができるかもしれない。	kono sakana o tsuriageru koto ga dekiru kamo shirenai	この さかな を つりあげる こと が できる かも しれない
16	たえず釣りの腕をみがいていれば、	taezu tsuri no ude o migaite ireba	たえず つり の うで を みがいて いれば
16	いつかはきっとこのてごわい魚たちを釣りあげられるはずだ。	itsuka wa kitto kono tegowai sakana tachi o tsuriagerareru hazu da	いつか は きっと この てごわい さかな たち を つりあげられる はず だ
16	自然に敬意をはらうこと、	shizen ni keii o harau koto	しぜん に けいい を はらう こと
16	魚をむやみにとりすぎないこと。	sakana o muyami ni torisuginai koto	さかな を むやみ に とりすぎない こと
16	この2つを忘れずに。	kono futatsu o wasurezu ni	この ふたつ を わすれず に
17	おかしなものを見かけた。	okashi na mono o mikaketa	おかし な もの を みかけた
18	ほんとうにありがとう！	hontō ni arigatō	ほんとう に ありがとう
19	“ゴブリン”としてその名を知られる種族	goburin to shite sono na o shirareru shuzoku	ゴブリン ト シテ ソノ ナ を シラレル シュゾク
19	の起源は、	no kigen wa	の きげん は
19	遠く北西のブルーマイアヒルを越えた地だと言われている。 	tōku hokusei no Burūmaia Hiru o koeta chi da to iwarete iru	トーク ホクセイ ノ ブルーマイア ヒル を コエタ チ ダ ト イワレテ イル
19	胸の悪くなるような悪臭。	mune no waruku naru yō na akushū	むね の わるく なる よう な あくしゅう
19	彼らが持つこういった特徴のせいで、	karera ga motsu kō itta tokuchō no sei de	かれら が もつ こう いった とくちょう の せい で
19	ゴブリンとの初遭遇は時として、	goburin to no hatsu sōgū wa toki to shite	ゴブリン ト ノ ハツ ソーグー は トキ ト シテ
19	経験の少ない旅人たちを怖気づかせることがある。^^	keiken no sukunai tabibito tachi o ojikezukaseru koto ga aru	けいけん の すくない たびびと たち を おじけずかせる こと が ある
19	しかしそのぎょっとするような見た目に反して、	shikashi sono gyotto suru yō na mitame ni hanshite	しかし その ぎょっと する よう な みため に はんして
19	ゴブリンたちは人間と同じ程度の知能と感情を備えている。	goburin tachi wa ningen to onaji teido no chinō to kanjō o sonaete iru	ゴブリン タチ は ニンゲン ト オナジ テイド ノ チノー ト カンジョー を ソナエテ イル
19	人間の習慣や言語もなんなく習得してみせる。	ningen no shūkan ya gengo mo nannaku shūtoku shite miseru	にんげん の しゅうかん や げんご も なんなく しゅうとく して みせる
19	わたしが会ったことのあるゴブリンたちは、	watashi ga atta koto no aru goburin tachi wa	ワタシ ガ アッタ コト ノ アル ゴブリン タチ は
19	一度こちらから敵意がないことを示しさえすれば、	ichido kochira kara tekii ga nai koto o shimeshi sae sureba	いちど こちら から てきい が ない こと を しめし さえ すれば
19	とても親切で優しい態度を見せてくれた。	totemo shinsetsu de yasashii taido o misete kureta	とても しんせつ で やさしい たいど を みせて くれた
19	人間側からの数世紀にわたる不信と冷遇が、	ningen gawa kara no sūseiki ni wataru fushin to reigū ga	にんげん がわ から の すうせいき に わたる ふしん と れいぐう が
19	ネクロマンサーなどのかんばしくない存在たちへ仕える道を選ばせている。^^	nekuromansā nado no kanbashikunai sonzai tachi e tsukaeru michi o erabasete iru	ネクロマンサー ナド ノ カンバシクナイ ソンザイ タチ へ ツカエル ミチ を エラバセテ イル
19	伝統的なゴブリンの食事は、	dentōteki na goburin no shokuji wa	デントーテキ ナ ゴブリン ノ ショクジ は
19	様々な種の大きくてジューシーなイモ虫たちの肉を主な材料としてつくられる。	samazama na shu no ōkikute jūshī na imomushi tachi no niku o omo na zairyō to shite tsukurareru	サマザマ ナ シュ ノ オーキクテ ジューシー ナ イモムシ タチ ノ ニク を オモ ナ ザイリョー ト シテ ツクラレル
19	また特別な日には、	mata tokubetsu na hi ni wa	また とくべつ な ひ に は
19	ゴブリンたちは“ヴォイドマヨネーズ”と呼ばれる食べ物に夢中になる…	goburin tachi wa voido mayonēzu to yobareru tabemono ni muchū ni naru	ゴブリン タチ は ヴォイド マヨネーズ ト ヨバレル タベモノ ニ ムチュー ニ ナル
19	これはおそらく、	kore wa osoraku	これ は おそらく
2	地域の森や山々は、	chiiki no mori ya yamayama wa	ちいき の もり や やまやま は
2	自然のめぐみを見つけるには絶好の場所です！	shizen no megumi o mitsukeru ni wa zekkō no basho desu	しぜん の めぐみ を みつける に は ぜっこう の ばしょ です
2	よけいな岩などを取りのぞいてあげれば、	yokei na iwa nado o torinozoite agereba	よけい な いわ など を とりのぞいて あげれば
2	野生の植物を牧場で育てるひみつを知っているとか！	yasei no shokubutsu o bokujō de sodateru himitsu o shitte iru to ka	やせい の しょくぶつ を ぼくじょう で そだてる ひみつ を しって いる と か
3	どうやってそんなに魚を釣ってきたんだい？	dō yatte sonna ni sakana o tsutte kita n dai	どう やって そんな に さかな を つって きた ん だい
3	どうも、	dōmo	どうも
3	ぼくにはできそうにないや！	boku ni wa dekisō ni nai ya	ぼく に は できそう に ない や
3	まずは、	mazu wa	まず は
3	ほんものの釣り師になる覚悟を決めることさ…	honmono no tsurishi ni naru kakugo o kimeru koto sa	ほんもの の つりし に なる かくご を きめる こと さ
3	たくさん釣って釣る速度をあげることだな！	takusan tsutte tsuru sokudo o ageru koto da na	たくさん つって つる そくど を あげる こと だ な
3	釣りのスキルを上達させれば、	tsuri no sukiru o jōtatsu sasereba	ツリ ノ スキル を ジョータツ サセレバ
3	魚をすばやく釣れるようになるってこと？	sakana o subayaku tsureru yō ni naru tte koto	さかな を すばやく つれる よう に なる って こと
3	そうともさ。	sō tomo sa	そう とも さ
3	釣りの技術を高めてくれる、	tsuri no gijutsu o takamete kureru	つり の ぎじゅつ を たかめて くれる
3	自分特製の釣り具をつくるコツでもつかめるかもな。	jibun tokusei no tsurigu o tsukuru kotsu demo tsukameru kamo na	ジブン トクセイ ノ ツリグ を ツクル コツ デモ ツカメル カモ ナ
3	さあさあ、出てけ！	sā sā deteke	さあ さあ でてけ
4	鉱山はどこまでつづくのか？	kōzan wa doko made tsuzuku no ka	こうざん は どこ まで つずく の か
4	は長年にわたって考えつづけてきた。	wa naganen ni watatte kangae tsuzukete kita	は ながねん に わたって かんがえ つずけて きた
4	真実はだれも知らない。	shinjitsu wa dare mo shiranai	しんじつ は だれ も しらない
4	語られたことはない。	katarareta koto wa nai	かたられた こと は ない
4	語れるほど鉱山の奥ふかくに分けいったものたちは、	katareru hodo kōzan no oku fukaku ni wakeitta mono tachi wa	かたれる ほど こうざん の おく ふかく に わけいった もの たち は
4	鉱山のふかくまで潜り、	kōzan no fukaku made moguri	こうざん の ふかく まで もぐり
4	地上へもどってきた数名のゆうかんな冒険者たち	chijō e modotte kita sūmei no yūkan na bōkensha tachi	ちじょう へ もどって きた すうめい の ゆうかん な ぼうけんしゃ たち
4	興味ぶかい報告がされている。	kyōmibukai hōkoku ga sarete iru	きょうみぶかい ほうこく が されて いる
4	どうやら、	dōyara	どうやら
4	鉱山のなかは大きく3つのエリアにわかれており、	kōzan no naka wa ōkiku mittsu no eria ni wakarete ori	コーザン ノ ナカ は オーキク ミッツ ノ エリア ニ ワカレテ オリ
4	一部の冒険者によれば、	ichibu no bōkensha ni yoreba	いちぶ の ぼうけんしゃ に よれば
4	奇妙な生きものが生息する巨大な地下湖もあるのだという…	kimyō na ikimono ga seisoku suru kyodai na chikako mo aru no da to iu	きみょう な いきもの が せいそく する きょだい な ちかこ も ある の だ と いう
4	たしかな真実といえるものはなにもないのだ。	tashika na shinjitsu to ieru mono wa nani mo nai no da	たしか な しんじつ と いえる もの は なに も ない の だ
5	老いた牧場主の手記：	oita bokujōnushi no shuki	おいた ぼくじょうぬし の しゅき
5	ここへ住んでから1年がすぎ、	koko e sunde kara ichinen ga sugi	ここ へ すんで から いちねん が すぎ
5	わたしは地元の町に住む人々と友情をむすぶようになった。	watashi wa jimoto no machi ni sumu hitobito to yūjō o musubu yō ni natta	わたし は じもと の まち に すむ ひとびと と ゆうじょう を むすぶ よう に なった
5	友とすごすのは気分がいいものだ！	tomo to sugosu no wa kibun ga ii mono da	とも と すごす の は きぶん が いい もの だ
5	それに彼らは仲よくなると、	sore ni karera wa nakayoku naru to	それ に かれら は なかよく なる と
5	家につたわる料理のレシピを手紙でおしえてくれるのだ！	ie ni tsutawaru ryōri no reshipi o tegami de oshiete kureru no da	イエ ニ ツタワル リョーリ ノ レシピ を テガミ デ オシエテ クレル ノ ダ
6	あなたの努力の結晶をカラスが朝ごはんにしているかも！	anata no doryoku no kesshō o karasu ga asagohan ni shite iru kamo	アナタ ノ ドリョク ノ ケッショー を カラス ガ アサゴハン ニ シテ イル カモ
6	やっかいなカラスたちから作物をまもる方法はただひとつ、	yakkai na karasu tachi kara sakumotsu o mamoru hōhō wa tada hitotsu	ヤッカイ ナ カラス タチ カラ サクモツ を マモル ホーホー は タダ ヒトツ
6	畑にカカシを設置することです。	hatake ni kakashi o setchi suru koto desu	ハタケ ニ カカシ を セッチ スル コト デス
6	カカシが守れる範囲には限りがあるので、	kakashi ga mamoreru han'i ni wa kagiri ga aru node	カカシ ガ マモレル ハンイ ニ は カギリ ガ アル ノデ
6	おいはらったカラスの数をおしえてくれます。	oiharatta karasu no kazu o oshiete kuremasu	オイハラッタ カラス ノ カズ を オシエテ クレマス
6	数をチェックすれば、	kazu o chekku sureba	カズ を チェック スレバ
6	有効な場所におけているかどうかわかります。 ＊	yūkō na basho ni okete iru ka dō ka wakarimasu	ゆうこう な ばしょ に おけて いる か どう か わかります
6	「コレクション用カカシ」は見かけだけじゃありません！	korekushon yō kakashi wa mikake dake ja arimasen	コレクション ヨー カカシ は ミカケ ダケ ジャ アリマセン
7	人々はスタードロップのミステリアスなパワーに魅了されてきました…	hitobito wa sutādoroppu no misuteriasu na pawā ni miryō sarete kimashita	ヒトビト は スタードロップ ノ ミステリアス ナ パワー ニ ミリョー サレテ キマシタ
7	その起源はいまだにわかっていません！	sono kigen wa imada ni wakatte imasen	その きげん は いまだ に わかって いません
7	R. J. カトラー教授は次のように語ります。	R. J. Katorā kyōju wa tsugi no yō ni katarimasu	R. J. カトラー キョージュ は ツギ ノ ヨー ニ カタリマス
7	同じものかどうかはまだわかりません。」	onaji mono ka dō ka wa mada wakarimasen	おなじ もの か どう か は まだ わかりません
7	その起源はともかく、	sono kigen wa tomokaku	その きげん は ともかく
7	この風変わりなフルーツは非常においしいといわれています…	kono fūgawari na furūtsu wa hijō ni oishii to iwarete imasu	コノ フーガワリ ナ フルーツ は ヒジョー ニ オイシイ ト イワレテ イマス
7	食べたことで偉大な力を手に入れたと主張する人たちも存在します。	tabeta koto de idai na chikara o te ni ireta to shuchō suru hitotachi mo sonzai shimasu	たべた こと で いだい な ちから を て に いれた と しゅちょう する ひとたち も そんざい します
8	「プレーリーキング」をクリアしたプレイヤー全員に、	purērī kingu o kuria shita pureiyā zen'in ni	プレーリー キング を クリア シタ プレイヤー ゼンイン ニ
8	スペシャルな景品をお贈りします！	supesharu na keihin o o-okuri shimasu	スペシャル ナ ケイヒン を オオクリ シマス
8	ゲームの主人公は実在の人物…	gēmu no shujinkō wa jitsuzai no jinbutsu	ゲーム ノ シュジンコー は ジツザイ ノ ジンブツ
8	ジェム海にうかぶプレーリーアイランド生まれのカウボーイをモデルにして作られたとのこと！	Jemu kai ni ukabu Purērī Airando umare no kaubōi o moderu ni shite tsukurareta to no koto	ジェム カイ ニ ウカブ プレーリー アイランド ウマレ ノ カウボーイ を モデル ニ シテ ツクラレタ ト ノ コト
9	長年にわたる鉱山での調査の結果、	naganen ni wataru kōzan de no chōsa no kekka	ながねん に わたる こうざん で の ちょうさ の けっか
9	当研究の対象は、	tō kenkyū no taishō wa	とう けんきゅう の たいしょう は
9	鉱山の内部に点在する、	kōzan no naibu ni tenzai suru	こうざん の ないぶ に てんざい する
9	鉱山の外に分布する鉱物については、	kōzan no soto ni bunpu suru kōbutsu ni tsuite wa	こうざん の そと に ぶんぷ する こうぶつ に ついて は
9	まだ研究の余地がある。	mada kenkyū no yochi ga aru	まだ けんきゅう の よち が ある
9	ダイヤモンドは、	daiyamondo wa	ダイヤモンド は
9	どうやら50階より下の階層で形づくられるようだ。	dōyara gojukkai yori shita no kaisō de katachizukurareru yō da	どうやら ごじゅっかい より した の かいそう で かたちずくられる よう だ
9	ダイヤモンドをふくむ岩はおおよそ500個に1個の割合で見られる。	daiyamondo o fukumu iwa wa ōyoso gohyakko ni ikko no wariai de mirareru	ダイヤモンド を フクム イワ は オーヨソ ゴヒャッコ ニ イッコ ノ ワリアイ デ ミラレル
9	それより下では、	sore yori shita de wa	それ より した で は
9	ダイヤモンドが見られる割合は1階おりるごとに0.000016ずつ上昇していくようだ。	daiyamondo ga mirareru wariai wa ikkai oriru goto ni rei ten rei rei rei rei ichi roku zutsu jōshō shite iku yō da	ダイヤモンド ガ ミラレル ワリアイ は イッカイ オリル ゴト ニ レイ テン レイ レイ レイ レイ イチ ロク ズツ ジョーショー シテ イク ヨー ダ
9	なんと貴重な宝石だろう！ - 	nanto kichō na hōseki darō	なんと きちょう な ほうせき だろう
AdvancedTVRemote_Description	普通	futsū	ふつう
AdvancedTVRemote_Description	多い。	ōi	おうい
AdvancedTVRemote_Description	夢中な	muchū na	むちゅう な
Aerinite_Description	鉱物。	kōbutsu	こうぶつ
AgedRoe_Description	風味	fūmi	ふうみ
Alamite_Description	鉱物	kōbutsu	こうぶつ
Albacore_Description	海流	kairyū	かいりゅう
Albacore_Description	海流	kairyū	かいりゅう
AmaranthSeeds_Description	収穫	shūkaku	しゅうかく
AmaranthSeeds_Description	必要。	hitsuyō	ひつよう
AmethystRing_Description	10%	juppāsento	じゅっぱあせんと
Amethyst_Description	むらさき色をした	murasaki-iro o shita	むらさきいろ を した
Amethyst_Description	水晶	suishō	すいしょう
AmphibianFossil_Name	両生類の化石	ryōseirui no kaseki	りょうせいるい の かせき
Anchor_Description	大むかしの	ōmukashi no	おうむかし の
AncientDoll_Description	大むかしの	ōmukashi no	おうむかし の
AncientDoll_Description	人形。	ningyō	にんぎょう
AncientDoll_Description	装飾品、	sōshokuhin	そうしょくひん
AncientDoll_Description	儀式用の	gishiki-yō no	ぎしきよう の
AncientDoll_Description	人形	ningyō	にんぎょう
AncientDoll_Name	古代の人形	kodai no ningyō	こだい の にんぎょう
AncientDrum_Description	動物	dōbutsu	どうぶつ
AncientFruitPot	その根は深きに広がる…	sono ne wa fukaki ni hirogaru	その ね は ふかき に ひろがる
AncientFruitPot	そこはあまりに狭すぎるだろう。	soko wa amari ni sema sugiru darō	そこ は あまり に せま すぎる だろう
AncientSeed_Description	乾燥した	kansō shita	かんそう した
AncientSword_Description	精巧さ	seikōsa	せいこうさ
Angler_Description	習性	shūsei	しゅうせい
AppleSapling_Description	28日	nijūhachi-nichi	にじゅうはちにち
AppleSapling_Description	周囲の	shūi no	しゅうい の
Apple_Description	材料	zairyō	ざいりょう
ApricotSapling_Description	28日	nijūhachi-nichi	にじゅうはちにち
ApricotSapling_Description	周囲の	shūi no	しゅうい の
Apricot_Description	石のように	ishi no yō ni	いし の よう に
Apricot_Description	を、	o	を
AquamarineRing_Description	10%	juppāsento	じゅっぱあせんと
Aquamarine_Description	宝石。	hōseki	ほうせき
ArcticShard_Description	幻想的な	gensōteki na	げんそうてき な
ArtichokeSeeds_Description	8日	yōka	ようか
Artichoke_Description	改良した	kairyō shita	かいりょう した
BananaSapling_Description	28日	nijūhachi-nichi	にじゅうはちにち
BananaSapling_Description	通じて	tsūjite	つうじて
Banana_Description	豊富な	hōfu na	ほうふ な
BarbedHook_Description	動くようになる。	ugoku yō ni naru	うごく よう に なる
Baryte_Description	良質な	ryōshitsu na	りょうしつ な
Baryte_Description	標本	hyōhon	ひょうほん
Baryte_Description	は、	wa	は
Baryte_Name	重晶石	jūshōseki	じゅうしょうせき
Basalt_Description	溶岩	yōgan	ようがん
BasicFertilizer_Description	高品質な	kōhinshitsu na	こうひんしつ な
BasicFertilizer_Name	きほんの肥料	kihon no hiryō	きほん の ひりょう
BatteryPack_Description	貴重な	kichō na	きちょう な
BeanStarter_Description	成長	seichō	せいちょう
BeanStarter_Description	10日	tōka	とうか
BeanStarter_Description	収穫	shūkaku	しゅうかく
BeanStarter_Description	可能で。	kanō de	かのう で
BeanStarter_Description	支柱	shichū	しちゅう
Bixite_Description	鉱物。	kōbutsu	こうぶつ
Bixite_Description	形状	keijō	けいじょう
Blobfish_Description	上の方	ue no hō	うえ の ほう
BlueGrassStarter_Description	牧場	bokujō	ぼくじょう
BlueJazz_Description	球状	kyūjō	きゅうじょう
BlueberrySeeds_Description	13日	jūsan-nichi	じゅうさんにち
BlueberrySeeds_Description	収穫	shūkaku	しゅうかく
BlueberrySeeds_Description	収穫できる。	shūkaku dekiru	しゅうかく できる
BlueberryTart_Description	絶妙な	zetsumyō na	ぜつみょう な
Blueberry_Description	健康	kenkō	けんこう
Blueberry_Description	有名な	yūmei na	ゆうめい な
Blueberry_Description	栄養	eiyō	えいよう
Bomb_Description	注意！	chūi	ちゅうい
BoneFlute_Description	動物	dōbutsu	どうぶつ
BoneFlute_Description	有史以前の	yūshi izen no	ゆうし いぜん の
Book_AnimalCatalogue_Description	利用できる。	riyō dekiru	りよう できる
Book_Bombs_Description	25%	nijūgo-pāsento	にじゅうごぱあせんと
Book_Bombs_Description	減少する。	genshō suru	げんしょう する
Book_Crabbing_Description	25%	nijūgo-pāsento	にじゅうごぱあせんと
Book_Defense_Description	防御	bōgyo	ぼうぎょ
Book_Defense_Description	効果	kōka	こうか
Book_Diamonds_Description	手作業で	tesagyō de	てさぎょう で
Book_Diamonds_Description	可能性	kanōsei	かのうせい
Book_Friendship_Description	住人	jūnin	じゅうにん
Book_Marlon_Description	50%	gojuppāsento	ごじゅっぱあせんと
Book_Marlon_Name	洞窟の地図	dōkutsu no chizu	どうくつ の ちず
Book_PriceCatalogue_Description	分かるようになる。	wakaru yō ni naru	わかる よう に なる
Book_PriceCatalogue_Name	値段表	nedanhyō	ねだんひょう
Book_QueenOfSauce_Description	学ぼう。	manabō	まなぼう
Book_Riding_Description	乗馬した	jōba shita	じょうば した
Book_Roe_Name	海の宝石	umi no hōseki	うみ の ほうせき
Book_WildSeeds_Description	雑草	zassō	ざっそう
Book_WildSeeds_Description	入手できる	nyūshu dekiru	にゅうしゅ できる
Book_Woodcutting_Description	5%	go-pāsento	ごぱあせんと
Book_Woodcutting_Description	入手できる。	nyūshu dekiru	にゅうしゅ できる
BroccoliSeeds_Description	8日	yōka	ようか
BroccoliSeeds_Description	収穫する	shūkaku suru	しゅうかく する
BrokenCD_Description	大量に	tairyō ni	たいりょう に
BugSteak_Description	洞窟探検家	dōkutsu tanken-ka	どうくつ たんけんか
ButterflyPowder_Description	牧場	bokujō	ぼくじょう
CactusSeeds_Description	12日	jūni-nichi	じゅうににち
CactusSeeds_Description	その後は	sono go wa	その ご は
Calcite_Description	結晶	kesshō	けっしょう
Calcite_Description	なかには、	naka ni wa	なか に は
CampingStove_Description	料理	ryōri	りょうり
CampingStove_Description	出来るようになる。	dekiru yō ni naru	できる よう に なる
Carrot_Description	成長	seichō	せいちょう
CatalogueDescription	壁紙と床をいつでも好きなだけ注文できる。	kabegami to yuka o itsu demo suki na dake chūmon dekiru	かべがみ と ゆか を いつ でも すき な だけ ちゅうもん できる
CauliflowerSeeds_Description	12日で	jūni-nichi de	じゅうににち で
CauliflowerSeeds_Description	大きな	ōkina	おうきな
CauliflowerSeeds_Description	収穫できる。	shūkaku dekiru	しゅうかく できる
Cauliflower_Description	栄養	eiyō	えいよう
CaveCarrot_Description	洞窟	dōkutsu	どうくつ
CaveCarrot_Description	坑夫たち	kōfu-tachi	こうふたち
Celestine_Description	は、	wa	は
CheeseCauliflower_Description	最高！	saikō	さいこう
CherrySapling_Description	28日	nijūhachi-nichi	にじゅうはちにち
CherrySapling_Description	周囲の	shūi no	しゅうい の
ChewingStick_Description	は、	wa	は
ChewingStick_Description	棒	bō	ぼう
ChewingStick_Name	歯みがき棒	hamigaki bō	はみがき ぼう
ChickenStatue_Description	青銅製の	seidō-sei no	せいどうせい の
ChickenStatue_Description	彫像。	chōzō	ちょうぞう
ChickenStatue_Description	は、	wa	は
ChocolateCake_Description	濃厚で	nōkō de	のうこう で
ChocolateCake_Description	砂糖衣	satōgoromo	さとうごろも
Chowder_Description	あとは、	ato wa	あと は
Chub_Description	大食いな	ōgui na	おうぐい な
CinderShardStone_Name	噴石のかけら鉱脈	funseki no kakera kōmyaku	ふんせき の かけら こうみゃく
CinderShard_Description	からは、	kara wa	から は
ClayStone_Name	粘土鉱脈	nendo kōmyaku	ねんど こうみゃく
Clay_Description	利用できる。	riyō dekiru	りよう できる
Cloth_Description	上質な	jōshitsu na	じょうしつ な
Coconut_Description	料理	ryōri	りょうり
Coconut_Description	利用できる。	riyō dekiru	りよう できる
CoffeeBean_Description	は、	wa	は
CookoutKit_Description	料理用	ryōri-yō	りょうりよう
CookoutKit_Description	料理をしよう！	ryōri o shiyō	りょうり を しよう
CopperBar_Description	銅	dō	どう
CopperBar_Description	のべ棒。	nobebō	のべぼう
CopperBar_Name	銅ののべ棒	dō no nobebō	どう の のべぼう
CopperOre_Description	鉱石。	kōseki	こうせき
CopperOre_Description	のべ棒	nobebō	のべぼう
CopperOre_Name	銅鉱石	dō kōseki	どう こうせき
CopperStone_Description	銅鉱石	dōkōseki	どうこうせき
CopperStone_Name	銅鉱脈	dō kōmyaku	どう こうみゃく
CornSeeds_Description	14日	jūyokka	じゅうよっか
CornSeeds_Description	収穫	shūkaku	しゅうかく
CornSeeds_Description	収穫できる。	shūkaku dekiru	しゅうかく できる
Crab_Description	甲殻類。	kōkakurui	こうかくるい
CrabshellRing_Description	上部	jōbu	じょうぶ
CrabshellRing_Description	は、	wa	は
Cranberries_Description	食料	shokuryō	しょくりょう
CranberrySeeds_Description	収穫	shūkaku	しゅうかく
CranberrySeeds_Description	収穫できる。	shūkaku dekiru	しゅうかく できる
Crimsonfish_Description	浮上してくる。	fujō shite kuru	ふじょう して くる
CrispyBass_Description	最高。	saikō	さいこう
DarkTalismanDescription	を見つけた！	o mitsuketa	を みつけた
DeluxeBait_Description	大きくなる。	ōkiku naru	おうきく なる
DeluxeFertilizer_Description	大きく	ōkiku	おうきく
DeluxeFertilizer_Description	向上させて、	kōjō sasete	こうじょう させて
DeluxeFertilizer_Description	高品質な	kōhinshitsu na	こうひんしつ な
DeluxeRetainingSoil_Description	100%	hyaku-pāsento	ひゃくぱあせんと
DeluxeSpeedGro_Description	成長	seichō	せいちょう
DeluxeSpeedGro_Description	成長速度	seichō sokudo	せいちょう そくど
DeluxeSpeedGro_Description	25%	nijūgo-pāsento	にじゅうごぱあせんと
Diamond_Description	高価で	kōka de	こうか で
Diamond_Description	宝石。	hōseki	ほうせき
DinosaurEgg_Description	恐竜	kyōryū	きょうりゅう
DinosaurMayonnaise_Description	色調で	shikichō de	しきちょう で
DinosaurMayonnaise_Description	濃厚	nōkō	のうこう
DinosaurMayonnaise_Description	革のような	kawa no yō na	かわ の よう な
Dolomite_Description	鉱物。	kōbutsu	こうぶつ
DressedSpinner_Description	注意	chūi	ちゅうい
DriedStarfish_Description	状態で	jōtai de	じょうたい で
Driftwood_Name	流木	ryūboku	りゅうぼく
DuckMayonnaise_Description	濃厚な	nōkō na	のうこう な
DwarfGadget_Description	装置。	sōchi	そうち
DwarfGadget_Description	点灯しつづけていて、	tentō shitsuzukete ite	てんとう しつずけて いて
DwarfGadget_Description	起動している	kidō shite iru	きどう して いる
DwarfScrollIII_Description	羊皮紙製の	yōhishi-sei no	ようひしせい の
DwarfScrollII_Description	羊皮紙製の	yōhishi-sei no	ようひしせい の
DwarfScrollIV_Description	羊皮紙製の	yōhishi-sei no	ようひしせい の
DwarfScrollI_Description	羊皮紙製の	yōhishi-sei no	ようひしせい の
DwarvishHelm_Description	着用されている	chakuyō sarete iru	ちゃくよう されて いる
DwarvishHelm_Description	しょうにゅう石	shōnyūseki	しょうにゅうせき
EarthCrystal_Description	地表	chihyō	ちひょう
EggplantSeeds_Description	収穫	shūkaku	しゅうかく
EggplantSeeds_Description	収穫できる。	shūkaku dekiru	しゅうかく できる
Eggplant_Description	健康に	kenkō ni	けんこう に
ElvishJewelry_Description	側面には、	sokumen ni wa	そくめん に は
EmeraldRing_Description	攻撃速度	kōgeki sokudo	こうげき そくど
EmeraldRing_Description	10%	juppāsento	じゅっぱあせんと
Emerald_Description	貴重な	kichō na	きちょう な
Emerald_Description	宝石。	hōseki	ほうせき
Enricher_Description	肥料	hiryō	ひりょう
Enricher_Description	自動で	jidō de	じどう で
FairyDust_Description	加工設備、	kakō setsubi	かこう せつび
FairyDust_Description	精製装置	seisei sōchi	せいせい そうち
FairyDust_Description	加工品	kakōhin	かこうひん
FairyDust_Name	妖精の粉	yōsei no kona	ようせい の こな
FairyRose_Description	伝承	denshō	でんしょう
FairyRose_Description	妖精たち	yōsei-tachi	ようせいたち
FairySeeds_Description	12日	jūni-nichi	じゅうににち
FairyStone_Description	坑夫に	kōfu ni	こうふ に
FairyStone_Description	のなかでは、	no naka de wa	の なか で は
FairyStone_Description	妖精たち	yōsei-tachi	ようせいたち
FallSeeds_Description	野草	yasō	やそう
FarAwayStone_Description	ことができそうだ。	koto ga dekisō da	こと が できそう だ
FarmersLunch_Description	減っては	hette wa	へって は
FiberSeeds_Description	必要ない。	hitsuyō nai	ひつよう ない
FiberSeeds_Description	収穫	shūkaku	しゅうかく
FiberSeeds_Description	必要。	hitsuyō	ひつよう
FiddleheadFern_Description	野草	yasō	やそう
FieldSnack_Description	採集中の	saishūchū no	さいしゅうちゅう の
FireOpal_Description	炎のような	honō no yō na	ほのう の よう な
FireQuartz_Description	結晶。	kesshō	けっしょう
FireQuartz_Description	溶岩	yōgan	ようがん
FireworksGreen_Description	風物詩。	fūbutsushi	ふうぶつし
FireworksGreen_Description	注意！	chūi	ちゅうい
FireworksPurple_Description	風物詩。	fūbutsushi	ふうぶつし
FireworksPurple_Description	注意！	chūi	ちゅうい
FireworksRed_Description	風物詩。	fūbutsushi	ふうぶつし
FireworksRed_Description	注意！	chūi	ちゅうい
FishStew_Description	海のような	umi no yō na	うみ の よう な
Flounder_Description	両目	ryōme	りょうめ
Fluorapatite_Description	鉱物	kōbutsu	こうぶつ
FossilStone_Name	化石鉱脈	kaseki kōmyaku	かせき こうみゃく
FossilizedLeg_Description	丈夫な	jōbu na	じょうぶ な
FossilizedRibs_Description	大きな	ōkina	おうきな
FossilizedRibs_Description	動物	dōbutsu	どうぶつ
FossilizedRibs_Description	胴体	dōtai	どうたい
FossilizedSkull_Description	標本だ！	hyōhon da	ひょうほん だ
FossilizedSpine_Description	柱状に	chūjō ni	ちゅうじょう に
FossilizedTail_Description	こん棒のような	konbō no yō na	こんぼう の よう な
FrozenTear_Description	結晶。	kesshō	けっしょう
FrozenTear_Description	凍って	kōtte	こうって
FurnitureCatalogueDescription	ほぼすべての家具をいつでも好きなだけ注文できる。	hobo subete no kagu o itsu demo suki na dake chūmon dekiru	ほぼ すべて の かぐ を いつ でも すき な だけ ちゅうもん できる
GalaxySoul_Description	最終形態	saishū keitai	さいしゅう けいたい
Garlic_Description	料理	ryōri	りょうり
Garlic_Description	風味づけ	fūmizuke	ふうみずけ
GemStone_Description	鉱石、	kōseki	こうせき
GemStone_Name	宝石鉱脈	hōseki kōmyaku	ほうせき こうみゃく
Geminite_Description	鉱石	kōseki	こうせき
Geminite_Description	双子のように	futago no yō ni	ふたご の よう に
Geminite_Description	結晶した	kesshō shita	けっしょう した
Geminite_Description	良質な	ryōshitsu na	りょうしつ な
Geminite_Description	結晶群	kesshōgun	けっしょうぐん
GhostCrystal_Description	結晶	kesshō	けっしょう
GingerAle_Description	炭酸飲料。	tansan inryō	たんさん いんりょう
GingerAle_Description	調子	chōshi	ちょうし
Glacierfish_Description	氷山	hyōzan	ひょうざん
GlassShards_Description	元は	moto wa	もと は
GlassShards_Description	大むかしの	ōmukashi no	おうむかし の
GlowstoneRing_Description	収集範囲	shūshū han'i	しゅうしゅう はんい
Goby_Description	種類によっては	shurui ni yotte wa	しゅるい に よって は
GoldBar_Description	のべ棒	nobebō	のべぼう
GoldBar_Name	金ののべ棒	kin no nobebō	きん の のべぼう
GoldOre_Description	貴重な	kichō na	きちょう な
GoldOre_Description	鉱石。	kōseki	こうせき
GoldOre_Description	のべ棒	nobebō	のべぼう
GoldOre_Name	金鉱石	kin kōseki	きん こうせき
GoldStone_Description	金鉱石	kinkōseki	きんこうせき
GoldStone_Name	金鉱脈	kin kōmyaku	きん こうみゃく
GoldenAnimalCracker_Description	動物	dōbutsu	どうぶつ
GoldenAnimalCracker_Description	効果が	kōka ga	こうか が
GoldenMask_Description	黄金の	ōgon no	おうごん の
GoldenMask_Description	位置には、	ichi ni wa	いち に は
GoldenMask_Description	宝石	hōseki	ほうせき
GoldenPumpkin_Description	ないようだ。	nai yō da	ない よう だ
GoldenRelic_Description	象形文字	shōkeimoji	しょうけいもじ
GoldenRelic_Description	絵	e	へ
GoldenRelic_Description	黄金の	ōgon no	おうごん の
GoldenWalnut_Description	最高の	saikō no	さいこう の
GoldenWalnut_Description	ごちそう。	gochisō	ごちそう
GourmetTomatoSalt_Description	希少な	kishō na	きしょう な
Granite_Description	鉱物	kōbutsu	こうぶつ
Granite_Name	花こう岩	kakōgan	かこうがん
GrapeStarter_Description	収穫まで	shūkaku made	しゅうかく まで
GrapeStarter_Description	10日	tōka	とうか
GrapeStarter_Description	収穫できる。	shūkaku dekiru	しゅうかく できる
GrapeStarter_Description	支柱	shichū	しちゅう
GrassBook_Description	の中を	no naka o	の なか を
GrassBook_Description	走れるようになる。	hashireru yō ni naru	はしれる よう に なる
GrassStarter_Description	牧場	bokujō	ぼくじょう
GrassStarter_Description	牧草	bokusō	ぼくそう
GrassStarter_Description	牧草	bokusō	ぼくそう
GreenTea_Description	加工した	kakō shita	かこう した
HaleysLostBracelet_Description	家宝。	kahō	かほう
HardwoodFence_Description	頑丈。	ganjō	がんじょう
Hardwood_Description	強じんさ	kyōjinsa	きょうじんさ
Hay_Description	動物	dōbutsu	どうぶつ
Hazelnut_Description	大きい	ōkii	おうきい
Hedge_Description	柵のように	saku no yō ni	さく の よう に
Helvite_Description	三角柱の	sankakuchū no	さんかくちゅう の
Helvite_Description	結晶する	kesshō suru	けっしょう する
Helvite_Description	鉱物。	kōbutsu	こうぶつ
Hematite_Description	鉱物。	kōbutsu	こうぶつ
Hematite_Description	興味ぶかい	kyōmibukai	きょうみぶかい
HopsStarter_Description	収穫まで	shūkaku made	しゅうかく まで
HopsStarter_Description	11日	jūichi-nichi	じゅういちにち
HopsStarter_Description	収穫できる。	shūkaku dekiru	しゅうかく できる
HopsStarter_Description	支柱	shichū	しちゅう
Hops_Description	風味づけ	fūmizuke	ふうみずけ
HorseFlute_Description	使用する。	shiyō suru	しよう する
HotJavaRing_Description	大幅に	ōhaba ni	おうはば に
HyperSpeedGro_Description	成長	seichō	せいちょう
HyperSpeedGro_Description	成長速度	seichō sokudo	せいちょう そくど
HyperSpeedGro_Description	33%	sanjūsan-pāsento	さんじゅうさんぱあせんと
IcePip_Description	環境	kankyō	かんきょう
IridiumBand_Description	攻撃力	kōgekiryoku	こうげきりょく
IridiumBand_Description	10%	juppāsento	じゅっぱあせんと
IridiumBar_Description	のべ棒	nobebō	のべぼう
IridiumMilk_Description	強壮	sōsō	そうそう
IridiumOre_Description	鉱石。	kōseki	こうせき
IridiumOre_Description	興味ぶかい	kyōmibukai	きょうみぶかい
IridiumOre_Description	のべ棒	nobebō	のべぼう
IridiumSprinkler_Description	周囲の	shūi no	しゅうい の
IronBar_Description	のべ棒。	nobebō	のべぼう
IronBar_Name	鉄ののべ棒	tetsu no nobebō	てつ の のべぼう
IronOre_Description	鉱石。	kōseki	こうせき
IronOre_Description	のべ棒	nobebō	のべぼう
IronOre_Name	鉄鉱石	tekkōseki	てっこうせき
IronStone_Description	鉄鉱石	tekkōseki	てっこうせき
IronStone_Name	鉄鉱脈	tekkōmyaku	てっこうみゃく
JackOLantern_Description	風変わりな	fūgawari na	ふうがわり な
JadeRing_Description	10%	juppāsento	じゅっぱあせんと
Jade_Description	装飾	sōshoku	そうしょく
Jagoite_Description	結晶	kesshō	けっしょう
Jamborite_Description	結晶	kesshō	けっしょう
Jamborite_Description	密集している	misshū shite iru	みっしゅう して いる
Jasper_Description	鉱石。	kōseki	こうせき
Jasper_Description	数千年もの	sūsennen mo no	すうせんねん も の
Jasper_Description	珍重されてきた。	chinchō sarete kita	ちんちょう されて きた
JojaCola_Description	目玉商品。	medama shōhin	めだま しょうひん
Juice_Description	栄養たっぷりな	eiyō tappuri na	えいよう たっぷり な
KaleSeeds_Description	収穫	shūkaku	しゅうかく
KaleSeeds_Description	必要。	hitsuyō	ひつよう
Kyanite_Description	結晶	kesshō	けっしょう
Kyanite_Description	表面は、	hyōmen wa	ひょうめん は
Kyanite_Name	藍晶石	raishōseki	らいしょうせき
LavaEel_Description	溶岩	yōgan	ようがん
LegendII_Description	後継者。	kōkeisha	こうけいしゃ
Legend_Description	王！	ō	おう
LemonStone_Description	粉は、	kona wa	こな は
Lionfish_Description	攻撃的な	kōgekiteki na	こうげきてき な
LobsterBisque_Description	絶妙な	zetsumyō na	ぜつみょう な
Lobster_Description	甲殻類。	kōkakurui	こうかくるい
Lobster_Description	強烈。	kyōretsu	きょうれつ
LuckyPurpleShorts_Description	よさそう。	yosasō	よさそう
LuckyRing_Description	紋章は、	monshō wa	もんしょう は
LuckyRing_Description	幸運	kōun	こううん
LuckyRing_Name	幸運の指輪	kōun no yubiwa	こううん の ゆびわ
Lumber_Description	燃料	nenryō	ねんりょう
Lumber_Description	用途	yōto	ようと
Lunarite_Description	球状の	kyūjō no	きゅうじょう の
Lunarite_Description	結晶	kesshō	けっしょう
Machine_NeedsInputCount	{0}個必要	ko hitsuyō	こ ひつよう
MagicBait_Description	天候、	tenkō	てんこう
MagicInk	魔法の	mahō no	まほう の
MagicInkDescription	を見つけた！	o mitsuketa	を みつけた
MagicInkDescription	はやく返してあげよう。	hayaku kaeshite ageyō	はやく かえして あげよう
MagicRockCandy_Description	希少で	kishō de	きしょう で
MagicRockCandy_Description	強力な	kyōryoku na	きょうりょく な
MagmaCap_Description	溶岩湖	yōganko	ようがんこ
MagnifyingGlassDescription	を受け取った！	o uketotta	を うけとった
MagnifyingGlassDescription	これで「ひみつのメモ」を見つけられるようになった。	kore de himitsu no memo o mitsukerareru yō ni natta	コレ デ ヒミツ ノ メモ を ミツケラレル ヨー ニ ナッタ
MagnifyingGlassDescription	このメモには知る人が少ない有益な情報が記されている。	kono memo ni wa shiru hito ga sukunai yūeki na jōhō ga shirusarete iru	コノ メモ ニ は シル ヒト ガ スクナイ ユーエキ ナ ジョーホー ガ シルサレテ イル
Malachite_Description	装飾用として	sōshoku-yō toshite	そうしょくよう として
Malachite_Description	塗料	toryō	とりょう
Malachite_Description	彫刻	chōkoku	ちょうこく
Malachite_Description	材料	zairyō	ざいりょう
MangoSapling_Description	28日	nijūhachi-nichi	にじゅうはちにち
MangoSapling_Description	通じて	tsūjite	つうじて
Mango_Description	大きくて	ōkikute	おうきくて
Mango_Description	風味	fūmi	ふうみ
MapleSyrup_Description	風味	fūmi	ふうみ
Marble_Description	彫刻	chōkoku	ちょうこく
Mead_Description	発酵させた	hakkō saseta	はっこう させた
MegaBomb_Description	強力な	kyōryoku na	きょうりょく な
MegaBomb_Description	注意	chūi	ちゅうい
MegaBomb_Description	必要。	hitsuyō	ひつよう
MelonSeeds_Description	12日	jūni-nichi	じゅうににち
Melon_Description	ごちそう。	gochisō	ごちそう
MermaidsPendant_Description	渡そう。	watasō	わたそう
MidnightSquid_Description	奇妙な	kimyō na	きみょう な
MixedFlowerSeeds_Description	見てみよう！	mite miyō	みて みよう
MixedSeeds_Description	見てみよう！	mite miyō	みて みよう
Morel_Description	珍重される	chinchō sareru	ちんちょう される
MovieTicket_Description	入場	nyūjō	にゅうじょう
MovieTicket_Description	友人	yūjin	ゆうじん
MovieTicket_Description	招待します。	shōtai shimasu	しょうたい します
MsAngler_Description	生物発光する	seibutsu hakkō suru	せいぶつ はっこう する
Mudstone_Description	大むかしの	ōmukashi no	おうむかし の
MummifiedFrog_Description	は、	wa	は
MuscleRemedy_Description	飲もう。	nomō	のもう
MushroomTreeSeed_Description	農場	nōjō	のうじょう
Mussel_Description	集団で	shūdan de	しゅうだん で
MutantCarp_Description	下水道	gesuidō	げすいどう
MysticStone_Description	鉱石、	kōseki	こうせき
MysticStone_Name	神秘の鉱脈	shinpi no kōmyaku	しんぴ の こうみゃく
MysticSyrup_Description	魔法の	mahō no	まほう の
MysticSyrup_Description	効果	kōka	こうか
NautilusShell_Description	大むかしの	ōmukashi no	おうむかし の
Nekoite_Description	結晶	kesshō	けっしょう
Nekoite_Description	密集して	misshū shite	みっしゅう して
Nekoite_Description	毛のように	ke no yō ni	け の よう に
Neptunite_Description	鉱石。	kōseki	こうせき
Neptunite_Name	海王石	kaiō seki	かいおう せき
Obsidian_Description	溶岩	yōgan	ようがん
Obsidian_Description	急速に	kyūsoku ni	きゅうそく に
Obsidian_Name	黒曜石	kokuyōseki	こくようせき
Octopus_Description	知能	chinō	ちのう
Oil_Description	食用油。	shokuyōabura	しょくようあぶら
OmniGeode_Description	鉱石	kōseki	こうせき
Opal_Description	構造	kōzō	こうぞう
OrangeSapling_Description	28日	nijūhachi-nichi	にじゅうはちにち
OrangeSapling_Description	周囲の	shūi no	しゅうい の
Orange_Description	果汁たっぷりで	kajū tappuri de	かじゅう たっぷり で
OrnamentalFan_Description	高貴な	kōki na	こうき な
OrnamentalFan_Description	扇。	ōgi	おうぎ
OrnamentalFan_Description	裕福な	yūfuku na	ゆうふく な
OrnamentalFan_Description	旅行地	ryokōchi	りょこうち
OrnamentalFan_Name	かざり用の扇	kazariyō no ōgi	かざりよう の おうぎ
Orpiment_Description	猛毒の	mōdoku no	もうどく の
Orpiment_Description	製造業	seizōgyō	せいぞうぎょう
Orpiment_Description	民間療法	minkanryōhō	みんかんりょうほう
Orpiment_Description	利用されている。	riyō sarete iru	りよう されて いる
Oyster_Description	水中の	suichū no	すいちゅう の
Oyster_Description	有害な	yūgai na	ゆうがい な
PaleBroth_Description	上品な	jōhin na	じょうひん な
PalmFossil_Description	自体は	jitai wa	じたい は
PalmFossil_Description	保存状態が	hozon jōtai ga	ほぞん じょうたい が
PalmFossil_Description	標本	hyōhon	ひょうほん
ParsnipSeedPackage_SomeoneElse	この小包は他の人のもののようだ	kono kozutsumi wa hoka no hito no mono no yō da	この こずつみ は ほか の ひと の もの の よう だ
Parsnip_Description	栄養たっぷりで、	eiyō tappuri de	えいよう たっぷり で
PeachSapling_Description	28日	nijūhachi-nichi	にじゅうはちにち
PeachSapling_Description	周囲の	shūi no	しゅうい の
Peach_Description	表面	hyōmen	ひょうめん
Pearl_Description	希少な	kishō na	きしょう な
PepperSeeds_Description	収穫	shūkaku	しゅうかく
PepperSeeds_Description	収穫できる。	shūkaku dekiru	しゅうかく できる
Perch_Description	すがたを見せる	sugata o miseru	すがた を みせる
PetLicense_Description	迎えよう。	mukaeyō	むかえよう
PetrifiedSlime_Description	100000歳。	jūman-sai	じゅうまんさい
PhoenixRing_Description	戦闘で	sentō de	せんとう で
PierresMissingStocklist_Description	興味	kyōmi	きょうみ
PineTar_Description	鼻をつく。	hana o tsuku	はな を つく
PineappleSeeds_Description	気候で	kikō de	きこう で
PineappleSeeds_Description	14日	jūyokka	じゅうよっか
PineappleSeeds_Description	実をつける。	mi o tsukeru	み を つける
PlumPudding_Description	伝統的な	dentōteki na	でんとうてき な
Poi_Description	伝統的な	dentōteki na	でんとうてき な
PomegranateSapling_Description	28日	nijūhachi-nichi	にじゅうはちにち
PomegranateSapling_Description	周囲の	shūi no	しゅうい の
Poppy_Description	食用	shokuyō	しょくよう
Poppy_Description	医療用	iryō-yō	いりょうよう
Poppy_Description	利用される	riyō sareru	りよう される
PotatoSeeds_Description	収穫のとき、	shūkaku no toki	しゅうかく の とき
PotatoSeeds_Description	収穫できる	shūkaku dekiru	しゅうかく できる
PrehistoricHandaxe_Description	どうぐは、	dōgu wa	どうぐ は
PrehistoricHandaxe_Description	加工する	kakō suru	かこう する
PrehistoricRib_Description	ところをみると、	tokoro o miru to	ところ を みる と
PrehistoricRib_Description	ようだ。	yō da	よう だ
PrehistoricRib_Name	有史前のろっ骨	yūshimae no rokkotsu	ゆうしまえ の ろっこつ
PrehistoricScapula_Description	動物	dōbutsu	どうぶつ
PrehistoricScapula_Name	有史前の肩甲骨	yūshimae no kenkōkotsu	ゆうしまえ の けんこうこつ
PrehistoricSkull_Description	ほ乳類	honyūrui	ほにゅうるい
PrehistoricSkull_Name	有史前の頭がい骨	yūshimae no zugaikotsu	ゆうしまえ の ずがいこつ
PrehistoricTibia_Name	有史前のけい骨	yūshimae no keikotsu	ゆうしまえ の けいこつ
PrehistoricTool_Description	道具。	dōgu	どうぐ
PrehistoricTool_Description	ようだ。	yō da	よう だ
PrehistoricTool_Name	有史前のどうぐ	yūshimae no dōgu	ゆうしまえ の どうぐ
PrehistoricVertebra_Description	有史前に	yūshimae ni	ゆうしまえ に
PrehistoricVertebra_Description	動物	dōbutsu	どうぶつ
PrehistoricVertebra_Name	有史前の脊椎	yūshimae no sekitsui	ゆうしまえ の せきつい
PrismaticJelly_Description	希少で	kishō de	きしょう で
PrismaticShard_Description	貴重で	kichō de	きちょう で
PrizeTicket_Description	交換できる。	kōkan dekiru	こうかん できる
ProtectionRing_Description	無敵状態に	muteki jōtai ni	むてき じょうたい に
PumpkinSeeds_Description	13日	jūsan-nichi	じゅうさんにち
PumpkinSoup_Description	ごちそう。	gochisō	ごちそう
Pumpkin_Description	代表格。	daihyōkaku	だいひょうかく
Pumpkin_Description	栄養の	eiyō no	えいよう の
Pumpkin_Description	風味のいい	fūmi no ii	ふうみ の いい
PurpleBook_Description	積もう。	tsumō	つもう
PurpleMushroom_Description	洞窟	dōkutsu	どうくつ
QiBean_Description	水やりをして	mizuyari o shite	みずやり を して
QiBean_Description	育てよう。	sodateyō	そだてよう
QiFruit_Description	出荷させようとしている。	shukka saseyō to shite iru	しゅっか させよう と して いる
QiGem_Description	通貨。	tsūka	つうか
QiSeasoning_Description	料理	ryōri	りょうり
QiSeasoning_Description	調理時に	chōri-ji ni	ちょうりじ に
QiSeasoning_Description	自動で	jidō de	じどう で
QiSeasoning_Name	Qi調味料	Qi chōmiryō	Qi ちょうみりょう
QualityFertilizer_Description	高品質な	kōhinshitsu na	こうひんしつ な
QualityFertilizer_Name	高級な肥料	kōkyū na hiryō	こうきゅう な ひりょう
QualityRetainingSoil_Name	高級な保水土	kōkyū na hosuido	こうきゅう な ほすいど
QualitySprinkler_Description	周囲の	shūi no	しゅうい の
Quartz_Description	洞窟	dōkutsu	どうくつ
Quartz_Description	鉱山	kōzan	こうざん
Quartz_Description	結晶。	kesshō	けっしょう
Quartz_Name	水晶	suishō	すいしょう
RabbitsFoot_Description	幸運の	kōun no	こううん の
RadioactiveBar_Name	放射性ののべ棒	hōshasei no nobebō	ほうしゃせい の のべぼう
RadioactiveCarp_Description	有毒な	yūdoku na	ゆうどく な
RadioactiveOre_Description	のべ棒	nobebō	のべぼう
RadioactiveOre_Name	放射性の鉱石	hōshasei no kōseki	ほうしゃせい の こうせき
RadioactiveStone_Description	放射性の	hōshasei no	ほうしゃせい の
RadioactiveStone_Description	鉱石	kōseki	こうせき
RadioactiveStone_Name	放射性鉱脈	hōshasei kōmyaku	ほうしゃせい こうみゃく
RainbowTrout_Description	模様	moyō	もよう
Raisins_Description	大好物だ	daikōbutsu da	だいこうぶつ だ
RareDisc_Description	風変わりな	fūgawari na	ふうがわり な
RareDisc_Description	恐怖	kyōfu	きょうふ
RareDisc_Description	圧倒される。	attō sareru	あっとう される
RareDisc_Name	貴重な円盤	kichō na enban	きちょう な えんばん
RedCabbage_Description	状態	jōtai	じょうたい
RedMullet_Description	観賞用として	kanshō-yō toshite	かんしょうよう として
RedMushroom_Description	水玉もようの	mizutama moyō no	みずたま もよう の
RedMushroom_Description	洞窟で	dōkutsu de	どうくつ で
RedPlate_Description	効果的。	kōkateki	こうかてき
RedSnapper_Description	食用として	shokuyō toshite	しょくよう として
RefinedQuartz_Description	水晶。	suishō	すいしょう
RhubarbSeeds_Description	13日	jūsan-nichi	じゅうさんにち
Rhubarb_Description	砂糖で	satō de	さとう で
RiceShoot_Description	8日	yōka	ようか
RiceShoot_Description	成長	seichō	せいちょう
RiceShoot_Description	収穫	shūkaku	しゅうかく
RiceShoot_Description	必要。	hitsuyō	ひつよう
RoastedHazelnuts_Description	濃厚な	nōkō na	のうこう な
RoastedHazelnuts_Description	風味	fūmi	ふうみ
Roe_Description	風味	fūmi	ふうみ
RottenPlant_Description	有機物。	yūkibutsu	ゆうきぶつ
RubyRing_Description	攻撃力	kōgekiryoku	こうげきりょく
RubyRing_Description	10%	juppāsento	じゅっぱあせんと
Ruby_Description	紅色	kōshoku	こうしょく
Ruby_Description	珍重される	chinchō sareru	ちんちょう される
Ruby_Description	貴重な	kichō na	きちょう な
Ruby_Description	宝石。	hōseki	ほうせき
RustyCog_Description	大むかしの	ōmukashi no	おうむかし の
RustyCog_Description	装置	sōchi	そうち
RustyCog_Description	保存状態が	hozon jōtai ga	ほぞん じょうたい が
RustySpoon_Description	10年くらい	jūnen kurai	じゅうねん くらい
RustySpoon_Description	価値は	kachi wa	かち は
RustySpur_Description	動物	dōbutsu	どうぶつ
RustySpur_Description	証拠。	shōko	しょうこ
Sandfish_Description	習性	shūsei	しゅうせい
Sashimi_Description	料理。	ryōri	りょうり
SeaUrchin_Description	高級食材として	kōkyū shokuzai toshite	こうきゅう しょくざい として
SeafoamPudding_Description	ブリニープリンは、	burinī purin wa	ブリニー プリン は
SeafoamPudding_Description	本当に	hontō ni	ほんとう に
SeafoamPudding_Description	海洋の	kaiyō no	かいよう の
Seaweed_Description	利用できる。	riyō dekiru	りよう できる
Seaweed_Name	海草	kaisō	かいそう
SecretNote_Description	目を凝らせば	me o koraseba	め を こらせば
SecretNote_Description	内容	naiyō	ないよう
Shad_Description	成長する	seichō suru	せいちょう する
Shad_Description	時期には	jiki ni wa	じき に は
ShrimpCocktail_Description	豪華な	gōka na	ごうか な
Shrimp_Description	そうじ屋。	sōjiya	そうじや
SkeletalHand_Description	標本。	hyōhon	ひょうほん
SkillBook0_Description	農業	nōgyō	のうぎょう
SkillBook0_Description	積もう。	tsumō	つもう
SkillBook1_Description	積もう。	tsumō	つもう
SkillBook2_Description	積もう。	tsumō	つもう
SkillBook3_Description	採鉱	saikō	さいこう
SkillBook3_Description	積もう。	tsumō	つもう
SkillBook4_Description	戦闘	sentō	せんとう
SkillBook4_Description	積もう。	tsumō	つもう
Slate_Description	非常に	hijō ni	ひじょう に
Slate_Description	鉱物。	kōbutsu	こうぶつ
Slate_Description	材料に	zairyō ni	ざいりょう に
Slimejack_Description	層で	sō de	そう で
Slimejack_Description	おおっている。	ōtte iru	おうって いる
SmokedFish_CollectionsTabDescription	魚を丸一匹	sakana o maru ippiki	さかな を まる いっぴき
Snail_Description	うずまき状の	uzumakijō no	うずまきじょう の
Snail_Description	軟体動物。	nantai dōbutsu	なんたい どうぶつ
Snail_Description	世界中に	sekaijū ni	せかいじゅう に
SnakeVertebrae_Description	柔軟だった	jūnan datta	じゅうなん だった
SnakeVertebrae_Description	ようだ。	yō da	よう だ
SnowyStone_Description	鉱石、	kōseki	こうせき
SnowyStone_Name	雪鉱脈	yuki kōmyaku	ゆき こうみゃく
Soapstone_Description	由来は	yurai wa	ゆらい は
Soapstone_Description	彫刻	chōkoku	ちょうこく
Soapstone_Description	材料として	zairyō toshite	ざいりょう として
Soapstone_Description	有名。	yūmei	ゆうめい
SolarEssence_Name	光の結晶	hikari no kesshō	ひかり の けっしょう
SpangleSeeds_Description	8日	yōka	ようか
SpangleSeeds_Description	南国風の	nangokufū no	なんごくふう の
SpecialCharmDescription	を受け取った！	o uketotta	を うけとった
SpecialCharmDescription	まわりにただよう幸運のオーラを感じとれるようになった	mawari ni tadayou kōun no ōra o kanjitoreru yō ni natta	マワリ ニ タダヨウ コーウン ノ オーラ を カンジトレル ヨー ニ ナッタ
SpeedGro_Description	成長	seichō	せいちょう
SpeedGro_Description	成長速度	seichō sokudo	せいちょう そくど
SpeedGro_Description	10%	juppāsento	じゅっぱあせんと
SpicyEel_Description	気をつけよう。	ki o tsukeyō	き を つけよう
SpiritTorch_Description	理由	riyū	りゆう
SpookFish_Description	大きな	ōkina	おうきな
SpringSeeds_Description	野草	yasō	やそう
Sprinkler_Description	周囲の	shūi no	しゅうい の
SquidInkRavioli_Description	能力低下	nōryoku teika	のうりょく ていか
Squid_Description	種によっては	shu ni yotte wa	しゅ に よって は
Squid_Description	大きくなる。	ōkiku naru	おうきく なる
StarShards_Description	成り立ちは	naritachi wa	なりたち は
StarShards_Description	構造	kōzō	こうぞう
StarShards_Description	自然物としては	shizenbutsu toshite wa	しぜんぶつ として は
StarShards_Description	主張する	shuchō suru	しゅちょう する
Stardrop_Description	味は	aji wa	あじ は
Stardrop_Description	夢のようだ	yume no yō da	ゆめ の よう だ
Stardrop_Description	非常に	hijō ni	ひじょう に
StarfruitSeeds_Description	13日	jūsan-nichi	じゅうさんにち
Stingray_Description	避けようとする。	sakeyō to suru	さけよう と する
Stone_Description	材料。	zairyō	ざいりょう
Stone_Node_Description	鉱石、	kōseki	こうせき
Stonefish_Description	岩のような	iwa no yō na	いわ の よう な
StrangeBun_Description	妙な	myō na	みょう な
StrangeDoll_Name	奇妙な人形	kimyō na ningyō	きみょう な にんぎょう
StrawberrySeeds_Description	8日	yōka	ようか
StrawberrySeeds_Description	収穫	shūkaku	しゅうかく
StrawberrySeeds_Description	収穫できる。	shūkaku dekiru	しゅうかく できる
Strawberry_Description	果汁たっぷりの	kajū tappuri no	かじゅう たっぷり の
SturdyRing_Description	状態異常	jōtai ijō	じょうたい いじょう
SturdyRing_Description	効果時間	kōka jikan	こうか じかん
Sturgeon_Description	数は	kazu wa	かず は
Sturgeon_Description	150年も	hyakugojū-nen mo	ひゃくごじゅうねん も
Sugar_Description	調味料。	chōmiryō	ちょうみりょう
Sugar_Description	健康に	kenkō ni	けんこう に
Sugar_Name	砂糖	satō	さとう
SummerSeeds_Description	野草	yasō	やそう
SummerSpangle_Description	南国風の	nangokufū no	なんごくふう の
SummerSquashSeeds_Description	収穫する	shūkaku suru	しゅうかく する
SummerSquash_Description	収穫される。	shūkaku sareru	しゅうかく される
SunflowerSeeds_Description	8日で	yōka de	ようか で
SunflowerSeeds_Description	収穫する	shūkaku suru	しゅうかく する
Sunflower_Description	太陽	taiyō	たいよう
SuperCucumber_Description	むらさき色を	murasaki-iro o	むらさきいろ を
SupplyCrate_Name	供給木枠	kyōkyū kiwaku	きょうきゅう きわく
TaroRoot_Description	豊富。	hōfu	ほうふ
TaroTuber_Description	気候で	kikō de	きこう で
TaroTuber_Description	10日	tōka	とうか
TaroTuber_Description	成長	seichō	せいちょう
TeaLeaves_Description	醸造する	jōzō suru	じょうぞう する
TeaSapling_Description	最終週に	saishūshū ni	さいしゅうしゅう に
TeaSapling_Description	必要ありません。	hitsuyō arimasen	ひつよう ありません
TeaSet_Description	上品な	jōhin na	じょうひん な
TeaSet_Description	陶磁器	tōjiki	とうじき
TentKit_Description	使用できない。	shiyō dekinai	しよう できない
TigerSlimeEgg_Description	取り扱いには	toriatsukai ni wa	とりあつかい に は
TigerSlimeEgg_Description	ご注意ください！	gochūi kudasai	ごちゅうい ください
TigerTrout_Description	交配して	kōhai shite	こうはい して
TigerTrout_Description	自分では	jibun de wa	じぶん で は
Tigerseye_Description	しまもようが、	shimamoyō ga	しまもよう が
TomKhaSoup_Description	絶妙な	zetsumyō na	ぜつみょう な
TomKhaSoup_Description	風味	fūmi	ふうみ
TomatoSeeds_Description	11日	jūichi-nichi	じゅういちにち
TomatoSeeds_Description	収穫	shūkaku	しゅうかく
TomatoSeeds_Description	収穫できる。	shūkaku dekiru	しゅうかく できる
Tomato_Description	料理で	ryōri de	りょうり で
TopazRing_Description	命中率	meichūritsu	めいちゅうりつ
TopazRing_Description	10%	juppāsento	じゅっぱあせんと
Topaz_Description	レア度は	rea-do wa	レアド は
Topaz_Description	宝石。	hōseki	ほうせき
Torch_Description	周囲	shūi	しゅうい
TreasureHunter_Description	間は	aida wa	あいだ は
TreasureTotem_Description	召喚する。	shōkan suru	しょうかん する
TreeFertilizer_Description	急速な	kyūsoku na	きゅうそく な
TreeFertilizer_Description	成長	seichō	せいちょう
TreeFertilizer_Description	果樹には	kaju ni wa	かじゅ に は
TreeFertilizer_Description	効果が	kōka ga	こうか が
TreeFertilizer_Name	木の肥料	ki no hiryō	き の ひりょう
Trilobite_Description	大むかしに	ōmukashi ni	おうむかし に
Trilobite_Name	三葉虫	sanyōchū	さにょうちゅう
TrimmedLuckyPurpleShorts_Description	豪華な	gōka na	ごうか な
TripleShotEspresso_Description	通常の	tsūjō no	つうじょう の
TropicalCurry_Description	香ばしい	kōbashii	こうばしい
TroutDerbyTag_Description	賞品	shōhin	しょうひん
TroutDerbyTag_Description	交換してもらえる。	kōkan shite moraeru	こうかん して もらえる
Tulip_Description	代表格。	daihyōkaku	だいひょうかく
Tuna_Description	大きい	ōkii	おうきい
UnmilledRice_Description	通して	tōshite	とうして
VegetableMedley_Description	栄養たっぷりな	eiyō tappuri na	えいよう たっぷり な
Vinegar_Description	発酵させて	hakkō sasete	はっこう させて
Vinegar_Description	調味料。	chōmiryō	ちょうみりょう
VoidEssence_Name	闇の結晶	yami no kesshō	やみ の けっしょう
VoidGhostPendant_Description	象徴しています。	shōchō shite imasu	しょうちょう して います
VoidGhostPendant_Description	友達のように	tomodachi no yō ni	ともだち の よう に
VoidGhostPendant_Description	移動したい	idō shitai	いどう したい
VoidGhostPendant_Description	願望	ganbō	がんぼう
VoidSalmon_Description	身は、	mi wa	み は
VoidSalmon_Description	空気に	kūki ni	くうき に
VolcanoGoldNode_Description	金鉱石	kinkōseki	きんこうせき
WarMemento_Name	戦争の思い出	sensō no omoide	せんそう の おもいで
WarpTotemFarm_Description	牧場に	bokujō ni	ぼくじょう に
WarpTotemQisArena_Description	覚悟を決めて	kakugo o kimete	かくご を きめて
WarpTotemQisArena_Description	挑戦しよう！	chōsen shiyō	ちょうせん しよう
WarriorRing_Description	発動する。	hatsudō suru	はつどう する
WeddingRing_Description	伝統…	dentō	でんとう
WeddingRing_Description	牧場主	bokujōnushi	ぼくじょうぬし
Weeds_Description	雑草	zassō	ざっそう
Weeds_DryBush_Description	乾燥した	kansō shita	かんそう した
Weeds_DryBush_Name	雑草	zassō	ざっそう
Weeds_FiberOrMixedSeeds_Name	雑草	zassō	ざっそう
Weeds_FiberOrMixedSeeds_Ugly_Description	雑草。	zassō	ざっそう
Weeds_FiberOrMixedSeeds_Ugly_Name	雑草	zassō	ざっそう
Weeds_Fiber_Ugly_Description	雑草	zassō	ざっそう
Weeds_Fiber_Ugly_Name	雑草	zassō	ざっそう
Weeds_Name	雑草	zassō	ざっそう
WheatSeeds_Description	収穫	shūkaku	しゅうかく
WheatSeeds_Description	必要。	hitsuyō	ひつよう
Wheat_Description	材料に	zairyō ni	ざいりょう に
WildPlum_Description	濃厚な	nōkō na	のうこう な
WinterSeeds_Description	野草	yasō	やそう
WoodFence_Description	牧草	bokusō	ぼくそう
WoodFence_Description	動物たち	dōbutsu-tachi	どうぶつたち
Wood_Description	柔軟さ	jūnansa	じゅうなんさ
Woodskip_Description	環境	kankyō	かんきょう
YamSeeds_Description	10日	tōka	とうか
Yam_Description	料理に	ryōri ni	りょうり に
AdvancedTVRemote_Description	普通	futsū	ふつう
AdvancedTVRemote_Description	多い。	ōi	おうい
AdvancedTVRemote_Description	夢中な	muchū na	むちゅう な
Aerinite_Description	鉱物。	kōbutsu	こうぶつ
AgedRoe_Description	風味	fūmi	ふうみ
Alamite_Description	鉱物	kōbutsu	こうぶつ
Albacore_Description	海流	kairyū	かいりゅう
Albacore_Description	海流	kairyū	かいりゅう
AmaranthSeeds_Description	収穫	shūkaku	しゅうかく
AmaranthSeeds_Description	必要。	hitsuyō	ひつよう
AmethystRing_Description	10%	juppāsento	じゅっぱあせんと
Amethyst_Description	むらさき色をした	murasaki-iro o shita	むらさきいろ を した
Amethyst_Description	水晶	suishō	すいしょう
Anchor_Description	大むかしの	ōmukashi no	おうむかし の
AncientDoll_Description	大むかしの	ōmukashi no	おうむかし の
AncientDoll_Description	人形。	ningyō	にんぎょう
AncientDoll_Description	装飾品、	sōshokuhin	そうしょくひん
AncientDoll_Description	儀式用の	gishiki-yō no	ぎしきよう の
AncientDoll_Description	人形	ningyō	にんぎょう
AncientDrum_Description	動物	dōbutsu	どうぶつ
AncientSeed_Description	乾燥した	kansō shita	かんそう した
AncientSword_Description	精巧さ	seikōsa	せいこうさ
Angler_Description	習性	shūsei	しゅうせい
AppleSapling_Description	28日	nijūhachi-nichi	にじゅうはちにち
AppleSapling_Description	周囲の	shūi no	しゅうい の
Apple_Description	材料	zairyō	ざいりょう
ApricotSapling_Description	28日	nijūhachi-nichi	にじゅうはちにち
ApricotSapling_Description	周囲の	shūi no	しゅうい の
Apricot_Description	石のように	ishi no yō ni	いし の よう に
Apricot_Description	を、	o	を
AquamarineRing_Description	10%	juppāsento	じゅっぱあせんと
Aquamarine_Description	宝石。	hōseki	ほうせき
ArcticShard_Description	幻想的な	gensōteki na	げんそうてき な
ArtichokeSeeds_Description	8日	yōka	ようか
Artichoke_Description	改良した	kairyō shita	かいりょう した
BananaSapling_Description	28日	nijūhachi-nichi	にじゅうはちにち
BananaSapling_Description	通じて	tsūjite	つうじて
Banana_Description	豊富な	hōfu na	ほうふ な
BarbedHook_Description	動くようになる。	ugoku yō ni naru	うごく よう に なる
Baryte_Description	良質な	ryōshitsu na	りょうしつ な
Baryte_Description	標本	hyōhon	ひょうほん
Baryte_Description	は、	wa	は
Basalt_Description	溶岩	yōgan	ようがん
BasicFertilizer_Description	高品質な	kōhinshitsu na	こうひんしつ な
BatteryPack_Description	貴重な	kichō na	きちょう な
BeanStarter_Description	成長	seichō	せいちょう
BeanStarter_Description	10日	tōka	とうか
BeanStarter_Description	収穫	shūkaku	しゅうかく
BeanStarter_Description	可能で。	kanō de	かのう で
BeanStarter_Description	支柱	shichū	しちゅう
Bixite_Description	鉱物。	kōbutsu	こうぶつ
Bixite_Description	形状	keijō	けいじょう
Blobfish_Description	上の方	ue no hō	うえ の ほう
BlueGrassStarter_Description	牧場	bokujō	ぼくじょう
BlueJazz_Description	球状	kyūjō	きゅうじょう
BlueberrySeeds_Description	13日	jūsan-nichi	じゅうさんにち
BlueberrySeeds_Description	収穫	shūkaku	しゅうかく
BlueberrySeeds_Description	収穫できる。	shūkaku dekiru	しゅうかく できる
BlueberryTart_Description	絶妙な	zetsumyō na	ぜつみょう な
Blueberry_Description	健康	kenkō	けんこう
Blueberry_Description	有名な	yūmei na	ゆうめい な
Blueberry_Description	栄養	eiyō	えいよう
Bomb_Description	注意！	chūi	ちゅうい
BoneFlute_Description	動物	dōbutsu	どうぶつ
BoneFlute_Description	有史以前の	yūshi izen no	ゆうし いぜん の
Book_AnimalCatalogue_Description	利用できる。	riyō dekiru	りよう できる
Book_Bombs_Description	25%	nijūgo-pāsento	にじゅうごぱあせんと
Book_Bombs_Description	減少する。	genshō suru	げんしょう する
Book_Crabbing_Description	25%	nijūgo-pāsento	にじゅうごぱあせんと
Book_Defense_Description	防御	bōgyo	ぼうぎょ
Book_Defense_Description	効果	kōka	こうか
Book_Diamonds_Description	手作業で	tesagyō de	てさぎょう で
Book_Diamonds_Description	可能性	kanōsei	かのうせい
Book_Friendship_Description	住人	jūnin	じゅうにん
Book_Marlon_Description	50%	gojuppāsento	ごじゅっぱあせんと
Book_PriceCatalogue_Description	分かるようになる。	wakaru yō ni naru	わかる よう に なる
Book_QueenOfSauce_Description	学ぼう。	manabō	まなぼう
Book_Riding_Description	乗馬した	jōba shita	じょうば した
Book_WildSeeds_Description	雑草	zassō	ざっそう
Book_WildSeeds_Description	入手できる	nyūshu dekiru	にゅうしゅ できる
Book_Woodcutting_Description	5%	go-pāsento	ごぱあせんと
Book_Woodcutting_Description	入手できる。	nyūshu dekiru	にゅうしゅ できる
BroccoliSeeds_Description	8日	yōka	ようか
BroccoliSeeds_Description	収穫する	shūkaku suru	しゅうかく する
BrokenCD_Description	大量に	tairyō ni	たいりょう に
BugSteak_Description	洞窟探検家	dōkutsu tanken-ka	どうくつ たんけんか
ButterflyPowder_Description	牧場	bokujō	ぼくじょう
CactusSeeds_Description	12日	jūni-nichi	じゅうににち
CactusSeeds_Description	その後は	sono go wa	その ご は
Calcite_Description	結晶	kesshō	けっしょう
Calcite_Description	なかには、	naka ni wa	なか に は
CampingStove_Description	料理	ryōri	りょうり
CampingStove_Description	出来るようになる。	dekiru yō ni naru	できる よう に なる
Carrot_Description	成長	seichō	せいちょう
CauliflowerSeeds_Description	12日で	jūni-nichi de	じゅうににち で
CauliflowerSeeds_Description	大きな	ōkina	おうきな
CauliflowerSeeds_Description	収穫できる。	shūkaku dekiru	しゅうかく できる
Cauliflower_Description	栄養	eiyō	えいよう
CaveCarrot_Description	洞窟	dōkutsu	どうくつ
CaveCarrot_Description	坑夫たち	kōfu-tachi	こうふたち
Celestine_Description	は、	wa	は
CheeseCauliflower_Description	最高！	saikō	さいこう
CherrySapling_Description	28日	nijūhachi-nichi	にじゅうはちにち
CherrySapling_Description	周囲の	shūi no	しゅうい の
ChewingStick_Description	は、	wa	は
ChewingStick_Description	棒	bō	ぼう
ChickenStatue_Description	青銅製の	seidō-sei no	せいどうせい の
ChickenStatue_Description	彫像。	chōzō	ちょうぞう
ChickenStatue_Description	は、	wa	は
ChocolateCake_Description	濃厚で	nōkō de	のうこう で
ChocolateCake_Description	砂糖衣	satōgoromo	さとうごろも
Chowder_Description	あとは、	ato wa	あと は
Chub_Description	大食いな	ōgui na	おうぐい な
CinderShard_Description	からは、	kara wa	から は
Clay_Description	利用できる。	riyō dekiru	りよう できる
Cloth_Description	上質な	jōshitsu na	じょうしつ な
Coconut_Description	料理	ryōri	りょうり
Coconut_Description	利用できる。	riyō dekiru	りよう できる
CoffeeBean_Description	は、	wa	は
CookoutKit_Description	料理用	ryōri-yō	りょうりよう
CookoutKit_Description	料理をしよう！	ryōri o shiyō	りょうり を しよう
CopperBar_Description	銅	dō	どう
CopperBar_Description	のべ棒。	nobebō	のべぼう
CopperOre_Description	鉱石。	kōseki	こうせき
CopperOre_Description	のべ棒	nobebō	のべぼう
CopperStone_Description	銅鉱石	dōkōseki	どうこうせき
CornSeeds_Description	14日	jūyokka	じゅうよっか
CornSeeds_Description	収穫	shūkaku	しゅうかく
CornSeeds_Description	収穫できる。	shūkaku dekiru	しゅうかく できる
Crab_Description	甲殻類。	kōkakurui	こうかくるい
CrabshellRing_Description	上部	jōbu	じょうぶ
CrabshellRing_Description	は、	wa	は
Cranberries_Description	食料	shokuryō	しょくりょう
CranberrySeeds_Description	収穫	shūkaku	しゅうかく
CranberrySeeds_Description	収穫できる。	shūkaku dekiru	しゅうかく できる
Crimsonfish_Description	浮上してくる。	fujō shite kuru	ふじょう して くる
CrispyBass_Description	最高。	saikō	さいこう
DeluxeBait_Description	大きくなる。	ōkiku naru	おうきく なる
DeluxeFertilizer_Description	大きく	ōkiku	おうきく
DeluxeFertilizer_Description	向上させて、	kōjō sasete	こうじょう させて
DeluxeFertilizer_Description	高品質な	kōhinshitsu na	こうひんしつ な
DeluxeRetainingSoil_Description	100%	hyaku-pāsento	ひゃくぱあせんと
DeluxeSpeedGro_Description	成長	seichō	せいちょう
DeluxeSpeedGro_Description	成長速度	seichō sokudo	せいちょう そくど
DeluxeSpeedGro_Description	25%	nijūgo-pāsento	にじゅうごぱあせんと
Diamond_Description	高価で	kōka de	こうか で
Diamond_Description	宝石。	hōseki	ほうせき
DinosaurEgg_Description	恐竜	kyōryū	きょうりゅう
DinosaurMayonnaise_Description	色調で	shikichō de	しきちょう で
DinosaurMayonnaise_Description	濃厚	nōkō	のうこう
DinosaurMayonnaise_Description	革のような	kawa no yō na	かわ の よう な
Dolomite_Description	鉱物。	kōbutsu	こうぶつ
DressedSpinner_Description	注意	chūi	ちゅうい
DriedStarfish_Description	状態で	jōtai de	じょうたい で
DuckMayonnaise_Description	濃厚な	nōkō na	のうこう な
DwarfGadget_Description	装置。	sōchi	そうち
DwarfGadget_Description	点灯しつづけていて、	tentō shitsuzukete ite	てんとう しつずけて いて
DwarfGadget_Description	起動している	kidō shite iru	きどう して いる
DwarfScrollIII_Description	羊皮紙製の	yōhishi-sei no	ようひしせい の
DwarfScrollII_Description	羊皮紙製の	yōhishi-sei no	ようひしせい の
DwarfScrollIV_Description	羊皮紙製の	yōhishi-sei no	ようひしせい の
DwarfScrollI_Description	羊皮紙製の	yōhishi-sei no	ようひしせい の
DwarvishHelm_Description	着用されている	chakuyō sarete iru	ちゃくよう されて いる
DwarvishHelm_Description	しょうにゅう石	shōnyūseki	しょうにゅうせき
EarthCrystal_Description	地表	chihyō	ちひょう
EggplantSeeds_Description	収穫	shūkaku	しゅうかく
EggplantSeeds_Description	収穫できる。	shūkaku dekiru	しゅうかく できる
Eggplant_Description	健康に	kenkō ni	けんこう に
ElvishJewelry_Description	側面には、	sokumen ni wa	そくめん に は
EmeraldRing_Description	攻撃速度	kōgeki sokudo	こうげき そくど
EmeraldRing_Description	10%	juppāsento	じゅっぱあせんと
Emerald_Description	貴重な	kichō na	きちょう な
Emerald_Description	宝石。	hōseki	ほうせき
Enricher_Description	肥料	hiryō	ひりょう
Enricher_Description	自動で	jidō de	じどう で
FairyDust_Description	加工設備、	kakō setsubi	かこう せつび
FairyDust_Description	精製装置	seisei sōchi	せいせい そうち
FairyDust_Description	加工品	kakōhin	かこうひん
FairyRose_Description	伝承	denshō	でんしょう
FairyRose_Description	妖精たち	yōsei-tachi	ようせいたち
FairySeeds_Description	12日	jūni-nichi	じゅうににち
FairyStone_Description	坑夫に	kōfu ni	こうふ に
FairyStone_Description	のなかでは、	no naka de wa	の なか で は
FairyStone_Description	妖精たち	yōsei-tachi	ようせいたち
FallSeeds_Description	野草	yasō	やそう
FarAwayStone_Description	ことができそうだ。	koto ga dekisō da	こと が できそう だ
FarmersLunch_Description	減っては	hette wa	へって は
FiberSeeds_Description	必要ない。	hitsuyō nai	ひつよう ない
FiberSeeds_Description	収穫	shūkaku	しゅうかく
FiberSeeds_Description	必要。	hitsuyō	ひつよう
FiddleheadFern_Description	野草	yasō	やそう
FieldSnack_Description	採集中の	saishūchū no	さいしゅうちゅう の
FireOpal_Description	炎のような	honō no yō na	ほのう の よう な
FireQuartz_Description	結晶。	kesshō	けっしょう
FireQuartz_Description	溶岩	yōgan	ようがん
FireworksGreen_Description	風物詩。	fūbutsushi	ふうぶつし
FireworksGreen_Description	注意！	chūi	ちゅうい
FireworksPurple_Description	風物詩。	fūbutsushi	ふうぶつし
FireworksPurple_Description	注意！	chūi	ちゅうい
FireworksRed_Description	風物詩。	fūbutsushi	ふうぶつし
FireworksRed_Description	注意！	chūi	ちゅうい
FishStew_Description	海のような	umi no yō na	うみ の よう な
Flounder_Description	両目	ryōme	りょうめ
Fluorapatite_Description	鉱物	kōbutsu	こうぶつ
FossilizedLeg_Description	丈夫な	jōbu na	じょうぶ な
FossilizedRibs_Description	大きな	ōkina	おうきな
FossilizedRibs_Description	動物	dōbutsu	どうぶつ
FossilizedRibs_Description	胴体	dōtai	どうたい
FossilizedSkull_Description	標本だ！	hyōhon da	ひょうほん だ
FossilizedSpine_Description	柱状に	chūjō ni	ちゅうじょう に
FossilizedTail_Description	こん棒のような	konbō no yō na	こんぼう の よう な
FrozenTear_Description	結晶。	kesshō	けっしょう
FrozenTear_Description	凍って	kōtte	こうって
GalaxySoul_Description	最終形態	saishū keitai	さいしゅう けいたい
Garlic_Description	料理	ryōri	りょうり
Garlic_Description	風味づけ	fūmizuke	ふうみずけ
GemStone_Description	鉱石、	kōseki	こうせき
Geminite_Description	鉱石	kōseki	こうせき
Geminite_Description	双子のように	futago no yō ni	ふたご の よう に
Geminite_Description	結晶した	kesshō shita	けっしょう した
Geminite_Description	良質な	ryōshitsu na	りょうしつ な
Geminite_Description	結晶群	kesshōgun	けっしょうぐん
GhostCrystal_Description	結晶	kesshō	けっしょう
GingerAle_Description	炭酸飲料。	tansan inryō	たんさん いんりょう
GingerAle_Description	調子	chōshi	ちょうし
Glacierfish_Description	氷山	hyōzan	ひょうざん
GlassShards_Description	元は	moto wa	もと は
GlassShards_Description	大むかしの	ōmukashi no	おうむかし の
GlowstoneRing_Description	収集範囲	shūshū han'i	しゅうしゅう はんい
Goby_Description	種類によっては	shurui ni yotte wa	しゅるい に よって は
GoldBar_Description	のべ棒	nobebō	のべぼう
GoldOre_Description	貴重な	kichō na	きちょう な
GoldOre_Description	鉱石。	kōseki	こうせき
GoldOre_Description	のべ棒	nobebō	のべぼう
GoldStone_Description	金鉱石	kinkōseki	きんこうせき
GoldenAnimalCracker_Description	動物	dōbutsu	どうぶつ
GoldenAnimalCracker_Description	効果が	kōka ga	こうか が
GoldenMask_Description	黄金の	ōgon no	おうごん の
GoldenMask_Description	位置には、	ichi ni wa	いち に は
GoldenMask_Description	宝石	hōseki	ほうせき
GoldenPumpkin_Description	ないようだ。	nai yō da	ない よう だ
GoldenRelic_Description	象形文字	shōkeimoji	しょうけいもじ
GoldenRelic_Description	絵	e	へ
GoldenRelic_Description	黄金の	ōgon no	おうごん の
GoldenWalnut_Description	最高の	saikō no	さいこう の
GoldenWalnut_Description	ごちそう。	gochisō	ごちそう
GourmetTomatoSalt_Description	希少な	kishō na	きしょう な
Granite_Description	鉱物	kōbutsu	こうぶつ
GrapeStarter_Description	収穫まで	shūkaku made	しゅうかく まで
GrapeStarter_Description	10日	tōka	とうか
GrapeStarter_Description	収穫できる。	shūkaku dekiru	しゅうかく できる
GrapeStarter_Description	支柱	shichū	しちゅう
GrassBook_Description	の中を	no naka o	の なか を
GrassBook_Description	走れるようになる。	hashireru yō ni naru	はしれる よう に なる
GrassStarter_Description	牧場	bokujō	ぼくじょう
GrassStarter_Description	牧草	bokusō	ぼくそう
GrassStarter_Description	牧草	bokusō	ぼくそう
GreenTea_Description	加工した	kakō shita	かこう した
HaleysLostBracelet_Description	家宝。	kahō	かほう
HardwoodFence_Description	頑丈。	ganjō	がんじょう
Hardwood_Description	強じんさ	kyōjinsa	きょうじんさ
Hay_Description	動物	dōbutsu	どうぶつ
Hazelnut_Description	大きい	ōkii	おうきい
Hedge_Description	柵のように	saku no yō ni	さく の よう に
Helvite_Description	三角柱の	sankakuchū no	さんかくちゅう の
Helvite_Description	結晶する	kesshō suru	けっしょう する
Helvite_Description	鉱物。	kōbutsu	こうぶつ
Hematite_Description	鉱物。	kōbutsu	こうぶつ
Hematite_Description	興味ぶかい	kyōmibukai	きょうみぶかい
HopsStarter_Description	収穫まで	shūkaku made	しゅうかく まで
HopsStarter_Description	11日	jūichi-nichi	じゅういちにち
HopsStarter_Description	収穫できる。	shūkaku dekiru	しゅうかく できる
HopsStarter_Description	支柱	shichū	しちゅう
Hops_Description	風味づけ	fūmizuke	ふうみずけ
HorseFlute_Description	使用する。	shiyō suru	しよう する
HotJavaRing_Description	大幅に	ōhaba ni	おうはば に
HyperSpeedGro_Description	成長	seichō	せいちょう
HyperSpeedGro_Description	成長速度	seichō sokudo	せいちょう そくど
HyperSpeedGro_Description	33%	sanjūsan-pāsento	さんじゅうさんぱあせんと
IcePip_Description	環境	kankyō	かんきょう
IridiumBand_Description	攻撃力	kōgekiryoku	こうげきりょく
IridiumBand_Description	10%	juppāsento	じゅっぱあせんと
IridiumBar_Description	のべ棒	nobebō	のべぼう
IridiumMilk_Description	強壮	sōsō	そうそう
IridiumOre_Description	鉱石。	kōseki	こうせき
IridiumOre_Description	興味ぶかい	kyōmibukai	きょうみぶかい
IridiumOre_Description	のべ棒	nobebō	のべぼう
IridiumSprinkler_Description	周囲の	shūi no	しゅうい の
IronBar_Description	のべ棒。	nobebō	のべぼう
IronOre_Description	鉱石。	kōseki	こうせき
IronOre_Description	のべ棒	nobebō	のべぼう
IronStone_Description	鉄鉱石	tekkōseki	てっこうせき
JackOLantern_Description	風変わりな	fūgawari na	ふうがわり な
JadeRing_Description	10%	juppāsento	じゅっぱあせんと
Jade_Description	装飾	sōshoku	そうしょく
Jagoite_Description	結晶	kesshō	けっしょう
Jamborite_Description	結晶	kesshō	けっしょう
Jamborite_Description	密集している	misshū shite iru	みっしゅう して いる
Jasper_Description	鉱石。	kōseki	こうせき
Jasper_Description	数千年もの	sūsennen mo no	すうせんねん も の
Jasper_Description	珍重されてきた。	chinchō sarete kita	ちんちょう されて きた
JojaCola_Description	目玉商品。	medama shōhin	めだま しょうひん
Juice_Description	栄養たっぷりな	eiyō tappuri na	えいよう たっぷり な
KaleSeeds_Description	収穫	shūkaku	しゅうかく
KaleSeeds_Description	必要。	hitsuyō	ひつよう
Kyanite_Description	結晶	kesshō	けっしょう
Kyanite_Description	表面は、	hyōmen wa	ひょうめん は
LavaEel_Description	溶岩	yōgan	ようがん
LegendII_Description	後継者。	kōkeisha	こうけいしゃ
Legend_Description	王！	ō	おう
LemonStone_Description	粉は、	kona wa	こな は
Lionfish_Description	攻撃的な	kōgekiteki na	こうげきてき な
LobsterBisque_Description	絶妙な	zetsumyō na	ぜつみょう な
Lobster_Description	甲殻類。	kōkakurui	こうかくるい
Lobster_Description	強烈。	kyōretsu	きょうれつ
LuckyPurpleShorts_Description	よさそう。	yosasō	よさそう
LuckyRing_Description	紋章は、	monshō wa	もんしょう は
LuckyRing_Description	幸運	kōun	こううん
Lumber_Description	燃料	nenryō	ねんりょう
Lumber_Description	用途	yōto	ようと
Lunarite_Description	球状の	kyūjō no	きゅうじょう の
Lunarite_Description	結晶	kesshō	けっしょう
MagicBait_Description	天候、	tenkō	てんこう
MagicRockCandy_Description	希少で	kishō de	きしょう で
MagicRockCandy_Description	強力な	kyōryoku na	きょうりょく な
MagmaCap_Description	溶岩湖	yōganko	ようがんこ
Malachite_Description	装飾用として	sōshoku-yō toshite	そうしょくよう として
Malachite_Description	塗料	toryō	とりょう
Malachite_Description	彫刻	chōkoku	ちょうこく
Malachite_Description	材料	zairyō	ざいりょう
MangoSapling_Description	28日	nijūhachi-nichi	にじゅうはちにち
MangoSapling_Description	通じて	tsūjite	つうじて
Mango_Description	大きくて	ōkikute	おうきくて
Mango_Description	風味	fūmi	ふうみ
MapleSyrup_Description	風味	fūmi	ふうみ
Marble_Description	彫刻	chōkoku	ちょうこく
Mead_Description	発酵させた	hakkō saseta	はっこう させた
MegaBomb_Description	強力な	kyōryoku na	きょうりょく な
MegaBomb_Description	注意	chūi	ちゅうい
MegaBomb_Description	必要。	hitsuyō	ひつよう
MelonSeeds_Description	12日	jūni-nichi	じゅうににち
Melon_Description	ごちそう。	gochisō	ごちそう
MermaidsPendant_Description	渡そう。	watasō	わたそう
MidnightSquid_Description	奇妙な	kimyō na	きみょう な
MixedFlowerSeeds_Description	見てみよう！	mite miyō	みて みよう
MixedSeeds_Description	見てみよう！	mite miyō	みて みよう
Morel_Description	珍重される	chinchō sareru	ちんちょう される
MovieTicket_Description	入場	nyūjō	にゅうじょう
MovieTicket_Description	友人	yūjin	ゆうじん
MovieTicket_Description	招待します。	shōtai shimasu	しょうたい します
MsAngler_Description	生物発光する	seibutsu hakkō suru	せいぶつ はっこう する
Mudstone_Description	大むかしの	ōmukashi no	おうむかし の
MummifiedFrog_Description	は、	wa	は
MuscleRemedy_Description	飲もう。	nomō	のもう
MushroomTreeSeed_Description	農場	nōjō	のうじょう
Mussel_Description	集団で	shūdan de	しゅうだん で
MutantCarp_Description	下水道	gesuidō	げすいどう
MysticStone_Description	鉱石、	kōseki	こうせき
MysticSyrup_Description	魔法の	mahō no	まほう の
MysticSyrup_Description	効果	kōka	こうか
NautilusShell_Description	大むかしの	ōmukashi no	おうむかし の
Nekoite_Description	結晶	kesshō	けっしょう
Nekoite_Description	密集して	misshū shite	みっしゅう して
Nekoite_Description	毛のように	ke no yō ni	け の よう に
Neptunite_Description	鉱石。	kōseki	こうせき
Obsidian_Description	溶岩	yōgan	ようがん
Obsidian_Description	急速に	kyūsoku ni	きゅうそく に
Octopus_Description	知能	chinō	ちのう
Oil_Description	食用油。	shokuyōabura	しょくようあぶら
OmniGeode_Description	鉱石	kōseki	こうせき
Opal_Description	構造	kōzō	こうぞう
OrangeSapling_Description	28日	nijūhachi-nichi	にじゅうはちにち
OrangeSapling_Description	周囲の	shūi no	しゅうい の
Orange_Description	果汁たっぷりで	kajū tappuri de	かじゅう たっぷり で
OrnamentalFan_Description	高貴な	kōki na	こうき な
OrnamentalFan_Description	扇。	ōgi	おうぎ
OrnamentalFan_Description	裕福な	yūfuku na	ゆうふく な
OrnamentalFan_Description	旅行地	ryokōchi	りょこうち
Orpiment_Description	猛毒の	mōdoku no	もうどく の
Orpiment_Description	製造業	seizōgyō	せいぞうぎょう
Orpiment_Description	民間療法	minkanryōhō	みんかんりょうほう
Orpiment_Description	利用されている。	riyō sarete iru	りよう されて いる
Oyster_Description	水中の	suichū no	すいちゅう の
Oyster_Description	有害な	yūgai na	ゆうがい な
PaleBroth_Description	上品な	jōhin na	じょうひん な
PalmFossil_Description	自体は	jitai wa	じたい は
PalmFossil_Description	保存状態が	hozon jōtai ga	ほぞん じょうたい が
PalmFossil_Description	標本	hyōhon	ひょうほん
Parsnip_Description	栄養たっぷりで、	eiyō tappuri de	えいよう たっぷり で
PeachSapling_Description	28日	nijūhachi-nichi	にじゅうはちにち
PeachSapling_Description	周囲の	shūi no	しゅうい の
Peach_Description	表面	hyōmen	ひょうめん
Pearl_Description	希少な	kishō na	きしょう な
PepperSeeds_Description	収穫	shūkaku	しゅうかく
PepperSeeds_Description	収穫できる。	shūkaku dekiru	しゅうかく できる
Perch_Description	すがたを見せる	sugata o miseru	すがた を みせる
PetLicense_Description	迎えよう。	mukaeyō	むかえよう
PetrifiedSlime_Description	100000歳。	jūman-sai	じゅうまんさい
PhoenixRing_Description	戦闘で	sentō de	せんとう で
PierresMissingStocklist_Description	興味	kyōmi	きょうみ
PineTar_Description	鼻をつく。	hana o tsuku	はな を つく
PineappleSeeds_Description	気候で	kikō de	きこう で
PineappleSeeds_Description	14日	jūyokka	じゅうよっか
PineappleSeeds_Description	実をつける。	mi o tsukeru	み を つける
PlumPudding_Description	伝統的な	dentōteki na	でんとうてき な
Poi_Description	伝統的な	dentōteki na	でんとうてき な
PomegranateSapling_Description	28日	nijūhachi-nichi	にじゅうはちにち
PomegranateSapling_Description	周囲の	shūi no	しゅうい の
Poppy_Description	食用	shokuyō	しょくよう
Poppy_Description	医療用	iryō-yō	いりょうよう
Poppy_Description	利用される	riyō sareru	りよう される
PotatoSeeds_Description	収穫のとき、	shūkaku no toki	しゅうかく の とき
PotatoSeeds_Description	収穫できる	shūkaku dekiru	しゅうかく できる
PrehistoricHandaxe_Description	どうぐは、	dōgu wa	どうぐ は
PrehistoricHandaxe_Description	加工する	kakō suru	かこう する
PrehistoricRib_Description	ところをみると、	tokoro o miru to	ところ を みる と
PrehistoricRib_Description	ようだ。	yō da	よう だ
PrehistoricScapula_Description	動物	dōbutsu	どうぶつ
PrehistoricSkull_Description	ほ乳類	honyūrui	ほにゅうるい
PrehistoricTool_Description	道具。	dōgu	どうぐ
PrehistoricTool_Description	ようだ。	yō da	よう だ
PrehistoricVertebra_Description	有史前に	yūshimae ni	ゆうしまえ に
PrehistoricVertebra_Description	動物	dōbutsu	どうぶつ
PrismaticJelly_Description	希少で	kishō de	きしょう で
PrismaticShard_Description	貴重で	kichō de	きちょう で
PrizeTicket_Description	交換できる。	kōkan dekiru	こうかん できる
ProtectionRing_Description	無敵状態に	muteki jōtai ni	むてき じょうたい に
PumpkinSeeds_Description	13日	jūsan-nichi	じゅうさんにち
PumpkinSoup_Description	ごちそう。	gochisō	ごちそう
Pumpkin_Description	代表格。	daihyōkaku	だいひょうかく
Pumpkin_Description	栄養の	eiyō no	えいよう の
Pumpkin_Description	風味のいい	fūmi no ii	ふうみ の いい
PurpleBook_Description	積もう。	tsumō	つもう
PurpleMushroom_Description	洞窟	dōkutsu	どうくつ
QiBean_Description	水やりをして	mizuyari o shite	みずやり を して
QiBean_Description	育てよう。	sodateyō	そだてよう
QiFruit_Description	出荷させようとしている。	shukka saseyō to shite iru	しゅっか させよう と して いる
QiGem_Description	通貨。	tsūka	つうか
QiSeasoning_Description	料理	ryōri	りょうり
QiSeasoning_Description	調理時に	chōri-ji ni	ちょうりじ に
QiSeasoning_Description	自動で	jidō de	じどう で
QualityFertilizer_Description	高品質な	kōhinshitsu na	こうひんしつ な
QualitySprinkler_Description	周囲の	shūi no	しゅうい の
Quartz_Description	洞窟	dōkutsu	どうくつ
Quartz_Description	鉱山	kōzan	こうざん
Quartz_Description	結晶。	kesshō	けっしょう
RabbitsFoot_Description	幸運の	kōun no	こううん の
RadioactiveCarp_Description	有毒な	yūdoku na	ゆうどく な
RadioactiveOre_Description	のべ棒	nobebō	のべぼう
RadioactiveStone_Description	放射性の	hōshasei no	ほうしゃせい の
RadioactiveStone_Description	鉱石	kōseki	こうせき
RainbowTrout_Description	模様	moyō	もよう
Raisins_Description	大好物だ	daikōbutsu da	だいこうぶつ だ
RareDisc_Description	風変わりな	fūgawari na	ふうがわり な
RareDisc_Description	恐怖	kyōfu	きょうふ
RareDisc_Description	圧倒される。	attō sareru	あっとう される
RedCabbage_Description	状態	jōtai	じょうたい
RedMullet_Description	観賞用として	kanshō-yō toshite	かんしょうよう として
RedMushroom_Description	水玉もようの	mizutama moyō no	みずたま もよう の
RedMushroom_Description	洞窟で	dōkutsu de	どうくつ で
RedPlate_Description	効果的。	kōkateki	こうかてき
RedSnapper_Description	食用として	shokuyō toshite	しょくよう として
RefinedQuartz_Description	水晶。	suishō	すいしょう
RhubarbSeeds_Description	13日	jūsan-nichi	じゅうさんにち
Rhubarb_Description	砂糖で	satō de	さとう で
RiceShoot_Description	8日	yōka	ようか
RiceShoot_Description	成長	seichō	せいちょう
RiceShoot_Description	収穫	shūkaku	しゅうかく
RiceShoot_Description	必要。	hitsuyō	ひつよう
RoastedHazelnuts_Description	濃厚な	nōkō na	のうこう な
RoastedHazelnuts_Description	風味	fūmi	ふうみ
Roe_Description	風味	fūmi	ふうみ
RottenPlant_Description	有機物。	yūkibutsu	ゆうきぶつ
RubyRing_Description	攻撃力	kōgekiryoku	こうげきりょく
RubyRing_Description	10%	juppāsento	じゅっぱあせんと
Ruby_Description	紅色	kōshoku	こうしょく
Ruby_Description	珍重される	chinchō sareru	ちんちょう される
Ruby_Description	貴重な	kichō na	きちょう な
Ruby_Description	宝石。	hōseki	ほうせき
RustyCog_Description	大むかしの	ōmukashi no	おうむかし の
RustyCog_Description	装置	sōchi	そうち
RustyCog_Description	保存状態が	hozon jōtai ga	ほぞん じょうたい が
RustySpoon_Description	10年くらい	jūnen kurai	じゅうねん くらい
RustySpoon_Description	価値は	kachi wa	かち は
RustySpur_Description	動物	dōbutsu	どうぶつ
RustySpur_Description	証拠。	shōko	しょうこ
Sandfish_Description	習性	shūsei	しゅうせい
Sashimi_Description	料理。	ryōri	りょうり
SeaUrchin_Description	高級食材として	kōkyū shokuzai toshite	こうきゅう しょくざい として
SeafoamPudding_Description	ブリニープリンは、	burinī purin wa	ブリニー プリン は
SeafoamPudding_Description	本当に	hontō ni	ほんとう に
SeafoamPudding_Description	海洋の	kaiyō no	かいよう の
Seaweed_Description	利用できる。	riyō dekiru	りよう できる
SecretNote_Description	目を凝らせば	me o koraseba	め を こらせば
SecretNote_Description	内容	naiyō	ないよう
Shad_Description	成長する	seichō suru	せいちょう する
Shad_Description	時期には	jiki ni wa	じき に は
ShrimpCocktail_Description	豪華な	gōka na	ごうか な
Shrimp_Description	そうじ屋。	sōjiya	そうじや
SkeletalHand_Description	標本。	hyōhon	ひょうほん
SkillBook0_Description	農業	nōgyō	のうぎょう
SkillBook0_Description	積もう。	tsumō	つもう
SkillBook1_Description	積もう。	tsumō	つもう
SkillBook2_Description	積もう。	tsumō	つもう
SkillBook3_Description	採鉱	saikō	さいこう
SkillBook3_Description	積もう。	tsumō	つもう
SkillBook4_Description	戦闘	sentō	せんとう
SkillBook4_Description	積もう。	tsumō	つもう
Slate_Description	非常に	hijō ni	ひじょう に
Slate_Description	鉱物。	kōbutsu	こうぶつ
Slate_Description	材料に	zairyō ni	ざいりょう に
Slimejack_Description	層で	sō de	そう で
Slimejack_Description	おおっている。	ōtte iru	おうって いる
Snail_Description	うずまき状の	uzumakijō no	うずまきじょう の
Snail_Description	軟体動物。	nantai dōbutsu	なんたい どうぶつ
Snail_Description	世界中に	sekaijū ni	せかいじゅう に
SnakeVertebrae_Description	柔軟だった	jūnan datta	じゅうなん だった
SnakeVertebrae_Description	ようだ。	yō da	よう だ
SnowyStone_Description	鉱石、	kōseki	こうせき
Soapstone_Description	由来は	yurai wa	ゆらい は
Soapstone_Description	彫刻	chōkoku	ちょうこく
Soapstone_Description	材料として	zairyō toshite	ざいりょう として
Soapstone_Description	有名。	yūmei	ゆうめい
SpangleSeeds_Description	8日	yōka	ようか
SpangleSeeds_Description	南国風の	nangokufū no	なんごくふう の
SpeedGro_Description	成長	seichō	せいちょう
SpeedGro_Description	成長速度	seichō sokudo	せいちょう そくど
SpeedGro_Description	10%	juppāsento	じゅっぱあせんと
SpicyEel_Description	気をつけよう。	ki o tsukeyō	き を つけよう
SpiritTorch_Description	理由	riyū	りゆう
SpookFish_Description	大きな	ōkina	おうきな
SpringSeeds_Description	野草	yasō	やそう
Sprinkler_Description	周囲の	shūi no	しゅうい の
SquidInkRavioli_Description	能力低下	nōryoku teika	のうりょく ていか
Squid_Description	種によっては	shu ni yotte wa	しゅ に よって は
Squid_Description	大きくなる。	ōkiku naru	おうきく なる
StarShards_Description	成り立ちは	naritachi wa	なりたち は
StarShards_Description	構造	kōzō	こうぞう
StarShards_Description	自然物としては	shizenbutsu toshite wa	しぜんぶつ として は
StarShards_Description	主張する	shuchō suru	しゅちょう する
Stardrop_Description	味は	aji wa	あじ は
Stardrop_Description	夢のようだ	yume no yō da	ゆめ の よう だ
Stardrop_Description	非常に	hijō ni	ひじょう に
StarfruitSeeds_Description	13日	jūsan-nichi	じゅうさんにち
Stingray_Description	避けようとする。	sakeyō to suru	さけよう と する
Stone_Description	材料。	zairyō	ざいりょう
Stone_Node_Description	鉱石、	kōseki	こうせき
Stonefish_Description	岩のような	iwa no yō na	いわ の よう な
StrangeBun_Description	妙な	myō na	みょう な
StrawberrySeeds_Description	8日	yōka	ようか
StrawberrySeeds_Description	収穫	shūkaku	しゅうかく
StrawberrySeeds_Description	収穫できる。	shūkaku dekiru	しゅうかく できる
Strawberry_Description	果汁たっぷりの	kajū tappuri no	かじゅう たっぷり の
SturdyRing_Description	状態異常	jōtai ijō	じょうたい いじょう
SturdyRing_Description	効果時間	kōka jikan	こうか じかん
Sturgeon_Description	数は	kazu wa	かず は
Sturgeon_Description	150年も	hyakugojū-nen mo	ひゃくごじゅうねん も
Sugar_Description	調味料。	chōmiryō	ちょうみりょう
Sugar_Description	健康に	kenkō ni	けんこう に
SummerSeeds_Description	野草	yasō	やそう
SummerSpangle_Description	南国風の	nangokufū no	なんごくふう の
SummerSquashSeeds_Description	収穫する	shūkaku suru	しゅうかく する
SummerSquash_Description	収穫される。	shūkaku sareru	しゅうかく される
SunflowerSeeds_Description	8日で	yōka de	ようか で
SunflowerSeeds_Description	収穫する	shūkaku suru	しゅうかく する
Sunflower_Description	太陽	taiyō	たいよう
SuperCucumber_Description	むらさき色を	murasaki-iro o	むらさきいろ を
TaroRoot_Description	豊富。	hōfu	ほうふ
TaroTuber_Description	気候で	kikō de	きこう で
TaroTuber_Description	10日	tōka	とうか
TaroTuber_Description	成長	seichō	せいちょう
TeaLeaves_Description	醸造する	jōzō suru	じょうぞう する
TeaSapling_Description	最終週に	saishūshū ni	さいしゅうしゅう に
TeaSapling_Description	必要ありません。	hitsuyō arimasen	ひつよう ありません
TeaSet_Description	上品な	jōhin na	じょうひん な
TeaSet_Description	陶磁器	tōjiki	とうじき
TentKit_Description	使用できない。	shiyō dekinai	しよう できない
TigerSlimeEgg_Description	取り扱いには	toriatsukai ni wa	とりあつかい に は
TigerSlimeEgg_Description	ご注意ください！	gochūi kudasai	ごちゅうい ください
TigerTrout_Description	交配して	kōhai shite	こうはい して
TigerTrout_Description	自分では	jibun de wa	じぶん で は
Tigerseye_Description	しまもようが、	shimamoyō ga	しまもよう が
TomKhaSoup_Description	絶妙な	zetsumyō na	ぜつみょう な
TomKhaSoup_Description	風味	fūmi	ふうみ
TomatoSeeds_Description	11日	jūichi-nichi	じゅういちにち
TomatoSeeds_Description	収穫	shūkaku	しゅうかく
TomatoSeeds_Description	収穫できる。	shūkaku dekiru	しゅうかく できる
Tomato_Description	料理で	ryōri de	りょうり で
TopazRing_Description	命中率	meichūritsu	めいちゅうりつ
TopazRing_Description	10%	juppāsento	じゅっぱあせんと
Topaz_Description	レア度は	rea-do wa	レアド は
Topaz_Description	宝石。	hōseki	ほうせき
Torch_Description	周囲	shūi	しゅうい
TreasureHunter_Description	間は	aida wa	あいだ は
TreasureTotem_Description	召喚する。	shōkan suru	しょうかん する
TreeFertilizer_Description	急速な	kyūsoku na	きゅうそく な
TreeFertilizer_Description	成長	seichō	せいちょう
TreeFertilizer_Description	果樹には	kaju ni wa	かじゅ に は
TreeFertilizer_Description	効果が	kōka ga	こうか が
Trilobite_Description	大むかしに	ōmukashi ni	おうむかし に
TrimmedLuckyPurpleShorts_Description	豪華な	gōka na	ごうか な
TripleShotEspresso_Description	通常の	tsūjō no	つうじょう の
TropicalCurry_Description	香ばしい	kōbashii	こうばしい
TroutDerbyTag_Description	賞品	shōhin	しょうひん
TroutDerbyTag_Description	交換してもらえる。	kōkan shite moraeru	こうかん して もらえる
Tulip_Description	代表格。	daihyōkaku	だいひょうかく
Tuna_Description	大きい	ōkii	おうきい
UnmilledRice_Description	通して	tōshite	とうして
VegetableMedley_Description	栄養たっぷりな	eiyō tappuri na	えいよう たっぷり な
Vinegar_Description	発酵させて	hakkō sasete	はっこう させて
Vinegar_Description	調味料。	chōmiryō	ちょうみりょう
VoidGhostPendant_Description	象徴しています。	shōchō shite imasu	しょうちょう して います
VoidGhostPendant_Description	友達のように	tomodachi no yō ni	ともだち の よう に
VoidGhostPendant_Description	移動したい	idō shitai	いどう したい
VoidGhostPendant_Description	願望	ganbō	がんぼう
VoidSalmon_Description	身は、	mi wa	み は
VoidSalmon_Description	空気に	kūki ni	くうき に
VolcanoGoldNode_Description	金鉱石	kinkōseki	きんこうせき
WarpTotemFarm_Description	牧場に	bokujō ni	ぼくじょう に
WarpTotemQisArena_Description	覚悟を決めて	kakugo o kimete	かくご を きめて
WarpTotemQisArena_Description	挑戦しよう！	chōsen shiyō	ちょうせん しよう
WarriorRing_Description	発動する。	hatsudō suru	はつどう する
WeddingRing_Description	伝統…	dentō	でんとう
WeddingRing_Description	牧場主	bokujōnushi	ぼくじょうぬし
Weeds_Description	雑草	zassō	ざっそう
Weeds_DryBush_Description	乾燥した	kansō shita	かんそう した
Weeds_FiberOrMixedSeeds_Ugly_Description	雑草。	zassō	ざっそう
Weeds_Fiber_Ugly_Description	雑草	zassō	ざっそう
WheatSeeds_Description	収穫	shūkaku	しゅうかく
WheatSeeds_Description	必要。	hitsuyō	ひつよう
Wheat_Description	材料に	zairyō ni	ざいりょう に
WildPlum_Description	濃厚な	nōkō na	のうこう な
WinterSeeds_Description	野草	yasō	やそう
WoodFence_Description	牧草	bokusō	ぼくそう
WoodFence_Description	動物たち	dōbutsu-tachi	どうぶつたち
Wood_Description	柔軟さ	jūnansa	じゅうなんさ
Woodskip_Description	環境	kankyō	かんきょう
YamSeeds_Description	10日	tōka	とうか
Yam_Description	料理に	ryōri ni	りょうり に
AdvancedTVRemote_Name	高機能	kōkinō	こうきのう
AmethystStone_Name	鉱脈	kōmyaku	こうみゃく
AmphibianFossil_Name	両生類	ryōseirui	りょうせいるい
AncientDoll_Name	人形	ningyō	にんぎょう
AquamarineStone_Name	鉱脈	kōmyaku	こうみゃく
Baryte_Name	重晶石	jūshōseki	じゅうしょうせき
BasicFertilizer_Name	肥料	hiryō	ひりょう
Book_AnimalCatalogue_Name	動物	dōbutsu	どうぶつ
Book_Artifact_Name	秘宝	hihō	ひほう
Book_Marlon_Name	洞窟	dōkutsu	どうくつ
Book_PriceCatalogue_Name	値段表	nedanhyō	ねだんひょう
Book_QueenOfSauce_Name	女王	joō	じょおう
Book_QueenOfSauce_Name	料理本	ryōrihon	りょうりほん
Book_Roe_Name	宝石	hōseki	ほうせき
ButterflyPowder_Name	蝶	chō	ちょう
CampingStove_Name	用	yō	よう
CaveCarrot_Name	洞窟	dōkutsu	どうくつ
CaveJelly_Name	洞窟	dōkutsu	どうくつ
ChewingStick_Name	棒	bō	ぼう
ChickenStatue_Name	像	zō	ぞう
CinderShardStone_Name	鉱脈	kōmyaku	こうみゃく
ClayStone_Name	鉱脈	kōmyaku	こうみゃく
CompleteBreakfast_Name	朝食	chōshoku	ちょうしょく
CookoutKit_Name	料理	ryōri	りょうり
CopperBar_Name	銅	dō	どう
CopperBar_Name	のべ棒	nobebō	のべぼう
CopperOre_Name	銅	dō	どう
CopperOre_Name	鉱石	kōseki	こうせき
CopperStone_Name	銅	dō	どう
CopperStone_Name	鉱脈	kōmyaku	こうみゃく
DeluxeFertilizer_Name	肥料	hiryō	ひりょう
DiamondStone_Name	鉱脈	kōmyaku	こうみゃく
DinosaurEgg_Name	恐竜	kyōryū	きょうりゅう
DinosaurMayonnaise_Name	恐竜	kyōryū	きょうりゅう
Driftwood_Name	流木	ryūboku	りゅうぼく
DwarfGadget_Name	装置	sōchi	そうち
EmeraldStone_Name	鉱脈	kōmyaku	こうみゃく
Enricher_Name	装置	sōchi	そうち
FairyDust_Name	妖精	yōsei	ようせい
FarmersLunch_Name	牧場主	bokujōnushi	ぼくじょうぬし
FossilStone_Name	鉱脈	kōmyaku	こうみゃく
FrozenGeodeStone_Name	鉱脈	kōmyaku	こうみゃく
GemStone_Name	宝石	hōseki	ほうせき
GemStone_Name	鉱脈	kōmyaku	こうみゃく
GeodeStone_Name	鉱脈	kōmyaku	こうみゃく
GoldBar_Name	のべ棒	nobebō	のべぼう
GoldOre_Name	鉱石	kōseki	こうせき
GoldStone_Name	鉱脈	kōmyaku	こうみゃく
GoldenAnimalCracker_Name	動物	dōbutsu	どうぶつ
GoldenMask_Name	黄金	ōgon	おうごん
GoldenRelic_Name	黄金	ōgon	おうごん
Granite_Name	花こう岩	kakōgan	かこうがん
GrassStarter_Name	牧草	bokusō	ぼくそう
IridiumBar_Name	のべ棒	nobebō	のべぼう
IridiumOre_Name	鉱石	kōseki	こうせき
IridiumStone_Name	鉱脈	kōmyaku	こうみゃく
IronBar_Name	のべ棒	nobebō	のべぼう
IronOre_Name	鉄鉱石	tekkōseki	てっこうせき
IronStone_Name	鉄鉱脈	tekkōmyaku	てっこうみゃく
JadeStone_Name	鉱脈	kōmyaku	こうみゃく
Kyanite_Name	藍晶石	raishōseki	らいしょうせき
LavaEel_Name	溶岩	yōgan	ようがん
LuckyPurpleShorts_Name	幸運	kōun	こううん
LuckyRing_Name	幸運	kōun	こううん
MagicBait_Name	魔法	mahō	まほう
MagicRockCandy_Name	魔法	mahō	まほう
MagmaGeodeStone_Name	鉱脈	kōmyaku	こうみゃく
MusselStone_Name	鉱脈	kōmyaku	こうみゃく
MysticStone_Name	鉱脈	kōmyaku	こうみゃく
Neptunite_Name	海王	kaiō	かいおう
Obsidian_Name	黒曜石	kokuyōseki	こくようせき
OmniGeodeStone_Name	鉱脈	kōmyaku	こうみゃく
OrnamentalFan_Name	かざり用	kazariyō	かざりよう
OrnamentalFan_Name	扇	ōgi	おうぎ
PrehistoricHandaxe_Name	有史前	yūshimae	ゆうしまえ
PrehistoricRib_Name	有史前	yūshimae	ゆうしまえ
PrehistoricScapula_Name	有史前	yūshimae	ゆうしまえ
PrehistoricScapula_Name	肩甲骨	kenkōkotsu	けんこうこつ
PrehistoricSkull_Name	有史前	yūshimae	ゆうしまえ
PrehistoricTibia_Name	有史前	yūshimae	ゆうしまえ
PrehistoricTool_Name	有史前	yūshimae	ゆうしまえ
PrehistoricVertebra_Name	有史前	yūshimae	ゆうしまえ
PrizeTicket_Name	賞品	shōhin	しょうひん
QiSeasoning_Name	調味料	chōmiryō	ちょうみりょう
QualityBobber_Name	上質	jōshitsu	じょうしつ
QualityFertilizer_Name	高級	kōkyū	こうきゅう
QualityFertilizer_Name	肥料	hiryō	ひりょう
QualityRetainingSoil_Name	高級	kōkyū	こうきゅう
QualitySprinkler_Name	高品質	kōhinshitsu	こうひんしつ
Quartz_Name	水晶	suishō	すいしょう
RadioactiveBar_Name	放射性	hōshasei	ほうしゃせい
RadioactiveBar_Name	のべ棒	nobebō	のべぼう
RadioactiveCarp_Name	放射性	hōshasei	ほうしゃせい
RadioactiveOre_Name	放射性	hōshasei	ほうしゃせい
RadioactiveOre_Name	鉱石	kōseki	こうせき
RadioactiveStone_Name	放射性	hōshasei	ほうしゃせい
RadioactiveStone_Name	鉱脈	kōmyaku	こうみゃく
RareDisc_Name	貴重	kichō	きちょう
RubyStone_Name	鉱脈	kōmyaku	こうみゃく
Seaweed_Name	海草	kaisō	かいそう
SkillBook2_Name	週刊	shūkan	しゅうかん
SnowyStone_Name	鉱脈	kōmyaku	こうみゃく
SolarEssence_Name	結晶	kesshō	けっしょう
StrangeDoll_Name	奇妙	kimyō	きみょう
StrangeDoll_Name	人形	ningyō	にんぎょう
Sugar_Name	砂糖	satō	さとう
SupplyCrate_Name	供給	kyōkyū	きょうきゅう
TopazStone_Name	鉱脈	kōmyaku	こうみゃく
TreeFertilizer_Name	肥料	hiryō	ひりょう
Trilobite_Name	三葉虫	san'yōchū	さんようちゅう
TulipBulb_Name	球根	kyūkon	きゅうこん
VoidEssence_Name	結晶	kesshō	けっしょう
WarMemento_Name	戦争	sensō	せんそう
WarpTotemFarm_Name	牧場	bokujō	ぼくじょう
Weeds_DryBush_Name	雑草	zassō	ざっそう
Weeds_FiberOrMixedSeeds_Name	雑草	zassō	ざっそう
Weeds_FiberOrMixedSeeds_Ugly_Name	雑草	zassō	ざっそう
Weeds_Fiber_Ugly_Name	雑草	zassō	ざっそう
Weeds_Name	雑草	zassō	ざっそう
DinosaurPants_Description	はずっと前に絶滅したと考えられていた！	wa zutto mae ni zetsumetsu shita to kangaerarete ita	は ずっと まえ に ぜつめつ した と かんがえられて いた
DinosaurPants_Name	恐竜	kyōryū	きょうりゅう
FarmerPants_Description	この分野では	kono bun'ya de wa	この ぶんや で は
FarmerPants_Description	長時間	chōjikan	ちょうじかん
FarmerPants_Description	丈夫。	jōbu	じょうぶ
GeniePants_Description	は答えられました！	wa kotaeraremashita	は こたえられました
RelaxedFitPants_Description	は足の部分に	wa ashi no bubun ni	は あし の ぶぶん に
RelaxedFitPants_Description	少し余裕があります。	sukoshi yoyū ga arimasu	すこし よゆう が あります
RelaxedFitShorts_Description	は足の部分に	wa ashi no bubun ni	は あし の ぶぶん に
RelaxedFitShorts_Description	少し余裕があります。	sukoshi yoyū ga arimasu	すこし よゆう が あります
MessageFoundLostItem	を見つけた。	o mitsuketa	を みつけた
ObjectiveReturnToNPC	に報告しよう。	ni hōkoku shiyou	に ほうこく しよう
80sShirt_Name_Female	 80年代の	hachijūnendai no	はちじゅうねんだい の
80sShirt_Name_Male	 80年代の	hachijūnendai no	はちじゅうねんだい の
AntiquityShirt_Description	古代の模様の	kodai no moyō no	こだい の もよう の
ArcaneShirt_Description	何かの力を感じることができる。	nanika no chikara o kanjiru koto ga dekiru	なにか の ちから を かんじる こと が できる
BananaShirt_Description	バナナが好きな人には	banana ga suki na hito ni wa	バナナ ガ スキ ナ ヒト ニ は
BandanaShirt_1195_Description	首を清潔に保つ	kubi o seiketsu ni tamotsu	くび を せいけつ に たもつ
BandanaShirt_1203_Description	首を守るための	kubi o mamoru tame no	くび を まもる ため の
BandanaShirt_Description	首を柔らかく保つための	kubi o yawarakaku tamotsu tame no	くび を やわらかく たもつ ため の
BlacksmithApron_Description	ある世代から次の世代へと	aru sedai kara tsugi no sedai e to	ある せだい から つぎ の せだい へ と
BoboShirt_Description	奇妙な男が写っている	kimyō na otoko ga utsutte iru	きみょう な おとこ が うつって いる
BurgerShirt_Description	食べた物を着ますか？	tabeta mono o kimasu ka	たべた もの を きます か
CamoShirt_Description	周囲の環境に溶け込むのを助けます。	shūi no kankyō ni tokekomu no o tasukemasu	しゅうい の かんきょう に とけこむ の を たすけます
CaptainsUniform_Description	船の船長の	fune no senchō no	ふね の せんちょう の
CaptainsUniform_Name	船長の	senchō no	せんちょう の
CarpShirt_Description	大きな鯉の頭が	ōkina koi no atama ga	おうきな こい の あたま が
CarpShirt_Description	フロントを飾ります。	furonto o kazarimasu	フロント を カザリマス
ChefCoat_Description	伝統的な制服	dentōteki na seifuku	でんとうてき な せいふく
ClassicOveralls_Description	農場の定番。	nōjō no teiban	のうじょう の ていばん
ClassyTop_Name_Female	上品な	jōhin na	じょうひん な
ClassyTop_Name_Male	上品な	jōhin na	じょうひん な
CollaredShirt_Description	でんぷんのように白い襟の	denpun no yō ni shiroi eri no	でんぷん の よう に しろい えり の
CopperBreastplate_Description	銅製	dōsei	どうせい
CopperBreastplate_Description	装飾装甲。	sōshoku sōkō	そうしょく そうこう
CopperBreastplate_Name	銅製	dōsei	どうせい
CowboyPoncho_Description	伝説の衣装。	densetsu no ishō	でんせつ の いしょう
CrabCakeShirt_Description	アイオリをたっぷりと。	aiori o tappuri to	アイオリ を タップリ ト
CropTopShirt_Description	ボトムを特別にカットした	botomu o tokubetsu ni katto shita	ボトム を トクベツ ニ カット シタ
DirtShirt_Description	農場でもぴったり！	nōjō demo pittari	のうじょう でも ぴったり
DollShirt_Description	奇妙な古代の人形の顔が描かれた	kimyō na kodai no ningyō no kao ga egakareta	きみょう な こだい の にんぎょう の かお が えがかれた
EmilysMagicShirt_Description	の愛を込めて作成。	no ai o komete sakusei	の あい を こめて さくせい
ExcavatorShirt_Description	化石を探しながら	kaseki o sagashinagara	かせき を さがしながら
FakeMusclesShirt_Description	あなたはジムに到達することができる、	anata wa jimu ni tōtatsu suru koto ga dekiru	アナタ は ジム ニ トータツ スル コト ガ デキル
FakeMusclesShirt_Description	または代わりにこれを着ることができます。	mata wa kawari ni kore o kiru koto ga dekimasu	また は かわり に これ を きる こと が できます
FishingVest_Description	タックルを収納するための	takkuru o shūnō suru tame no	タックル を シューノー スル タメ ノ
FriedEggShirt_Description	目を覚ますのは	me o samasu no wa	め を さます の は
GoldBreastplate_Description	装飾装甲。	sōshoku sōkō	そうしょく そうこう
GreenFlannelShirt_Description	緑と茶色の模様の	midori to chairo no moyō no	みどり と ちゃいろ の もよう の
GreenJacketShirt_Description	シャツは染められます。	shatsu wa someraremasu	シャツ は ソメラレマス
GreenOveralls_Description	農場の定番。	nōjō no teiban	のうじょう の ていばん
GreenThumbShirt_Description	鉢植えの土をこすっています。	hachiue no tsuchi o kosutte imasu	はちうえ の つち を こすって います
GreenTunic_Description	冒険にぴったりの	bōken ni pittari no	ぼうけん に ぴったり の
HappyShirt_Description	一番幸せを感じるシャツ。	ichiban shiawase o kanjiru shatsu	イチバン シアワセ を カンジル シャツ
HeartShirt_Description	特別に柔らかい服を使って、	tokubetsu ni yawarakai fuku o tsukatte	とくべつ に やわらかい ふく を つかって
HeartShirt_Description	袖にハートを刺しゅうしています。	sode ni hāto o shishū shite imasu	ソデ ニ ハート を シシュー シテ イマス
HolidayShirt_Description	冬のお祭りを祝います。	fuyu no o-matsuri o iwaimasu	ふゆ の おまつり を いわいます
IridiumBreastplate_Description	装飾装甲。	sōshoku sōkō	そうしょく そうこう
IridiumEnergyShirt_Description	を自慢しましょう。	o jiman shimashō	を じまん しましょう
KelpShirt_Description	浜辺で洗い流されたようです。	hamabe de arainagasareta yō desu	はまべ で あらいながされた よう です
LeafyTop_Description	服を飾っています。	fuku o kazatte imasu	ふく を かざって います
MagentaShirt_Description	この独特の色合いは	kono dokutoku no iroai wa	この どくとく の いろあい は
MagicSprinkleShirt_Name	魔法の	mahō no	まほう の
MayoralSuspenders_Name	町長の	chōchō no	ちょうちょう の
MidnightDogJacket_Description	イカのインクを使用して	ika no inku o shiyō shite	イカ ノ インク を シヨー シテ
MidnightDogJacket_Description	中心を深みのある青に染めています。	chūshin o fukami no aru ao ni somete imasu	ちゅうしん を ふかみ の ある あお に そめて います
MineralDogJacket_Description	が注入されています。	ga chūnyū sarete imasu	が ちゅうにゅう されて います
MorelShirt_Description	アイコニックな春のきのこを特徴としている	aikonikku na haru no kinoko o tokuchō to shite iru	アイコニック ナ ハル ノ キノコ を トクチョー ト シテ イル
NightSkyShirt_Description	夜空を思い出させる	yozora o omoidasaseru	よぞら を おもいださせる
OasisGown_Description	砂漠の宝石。	sabaku no hōseki	さばく の ほうせき
OceanShirt_Description	水中の波紋のように見える	suichū no hamon no yō ni mieru	すいちゅう の はもん の よう に みえる
OilStainedShirt_Description	最初から油を使って	saisho kara abura o tsukatte	さいしょ から あぶら を つかって
OilStainedShirt_Description	油っぽい表情に染められています。	aburappoi hyōjō ni somerarete imasu	あぶらっぽい ひょうじょう に そめられて います
OrangeBowShirt_Description	大きな白い弓の付いた	ōkina shiroi yumi no tsuita	おうきな しろい ゆみ の ついた
PolkaDotShirt_Description	水玉模様の	mizutama moyō no	みずたま もよう の
PourOverShirt_Description	このシャツを飾りつけています。	kono shatsu o kazaritsukete imasu	コノ シャツ を カザリツケテ イマス
PourOverShirt_Description	ああ…	ā	ああ
RedFlannelShirt_Description	赤と青の模様の	aka to ao no moyō no	あか と あお の もよう の
RelicShirt_Description	ゴールデンレリックを見つけて、	gōruden rerikku o mitsukete	ゴールデン レリック を ミツケテ
RelicShirt_Description	それを証明するためのシャツを入手！	sore o shōmei suru tame no shatsu o nyūshu	ソレ を ショーメイ スル タメ ノ シャツ を ニューシュ
SailorShirt_1261_Description	ほとんどのセーラーシャツとは違って、	hotondo no sērā shatsu to wa chigatte	ホトンド ノ セーラー シャツ ト は チガッテ
SailorShirt_1261_Description	これは染色できるボディと白地です。	kore wa senshoku dekiru bodi to shiroji desu	コレ は センショク デキル ボディ ト シロジ デス
SailorShirt_Description	あなたに外洋を思い出させます。	anata ni gaiyō o omoidasasemasu	あなた に がいよう を おもいださせます
SauceStainedShirt_Description	罪悪感を感じる必要はありません！	zaiakukan o kanjiru hitsuyō wa arimasen	ざいあくかん を かんじる ひつよう は ありません
ShirtOTheSea_Description	海の塩水のような香りがします。	umi no shiomizu no yō na kaori ga shimasu	うみ の しおみず の よう な かおり が します
ShrimpEnthusiastShirt_Description	食欲を安定して供給したい人のためのものです。	shokuyoku o antei shite kyōkyū shitai hito no tame no mono desu	しょくよく を あんてい して きょうきゅう したい ひと の ため の もの です
SilkyShirt_Description	滑らかで絹のような素材で作られています。	nameraka de kinu no yō na sozai de tsukurarete imasu	なめらか で きぬ の よう な そざい で つくられて います
SleevelessOveralls_Description	染めることができるノースリーブシャツを持つ	someru koto ga dekiru nōsurību shatsu o motsu	ソメル コト ガ デキル ノースリーブ シャツ を モツ
SpringShirt_Description	そして春の色を特徴としています。	soshite haru no iro o tokuchō to shite imasu	そして はる の いろ を とくちょう と して います
StarShirt_Description	星は暗闇で光るがそうではない。	hoshi wa kurayami de hikaru ga sō de wa nai	ほし は くらやみ で ひかる が そう で は ない
SteelBreastplate_Description	装飾装甲。	sōshoku sōkō	そうしょく そうこう
StoreOwnersJacket_Description	小さな町の商人が着ているように見える	chiisana machi no shōnin ga kite iru yō ni mieru	ちいさな まち の しょうにん が きて いる よう に みえる
SunsetShirt_Description	その日の最も刺激的な時間に着想を得た	sono hi no mottomo shigekiteki na jikan ni chakusō o eta	その ひ の もっとも しげきてき な じかん に ちゃくそう を えた
TanStripedShirt_Description	真ん中を通る白いストライプがある	mannaka o tōru shiroi sutoraipu ga aru	マンナカ を トール シロイ ストライプ ガ アル
TogaShirt_Description	通気性が抜群！	tsūkisei ga batsugun	つうきせい が ばつぐん
TomatoShirt_Description	「トマトは」...	tomato wa	トマト は
TomatoShirt_Description	（しかし残りは汚れている）。	shikashi nokori wa yogorete iru	しかし のこり は よごれて いる
TrashCanShirt_Description	ゴミ箱をかぶっている感じです。	gomibako o kabutte iru kanji desu	ゴミバコ を カブッテ イル カンジ デス
TubeTop_Description	体を包み込む	karada o tsutsumikomu	からだ を つつみこむ
TurtleneckSweater_Description	首のパイピングを温めましょう。	kubi no paipingu o atatamemashō	クビ ノ パイピング を アタタメマショー
WhiteDotShirt_Description	白い水玉模様で	shiroi mizutama moyō de	しろい みずたま もよう で
WhiteOveralls_Description	定番の農場の雰囲気を醸し出す	teiban no nōjō no fun'iki o kamoshidasu	ていばん の のうじょう の ふんいき を かもしだす
WorkShirt_Name	作業用	sagyō yō	さぎょう よう
WumbusShirt_Description	奇妙な緑色の男の	kimyō na midoriiro no otoko no	きみょう な みどりいろ の おとこ の
derby_contestent0	バッグいっぱいのマスを持たずに帰るわけにはいかない！	baggu ippai no masu o motazu ni kaeru wake ni wa ikanai	バッグ イッパイ ノ マス を モタズ ニ カエル ワケ ニ は イカナイ
derby_contestent1	このイベントにこの服はちょっと大げさかな？	kono ibento ni kono fuku wa chotto ōgesa ka na	コノ イベント ニ コノ フク は チョット オーゲサ カ ナ
derby_contestent2	きっと私と同じ服装の人も来るだろうけどね。	kitto watashi to onaji fukusō no hito mo kuru darō kedo ne	きっと わたし と おなじ ふくそう の ひと も くる だろう けど ね
derby_contestent3	私は静かに過ごしたいんだ。||	watashi wa shizuka ni sugoshitai n da	わたし は しずか に すごしたい ん だ
derby_contestent3	なにかコツを教えてくれないか？||	nanika kotsu o oshiete kurenai ka	ナニカ コツ を オシエテ クレナイ カ
derby_contestent3	それはマスに対してじゃない。||	sore wa masu ni taishite ja nai	ソレ は マス ニ タイシテ ジャ ナイ
derby_contestent4	私たちはちょっと名の知れた釣り姉妹なのよ！	watashitachi wa chotto na no shireta tsuri shimai na no yo	わたしたち は ちょっと な の しれた つり しまい な の よ
derby_contestent4	私たちには構わないで！	watashitachi ni wa kamawanaide	わたしたち に は かまわないで
derby_contestent5	釣りの調子？	tsuri no chōshi	つり の ちょうし
derby_contestent5	魚には相手にされずに、	sakana ni wa aite ni sarezu ni	さかな に は あいて に されず に
derby_contestent6	私は周りから「トラウトマン」と呼ばれているんだ。||	watashi wa mawari kara Torauto Man to yobarete iru n da	ワタシ は マワリ カラ トラウト マン ト ヨバレテ イル ン ダ
derby_contestent6	私は5年間、	watashi wa gonenkan	わたし は ごねんかん
derby_contestent6	タマゴを産む、	tamago o umu	タマゴ を ウム
derby_contestent6	食べるのは得意なんだ。	taberu no wa tokui na n da	たべる の は とくい な ん だ
derby_contestent6	タマゴを産むのはうまくいかないけどね。	tamago o umu no wa umaku ikanai kedo ne	タマゴ を ウム ノ は ウマク イカナイ ケド ネ
derby_contestent8	これは競争ではないが… 	kore wa kyōsō de wa nai ga	これ は きょうそう で は ない が
derby_contestent8	タグを一番多く手に入れたら、	tagu o ichiban ōku te ni iretara	タグ を イチバン オーク テ ニ イレタラ
derby_contestent8	あれは真の挑戦だ！||	are wa shin no chōsen da	あれ は しん の ちょうせん だ
derby_contestent8	マスを釣る秘訣は、	masu o tsuru hiketsu wa	マス を ツル ヒケツ は
derby_contestent8	エサをおいしく見せるテクニックを身につけて、	esa o oishiku miseru tekunikku o mi ni tsukete	エサ を オイシク ミセル テクニック を ミ ニ ツケテ
derby_contestent9	ああ、	ā	ああ
derby_contestent9	マス釣りよりも落ち着けるものは他にないね。	masu tsuri yori mo ochitsukeru mono wa hoka ni nai ne	マス ツリ ヨリ モ オチツケル モノ は ホカ ニ ナイ ネ
winter_derby_contestent0	イカはたいてい夜にしか姿を見せない。	ika wa taitei yoru ni shika sugata o misenai	イカ は タイテイ ヨル ニ シカ スガタ を ミセナイ
winter_derby_contestent0	今日は特別なエサがまかれているから	kyō wa tokubetsu na esa ga makarete iru kara	キョー は トクベツ ナ エサ ガ マカレテ イル カラ
winter_derby_contestent1	冷えた空気は私の体をジャーキーのように引きしめてくれる。||	hieta kūki wa watashi no karada o jākī no yō ni hikishimete kureru	ヒエタ クーキ は ワタシ ノ カラダ を ジャーキー ノ ヨー ニ ヒキシメテ クレル
winter_derby_contestent1	暖かすぎる空気は私の体をプリンのようにしてしまう。	atatakasugiru kūki wa watashi no karada o purin no yō ni shite shimau	アタタカスギル クーキ は ワタシ ノ カラダ を プリン ノ ヨー ニ シテ シマウ
winter_derby_contestent10	手が凍えそうだから、	te ga kogoesō da kara	て が こごえそう だ から
winter_derby_contestent10	こっちでホットサイダーを飲んでるんだ。	kotchi de hotto saidā o nonderu n da	コッチ デ ホット サイダー を ノンデル ン ダ
winter_derby_contestent10	幸運を！	kōun o	こううん を
winter_derby_contestent11	ああ、	ā	ああ
winter_derby_contestent11	私のことは気にしないで…	watashi no koto wa ki ni shinaide	わたし の こと は き に しないで
winter_derby_contestent11	イカの値段を見に来たんだ。||	ika no nedan o mi ni kita n da	イカ ノ ネダン を ミ ニ キタ ン ダ
winter_derby_contestent11	ここで何をしているんだい？	koko de nani o shite iru n dai	ここ で なに を して いる ん だい
winter_derby_contestent11	イカは向こうからはやってこないよ！	ika wa mukō kara wa yatte konai yo	イカ は ムコー カラ は ヤッテ コナイ ヨ
winter_derby_contestent3	きみのイカを少しわけてもらえないかな…	kimi no ika o sukoshi wakete moraenai ka na	キミ ノ イカ を スコシ ワケテ モラエナイ カ ナ
winter_derby_contestent4	私たちはちょっと名の知れた釣り姉妹なのよ。||	watashitachi wa chotto na no shireta tsuri shimai na no yo	わたしたち は ちょっと な の しれた つり しまい な の よ
winter_derby_contestent4	小さなころからイカを釣ってきたわ。	chiisa na koro kara ika o tsutte kita wa	チイサ ナ コロ カラ イカ を ツッテ キタ は
winter_derby_contestent4	私たちには構わないで！	watashitachi ni wa kamawanaide	わたしたち に は かまわないで
winter_derby_contestent5	私は冬の海釣りには向いていないのかもしれない。||	watashi wa fuyu no umizuri ni wa muite inai no kamo shirenai	わたし は ふゆ の うみずり に は むいて いない の かも しれない
winter_derby_contestent6	イカはマスとは違うけど、	ika wa masu to wa chigau kedo	イカ は マス ト は チガウ ケド
winter_derby_contestent6	同じように釣れるよ。||	onaji yō ni tsureru yo	おなじ よう に つれる よ
winter_derby_contestent6	賞品をねらっているなら、	shōhin o neratte iru nara	しょうひん を ねらって いる なら
winter_derby_contestent6	釣りに行った方がいいよ！	tsuri ni itta hō ga ii yo	つり に いった ほう が いい よ
winter_derby_contestent7	出かけるときに妻が保温ポットに熱いコーヒーを入れてくれたんだ。	dekakeru toki ni tsuma ga hoon potto ni atsui kōhī o irete kureta n da	デカケル トキ ニ ツマ ガ ホオン ポット ニ アツイ コーヒー を イレテ クレタ ン ダ
winter_derby_contestent7	最高の女性だよ！	saikō no josei da yo	さいこう の じょせい だ よ
winter_derby_contestent8	イカを刺激したくないんだ。||	ika o shigeki shitakunai n da	イカ を シゲキ シタクナイ ン ダ
winter_derby_contestent8	イカには引っ込み思案なところがあるからね。||	ika ni wa hikkomijian na tokoro ga aru kara ne	イカ ニ は ヒッコミジアン ナ トコロ ガ アル カラ ネ
winter_derby_contestent9	勝ち負けはあまり気にしてないよ。	kachimake wa amari ki ni shitenai yo	かちまけ は あまり き に してない よ
winter_derby_contestent9	雰囲気を楽しめればそれでいいんだ。||	fun'iki o tanoshimereba sore de ii n da	ふんいき を たのしめれば それ で いい ん だ
winter_derby_contestent9	人生にだって対照的なことはたくさんあるだろう？	jinsei ni datte taishōteki na koto wa takusan aru darō	じんせい に だって たいしょうてき な こと は たくさん ある だろう
Caroline_Objective_0_Text	を100個	o hyakko	を ひゃっこ
Caroline_Text	南国の料理	nangoku no ryōri	なんごく の りょうり
Caroline_Text	を作ってみたいけど、	o tsukutte mitai kedo	を つくって みたい けど
Caroline_Text	を送ってくれたら、	o okutte kuretara	を おくって くれたら
Caroline_Text	とっても助かるわ！ 	tottemo tasukaru wa	とっても たすかる は
Clint_Name	洞窟の	dōkutsu no	どうくつ の
Clint_Objective_0_Text	を50体	o gojittai	を ごじったい
Clint_Text	この土地の洞窟の	kono tochi no dōkutsu no	この とち の どうくつ の
Clint_Text	の数が多くて、	no kazu ga ōkute	の かず が おうくて
Clint_Text	おれではなく、	ore de wa naku	おれ で は なく
Clint_Text	あいつらを50体倒してくれたら	aitsura o gojittai taoshite kuretara	あいつら を ごじったい たおして くれたら
Clint_Text	報酬をはずむよ。	hōshū o hazumu yo	ほうしゅう を はずむ よ
Demetrius2_Objective_0_Text	を20匹	o nijippiki	を にじっぴき
Demetrius2_Text	原因は分からないけど、	gen'in wa wakaranai kedo	げんいん は わからない けど
Demetrius2_Text	の数が異常なほど増えているんだ。	no kazu ga ijō na hodo fuete iru n da	の かず が いじょう な ほど ふえて いる ん だ
Demetrius2_Text	数を減らすために、	kazu o herasu tame ni	かず を へらす ため に
Demetrius2_Text	この土地の釣り人の助けを借りたいんだ。	kono tochi no tsuribito no tasuke o karitai n da	この とち の つりびと の たすけ を かりたい ん だ
Demetrius_Name	増加	zōka	ぞうか
Demetrius_Objective_0_Text	を10匹	o jippiki	を じっぴき
Demetrius_Text	原因は分からないけど、	gen'in wa wakaranai kedo	げんいん は わからない けど
Demetrius_Text	の数が異常なほど増えているんだ。	no kazu ga ijō na hodo fuete iru n da	の かず が いじょう な ほど ふえて いる ん だ
Demetrius_Text	数を減らすために、	kazu o herasu tame ni	かず を へらす ため に
Demetrius_Text	この土地の釣り人の助けを借りたいんだ。	kono tochi no tsuribito no tasuke o karitai n da	この とち の つりびと の たすけ を かりたい ん だ
Emily_Text	やあ！	yā	やあ
Emily_Text	友達を招待して、	tomodachi o shōtai shite	ともだち を しょうたい して
Emily_Text	をするつもりなんだけど、	o suru tsumori nan da kedo	を する つもり なん だ けど
Emily_Text	良いエネルギーとチャネリングするには	yoi enerugī to chaneringu suru ni wa	ヨイ エネルギー ト チャネリング スル ニ は
Emily_Text	手を貸してくれない？	te o kashite kurenai	て を かして くれない
Evelyn_Objective_0_Text	を12個	o jūniko	を じゅうにこ
Evelyn_Objective_0_Text	収穫する。	shūkaku suru	しゅうかく する
Evelyn_Text	は、街の誰からも大切にされていないと思っているわ。	wa machi no dare kara mo taisetsu ni sarete inai to omotte iru wa	は まち の だれ から も たいせつ に されて いない と おもって いる は
Evelyn_Text	が秘密のイタズラには必要よ…	ga himitsu no itazura ni wa hitsuyō yo	ガ ヒミツ ノ イタズラ ニ は ヒツヨー ヨ
Evelyn_Text	彼の大好物なの。	kare no daikōbutsu na no	かれ の だいこうぶつ な の
Gunther_Objective_1_Text	を100個	o hyakko	を ひゃっこ
Gunther_Text	を募集しています！	o boshū shite imasu	を ぼしゅう して います
Gunther_Text	研究のために	kenkyū no tame ni	けんきゅう の ため に
Gunther_Text	が必要なのです。	ga hitsuyō na no desu	が ひつよう な の です
Gus_Objective_0_Text	を24個	o nijūyonko	を にじゅうよんこ
Gus_RE_Greeting_0	を作りたいんだ	o tsukuritai n da	を つくりたい ん だ
Gus_RE_Greeting_1	を作りたいんだ	o tsukuritai n da	を つくりたい ん だ
Gus_Text	誰か生産者さんはいませんか？	dareka seisansha-san wa imasen ka	だれか せいさんしゃさん は いません か
Lewis_Name	注文	chūmon	ちゅうもん
Lewis_Objective_0_Text	を100個	o hyakko	を ひゃっこ
Lewis_Objective_1_Text	100個収穫する：	hyakko shūkaku suru	ひゃっこ しゅうかく する
Lewis_RE_Text_0	今年は	kotoshi wa	ことし は
Lewis_RE_Text_0	の高い需要があります。 	no takai juyō ga arimasu	の たかい じゅよう が あります
Lewis_RE_Text_2	から作られた化粧水	kara tsukurareta keshōsui	から つくられた けしょうすい
Lewis_RE_Text_2	にはシワを消す効果があるそうです。 	ni wa shiwa o kesu kōka ga aru sō desu	ニ は シワ を ケス コーカ ガ アル ソー デス
Lewis_RE_Text_3	先日は	senjitsu wa	せんじつ は
Lewis_RE_Text_3	を食べているのを見ました。	o tabete iru no o mimashita	を たべて いる の を みました
Lewis_RE_Text_3	世界中のだれもが欲しがっているのです！	sekaijū no dare mo ga hoshigatte iru no desu	せかいじゅう の だれ も が ほしがって いる の です
Lewis_RE_Text_4	市長が食事会を開くので、	shichō ga shokujikai o hiraku node	しちょう が しょくじかい を ひらく ので
Lewis_RE_Text_4	料理人から	ryōrinin kara	りょうりにん から
Lewis_RE_Text_4	の大量注文が入っています。	no tairyō chūmon ga haitte imasu	の たいりょう ちゅうもん が はいって います
Lewis_Text	を出荷した人には、	o shukka shita hito ni wa	を しゅっか した ひと に は
Lewis_Text	から報酬を受け取ることができます。	kara hōshū o uketoru koto ga dekimasu	から ほうしゅう を うけとる こと が できます
Linus_Name	清掃	seisō	せいそう
Linus_Objective_0_Text	を20個	o nijikko	を にじっこ
Linus_Objective_1_Text	にゴミを捨てる。	ni gomi o suteru	ニ ゴミ を ステル
Linus_Text	谷をきれいにするために、	tani o kirei ni suru tame ni	たに を きれい に する ため に
Linus_Text	それを掃除するというのはどうだろうか？	sore o sōji suru to iu no wa dō darō ka	それ を そうじ する と いう の は どう だろう か
Marlon_DF_0_Objective	を10体	o jittai	を じったい
Marlon_DF_0_Text	を12体	o jūnitai	を じゅうにたい
Marlon_DF_1_Objective	の30階に到達する。	no sanjikkai ni tōtatsu suru	の さんじっかい に とうたつ する
Marlon_DF_1_Text	の30階に到達する。	no sanjikkai ni tōtatsu suru	の さんじっかい に とうたつ する
Pam_Name	強力な	kyōryoku na	きょうりょく な
Pam_Objective_0_Text	を醸造して、	o jōzō shite	を じょうぞう して
Pam_Objective_0_Text	12個集める。	jūniko atsumeru	じゅうにこ あつめる
Pam_Text	あたしが何を言いたいかわかるかい？	atashi ga nani o iitai ka wakaru kai	あたし が なに を いいたい か わかる かい
Pam_Text	にジャガイモを放り込んでさ、	ni jagaimo o hōrikonde sa	ニ ジャガイモ を ホーリコンデ サ
Pierre_Name	特選商品	tokusen shōhin	とくせん しょうひん
Pierre_Objective_0_Text	を収穫する。	o shūkaku suru	を しゅうかく する
Pierre_Objective_1_Text	に作物を入れる。	ni sakumotsu o ireru	に さくもつ を いれる
Pierre_Text	を販売しようと考えているんです。	o hanbai shiyō to kangaete iru n desu	を はんばい しよう と かんがえて いる ん です
Pierre_Text	ゴールド品質の野菜を25個、	gōrudo hinshitsu no yasai o nijūgoko	ゴールド ヒンシツ ノ ヤサイ を ニジューゴコ
Pierre_Text	安く仕入れさせてくれる方はいませんか？	yasuku shiiresasete kureru kata wa imasen ka	やすく しいれさせて くれる かた は いません か
QiChallenge10_Name	への侵略	e no shinryaku	へ の しんりゃく
QiChallenge11_Name	の捜索	no sōsaku	の そうさく
QiChallenge11_Objective_0_Text	を捕まえる。	o tsukamaeru	を つかまえる
QiChallenge11_Text	彼を捕まえられるかな？	kare o tsukamaerareru ka na	かれ を つかまえられる か な
QiChallenge12_Text	のアイテムをそれぞれ100個見つけるんだ。	no aitemu o sorezore hyakko mitsukeru n da	ノ アイテム を ソレゾレ ヒャッコ ミツケル ン ダ
QiChallenge12_Text	それを私のコレクションボックスに入れてくれ。	sore o watashi no korekushon bokkusu ni irete kure	ソレ を ワタシ ノ コレクション ボックス ニ イレテ クレ
QiChallenge2_Objective_0_Text	を500個	o gohyakko	を ごひゃっこ
QiChallenge2_Text	私は世界中に	watashi wa sekaijū ni	わたし は せかいじゅう に
QiChallenge2_Text	を隠してきた。	o kakushite kita	を かくして きた
QiChallenge2_Text	それらを見つけて育て、	sorera o mitsukete sodate	それら を みつけて そだて
QiChallenge2_Text	Qiフルーツを500個出荷するんだ。	furūtsu o gohyakko shukka suru n da	フルーツ を ゴヒャッコ シュッカ スル ン ダ
QiChallenge3_Objective_0_Text	で50,000ポイントを獲得する。	de gomanten o kakutoku suru	デ ゴマンテン を カクトク スル
QiChallenge3_Text	君は	kimi wa	きみ は
QiChallenge3_Text	で50,000ポイントを獲得することができるか？	de goman pointo o kakutoku suru koto ga dekiru ka	デ ゴマン ポイント を カクトク スル コト ガ デキル カ
QiChallenge3_Text	証明してくれ。	shōmei shite kure	しょうめい して くれ
QiChallenge4_Name	貴重な石	kichō na ishi	きちょう な いし
QiChallenge4_Objective_0_Text	プリズムジェムを4個	purizumu jemu o yonko	プリズム ジェム を ヨンコ
QiChallenge4_Text	プリズムジェムを4個見つけるんだ。	purizumu jemu o yonko mitsukeru n da	プリズム ジェム を ヨンコ ミツケル ン ダ
QiChallenge4_Text	それを私のコレクションボックスに入れてくれ。	sore o watashi no korekushon bokkusu ni irete kure	ソレ を ワタシ ノ コレクション ボックス ニ イレテ クレ
QiChallenge5_Text	その途中では何も飲み食いしてはならない。	sono tochū de wa nani mo nomikui shite wa naranai	その とちゅう で は なに も のみくい して は ならない
QiChallenge6_Name	料理	ryōri	りょうり
QiChallenge6_Objective_0_Text	100,000g分の	hyaku-man... juman gōrudo bun no	ひゃくまん... じゅまん ごうるど ぶん の
QiChallenge6_Objective_0_Text	出来立て料理	dekitate ryōri	できたて りょうり
QiChallenge6_Objective_0_Text	を出荷する。	o shukka suru	を しゅっか する
QiChallenge6_Text	100,000g分の	juman gōrudo bun no	じゅまん ごうるど ぶん の
QiChallenge6_Text	出来立て料理を出荷するんだ。	dekitate ryōri o shukka suru n da	できたて りょうり を しゅっか する ん だ
QiChallenge7_Objective_0_Text	1週間で50個、	isshūkan de gojikko	いっしゅうかん で ごじっこ
QiChallenge7_Objective_0_Text	大好物の贈り物をする。	daikōbutsu no okurimono o suru	だいこうぶつ の おくりもの を する
QiChallenge7_Text	1週間で50個、	isshūkan de gojikko	いっしゅうかん で ごじっこ
QiChallenge7_Text	大好物の贈り物をするんだ。	daikōbutsu no okurimono o suru n da	だいこうぶつ の おくりもの を する ん だ
QiChallenge8_Objective_0_Text	を捕まえる。	o tsukamaeru	を つかまえる
QiChallenge8_Objective_1_Text	を捕まえる。	o tsukamaeru	を つかまえる
QiChallenge8_Objective_2_Text	を捕まえる。	o tsukamaeru	を つかまえる
QiChallenge8_Objective_3_Text	を捕まえる。	o tsukamaeru	を つかまえる
QiChallenge8_Objective_4_Text	を捕まえる。	o tsukamaeru	を つかまえる
QiChallenge8_Text	伝説級の魚たちの家族	densetsukyū no sakana-tachi no kazoku	でんせつきゅう の さかなたち の かぞく
QiChallenge8_Text	を捕まえるんだ。	o tsukamaeru n da	を つかまえる ん だ
QiChallenge9_Objective_0_Text	鉱山の最深部	kōzan no saishinbu	こうざん の さいしんぶ
QiChallenge9_Objective_0_Text	に到達する。	ni tōtatsu suru	に とうたつ する
QiChallenge9_Text	が再調整され、	ga saichōsei sare	が さいちょうせい され
QiChallenge9_Text	1週間以内に鉱山の最深部に到達するんだ。	isshūkan inai ni kōzan no saishinbu ni tōtatsu suru n da	いっしゅうかん いない に こうざん の さいしんぶ に とうたつ する ん だ
QiChallenge_Objective_0_Text	を500個	o gohyakko	を ごひゃっこ
QiChallenge_Text	をやろう。	o yarō	を やろう
QiChallenge_Text	これを育てて、	kore o sodatete	これ を そだてて
QiChallenge_Text	1週間以内に最低でも500個を出荷するんだ。	isshūkan inai ni saitei demo gohyakko o shukka suru n da	いっしゅうかん いない に さいてい でも ごひゃっこ を しゅっか する ん だ
QiChallenge_Text	しかし注意することだ。	shikashi chūi suru koto da	しかし ちゅうい する こと だ
QiChallenge_Text	作物を脅かすだろう…	sakumotsu o obiyakasu darō	さくもつ を おびやかす だろう
Robin2_Name	資材大発注	shizai daihatchū	しざい だいはっちゅう
Robin2_Objective_0_Text	を1000個	o senko	を せんこ
Robin2_Text	を考えてるんだ。	o kangaeteru n da	を かんがえてる ん だ
Robin2_Text	1週間で1000個の	isshūkan de senko no	いっしゅうかん で せんこ の
Robin2_Text	を集めてくれないかな。	o atsumete kurenai ka na	を あつめて くれない か な
Robin2_Text	報酬は用意してるよ。	hōshū wa yōi shiteru yo	ほうしゅう は ようい してる よ
Robin2_Text	は持ってていいよ！	wa mottete ii yo	は もってて いい よ
Robin_Objective_0_Text	を80個	o hachijikko	を はちじっこ
Robin_Objective_1_Text	に堅い木を80個追加する。	ni katai ki o hachijikko tsuika suru	に かたい き を はちじっこ ついか する
Robin_Text	やあ！	yā	やあ
Robin_Text	作るには80個の堅い木が必要なの。	tsukuru ni wa hachijikko no katai ki ga hitsuyō na no	つくる に は はちじっこ の かたい き が ひつよう な の
Willy2_Objective_0_Text	を5匹	o gohiki	を ごひき
Willy2_Objective_1_Text	を5匹	o gohiki	を ごひき
Willy2_Objective_2_Text	を5匹	o gohiki	を ごひき
Willy2_Text	島に運んできてくれたものには、	shima ni hakonde kite kureta mono ni wa	しま に はこんで きて くれた もの に は
Willy2_Text	報酬をあげるよ。	hōshū o ageru yo	ほうしゅう を あげる よ
Willy_Name	募集！	boshū	ぼしゅう
Willy_Objective_0_Text	をたくさんの集める。	o takusan no atsumeru	を たくさん の あつめる
Willy_Objective_1_Text	に虫の肉を入れる。	ni mushi no niku o ireru	に むし の にく を いれる
Willy_Text	よお、	yō	よう
Willy_Text	虫の肉を探してるんだ。	mushi no niku o sagashiteru n da	むし の にく を さがしてる ん だ
Willy_Text	100個もあればいいだろう。	hyakko mo areba ii darō	ひゃっこ も あれば いい だろう
Wizard2_Objective_0_Text	を倒す。	o taosu	を たおす
Wizard2_Objective_1_Message	おお…	ō	おう
Wizard2_Objective_1_Message	成功したのだな！$h#$b#	seikō shita no da na	せいこう した の だ な
Wizard2_Objective_1_Message	そのゼリーをこちらに渡してくれ、	sono zerī o kochira ni watashite kure	ソノ ゼリー を コチラ ニ ワタシテ クレ
Wizard2_Objective_1_Message	重要な作業に取り掛からなければならないんだ。	jūyō na sagyō ni torikakaranakereba naranai n da	じゅうよう な さぎょう に とりかからなければ ならない ん だ
Wizard2_Text	この地方の洞窟にいる、	kono chihō no dōkutsu ni iru	この ちほう の どうくつ に いる
Wizard2_Text	を見つけ出す手助けをして欲しい。	o mitsukedasu tedasuke o shite hoshii	を みつけだす てだすけ を して ほしい
Wizard2_Text	プリズムゼリーを持ってきてくれたら報酬を渡そう。	purizumu zerī o motte kite kuretara hōshū o watasō	プリズム ゼリー を モッテ キテ クレタラ ホーシュー を ワタソー
Wizard_Name	好奇心をかき立てる	kōkishin o kakitateru	こうきしん を かきたてる
Wizard_Objective_0_Message	ああ、	ā	ああ
Wizard_Objective_0_Message	さあ、	sā	さあ
Wizard_Objective_0_Message	この物質の本質を見極めるためには、	kono busshitsu no honshitsu o mikiwameru tame ni wa	この ぶっしつ の ほんしつ を みきわめる ため に は
Wizard_Objective_0_Message	完全な沈黙を必要とするのだ。	kanzen na chinmoku o hitsuyō to suru no da	かんぜん な ちんもく を ひつよう と する の だ
Wizard_Objective_0_Text	を渡す。	o watasu	を わたす
Wizard_Text	我輩は	wagahai wa	わがはい は
Wizard_Text	を探している。	o sagashite iru	を さがして いる
Wizard_Text	それは倒したゴーストから見つかるかもしれない。	sore wa taoshita gōsuto kara mitsukaru kamoshirenai	ソレ は タオシタ ゴースト カラ ミツカル カモシレナイ
AdventureGuild_Marlon_Greeting1	はいらないか？	wa iranai ka	は いらない か
AnimalShop_Marnie_Greeting2	どうも！	dōmo	どうも
AnimalShop_Marnie_Greeting3	どうも！	dōmo	どうも
AnimalShop_Marnie_Greeting3	牧場のちょうしはどう？	bokujō no chōshi wa dō	ぼくじょう の ちょうし は どう
AnimalShop_Marnie_NotRaining	どうも！	dōmo	どうも
AnimalShop_Marnie_NotRaining	外のお天気はどう？	soto no o-tenki wa dō	そと の おてんき は どう
AnimalShop_Marnie_RareGreeting	まあ…	mā	まあ
ArchaeologyHouse_Gunther_Greeting3	調べてほしいものはあるかい？	shirabete hoshii mono wa aru kai	しらべて ほしい もの は ある かい
ArchaeologyHouse_Gunther_Greeting4	やあ、	yā	やあ
Hospital_Maru_Greeting2	どうしましたか？	dō shimashita ka	どう しました か
Hospital_Maru_Greeting3	おくすりはいかがですか？	o-kusuri wa ikaga desu ka	おくすり は いかが です か
Hospital_Maru_Greeting4	緊急のご用件でしょうか？	kinkyū no go-yōken deshō ka	きんきゅう の ごようけん でしょう か
Hospital_Maru_Greeting5	先生にご用ですか？	sensei ni go-yō desu ka	せんせい に ごよう です か
JojaMart_Morris_Greeting	へようこそ！	e yōkoso	へ ようこそ
LeahHouse_Leah_Greeting1	どうも！	dōmo	どうも
ManorHouse_Lewis_Morning	おはよう！	ohayō	おはよう
Saloon_Gus_Greeting	やあ、	yā	やあ
Saloon_Gus_NotSummer	なにかどうだい？	nanika dō dai	なにか どう だい
Saloon_Gus_RareGreeting	なにか飲んだほうがいいんじゃないか。	nanika nonda hō ga ii n ja nai ka	なにか のんだ ほう が いい ん じゃ ない か
Saloon_Gus_Snowing1	外はさむいだろ、	soto wa samui daro	そと は さむい だろ
Saloon_Gus_Snowing2	外はさむいだろ、	soto wa samui daro	そと は さむい だろ
SandyHouse_Sandy_Greeting2	まあ、	mā	まあ
SandyHouse_Sandy_Greeting3	まあ、	mā	まあ
SandyHouse_Sandy_Greeting5	ねえあなた、	nē anata	ねい あなた
ScienceHouse_Robin_CloseFriends	よく来たわね、	yoku kita wa ne	よく きた は ね
ScienceHouse_Robin_NotCloseFriends	なにを建てましょうか？	nani o tatemashō ka	なに を たてましょう か
ScienceHouse_Robin_NotRaining2	どうも！	dōmo	どうも
ScienceHouse_Robin_NotSnowing	やあ、	yā	やあ
ScienceHouse_Robin_RareGreeting	まあ…	mā	まあ
ScienceHouse_Robin_Snowing	なかはあったかいよ、	naka wa attakai yo	なか は あったかい よ
SeedShop_Pierre_Greeting2	どうも、	dōmo	どうも
SeedShop_Pierre_NotSummer	タネはいかがですか！	tane wa ikaga desu ka	タネ は イカガ デス カ
SeedShop_Pierre_NotWinter	へようこそ！	e yōkoso	へ ようこそ
SeedShop_Pierre_Raining	きょうはお買いもの日和ですよ！	kyō wa o-kaimono biyori desu yo	きょう は おかいもの びより です よ
SeedShop_Pierre_RareGreeting	サイフはもってますよね？	saifu wa mottemasu yo ne	サイフ は モッテマス ヨ ネ
SeedShop_Pierre_Winter	きょうは冷えますね。	kyō wa hiemasu ne	きょう は ひえます ね
SeedShop_Pierre_Winter	店の中へどうぞ！	mise no naka e dōzo	みせ の なか へ どうぞ
AbigailGame.cs.11901	うう…	ū	うう
AbigailGame.cs.11902	うわあ！	uwā	うわあ
Axe.cs.14023	条例	jōrei	じょうれい
Axe.cs.14023	牧場	bokujō	ぼくじょう
BrowserRefresh	更新	kōshin	こうしん
BrowserStop	中止	chūshi	ちゅうし
Buff.cs.466	凍結	tōketsu	とうけつ
Buff.cs.471	無効	mukō	むこう
Buff.cs.472	放出	hōshutsu	ほうしゅつ
Buff.cs.476	効果時間: 	kōka jikan	こうか じかん
Buff.cs.480	 農業	nōgyō	のうぎょう
Buff.cs.486	 採鉱	saikō	さいこう
Buff.cs.489	 幸運	kōun	こううん
Buff.cs.501	 防御	bōgyo	ぼうぎょ
Buff.cs.504	 攻撃	kōgeki	こうげき
Buff_Ravioli_Description	能力低下	nōryoku teika	のうりょく ていか
CalicoJack.cs.11943	勝利！	shōri	しょうり
CalicoJack.cs.11952	勝者	shōsha	しょうしゃ
CraftingRecipe.cs.567	材料:	zairyō	ざいりょう
CraftingRecipe.cs.569	宝石 	hōseki	ほうせき
Cursed_Doll	自業自得…	jigō jitoku	じごう じとく
Cursed_Doll	解放された…	kaihō sareta	かいほう された
Debris.cs.621	銅	dō	どう
Debris.cs.629	燃料	nenryō	ねんりょう
Debris.cs.630	水晶	suishō	すいしょう
Decimal	小数点	shōsūten	しょうすうてん
DesertTrader1	ようこそ、	yōkoso	ようこそ
DesertTrader1	興味	kyōmi	きょうみ
DesertTrader2	商品！	shōhin	しょうひん
DesertTrader3	故郷	kokyō	こきょう
DesertTrader3	硬貨	kōka	こうか
DesertTrader4_female	お嬢さん。	o-jōsan	おじょうさん
DesertTrader4_female	兆候ですね。	chōkō desu ne	ちょうこう です ね
DesertTrader4_male	兆候ですね。	chōkō desu ne	ちょうこう です ね
Dialogue.cs.688	実用的な	jitsuyōteki na	じつようてき な
Dialogue.cs.695	勇敢な	yūkan na	ゆうかん な
Dialogue.cs.720	人形	ningyō	にんぎょう
Dialogue.cs.748	城下	jōka	じょうか
Dialogue.cs.758	諸島	shotō	しょとう
DiaryEvent.cs.6658	は、	wa	は
DiaryEvent.cs.6658	書いておこう…	kaite okō	かいて おこう
DiaryEvent.cs.6660	は、	wa	は
DiaryEvent.cs.6660	書いておこう…	kaite okō	かいて おこう
DiaryEvent.cs.6669	は、	wa	は
DiaryEvent.cs.6669	友情	yūjō	ゆうじょう
DiaryEvent.cs.6669	以上	ijō	いじょう
DiaryEvent.cs.6670	は、	wa	は
DiaryEvent.cs.6670	友情	yūjō	ゆうじょう
DiaryEvent.cs.6670	以上	ijō	いじょう
Event.cs.1018	少々 	shōshō	しょうしょう
Event.cs.1020	研究所	kenkyūjo	けんきゅうじょ
Event.cs.1025	おめでとう！$h	omedetō	おめでとう
Event.cs.1058	ようだ。	yō da	よう だ
Event.cs.1061	ようだ。	yō da	よう だ
Event.cs.1062	ようだ。	yō da	よう だ
Event.cs.1068	診療代	shinryōdai	しんりょうだい
Event.cs.1068	請求された。	seikyū sareta	せいきゅう された
Event.cs.1070	無償で 	mushō de	むしょう で
Event.cs.1071	どうやら、 	dōyara	どうやら
Event.cs.1257	内容	naiyō	ないよう
Event.cs.1257	推理小説	suiri shōsetsu	すいり しょうせつ
Event.cs.1257	推理小説	suiri shōsetsu	すいり しょうせつ
Event.cs.1257	は、	wa	は
Event.cs.1257	収益	shūeki	しゅうえき
Event.cs.1257	分けようかな	wakeyō ka na	わけよう か な
Event.cs.1258	内容	naiyō	ないよう
Event.cs.1258	恋愛小説	ren'ai shōsetsu	れんあい しょうせつ
Event.cs.1258	恋愛小説	ren'ai shōsetsu	れんあい しょうせつ
Event.cs.1258	では、	de wa	で は
Event.cs.1258	車掌	shashō	しゃしょう
Event.cs.1258	旅行中の	ryokō chū no	りょこう ちゅう の
Event.cs.1258	恋をする…	koi o suru	こい を する
Event.cs.1258	車掌	shashō	しゃしょう
Event.cs.1258	収益	shūeki	しゅうえき
Event.cs.1258	分けようかな	wakeyō ka na	わけよう か な
Event.cs.1259	内容	naiyō	ないよう
Event.cs.1259	SF小説	esu efu shōsetsu	えす えふ しょうせつ
Event.cs.1259	SF小説	esu efu shōsetsu	えす えふ しょうせつ
Event.cs.1259	は、	wa	は
Event.cs.1259	共生関係	kyōsei kankei	きょうせい かんけい
Event.cs.1259	少年	shōnen	しょうねん
Event.cs.1259	陰謀	inbō	いんぼう
Event.cs.1259	収益	shūeki	しゅうえき
Event.cs.1259	分けようかな	wakeyō ka na	わけよう か な
Event.cs.1260	は、	wa	は
Event.cs.1260	鉱山労働者たち	kōzan rōdōsha tachi	こうざん ろうどうしゃ たち
Event.cs.1260	収益	shūeki	しゅうえき
Event.cs.1260	分けようかな	wakeyō ka na	わけよう か な
Event.cs.1306	牧場	bokujō	ぼくじょう
Event.cs.1306	ようだね…	yō da ne	よう だ ね
Event.cs.1306	じゅうぶんだ…#$b#	jūbun da	じゅうぶん だ
Event.cs.1306	もどるとしよう…	modoru to shiyō	もどる と しよう
Event.cs.1306	は、	wa	は
Event.cs.1307	ようだね。#$b#	yō da ne	よう だ ね
Event.cs.1307	もどるとしよう…	modoru to shiyō	もどる と しよう
Event.cs.1307	は、	wa	は
Event.cs.1308	おお、	ō	おう
Event.cs.1308	ようだね。#$b#	yō da ne	よう だ ね
Event.cs.1308	牧場	bokujō	ぼくじょう
Event.cs.1308	もどるとしよう…	modoru to shiyō	もどる と しよう
Event.cs.1308	は、	wa	は
Event.cs.1309	おお、	ō	おう
Event.cs.1309	ようだね！#$b#	yō da ne	よう だ ね
Event.cs.1309	牧場主	bokujōnushi	ぼくじょうぬし
Event.cs.1309	おお…	ō	おう
Event.cs.1309	眠れそうだ。	nemuresō da	ねむれそう だ
Event.cs.1309	それでは、	sore de wa	それ で は
Event.cs.1315	ここ数年、	koko sūnen	ここ すうねん
Event.cs.1315	牧場	bokujō	ぼくじょう
Event.cs.1315	ようだね…	yō da ne	よう だ ね
Event.cs.1315	じゅうぶんだからね…	jūbun da kara ne	じゅうぶん だ から ね
Event.cs.1316	ようだね。#$b#	yō da ne	よう だ ね
Event.cs.1317	おお、	ō	おう
Event.cs.1317	ようだね。#$b#	yō da ne	よう だ ね
Event.cs.1317	牧場	bokujō	ぼくじょう
Event.cs.1318	おお、	ō	おう
Event.cs.1318	牧場主	bokujōnushi	ぼくじょうぬし
Event.cs.1318	おお…	ō	おう
Event.cs.1318	眠れそうだ。	nemuresō da	ねむれそう だ
Event.cs.1318	それでは、	sore de wa	それ で は
Event.cs.1497	どうぞ。$h/	dōzo	どうぞ
Event.cs.1497	どうぞ。$h	dōzo	どうぞ
Event.cs.1498	牧場主	bokujōnushi	ぼくじょうぬし
Event.cs.1499	やあ、 	yā	やあ
Event.cs.1499	をどうぞ。#$b#	o dōzo	を どうぞ
Event.cs.1501	やあ。 	yā	やあ
Event.cs.1504	豪華な	gōka na	ごうか な
Event.cs.1504	中では 	naka de wa	なか で は
Event.cs.1504	豪華な	gōka na	ごうか な
Event.cs.1504	中では 	naka de wa	なか で は
Event.cs.1521	はじめよう。#$r -1 0 no#	hajimeyō	はじめよう
Event.cs.1521	もう少し 	mō sukoshi	もう すこし
Event.cs.1524	はじめよう。#$r -1 0 no#	hajimeyō	はじめよう
Event.cs.1524	もう少し 	mō sukoshi	もう すこし
Event.cs.1527	小腹をすかしている	kobara o sukashite iru	こばら を すかして いる
Event.cs.1527	はじめよう。#$r -1 0 no#	hajimeyō	はじめよう
Event.cs.1527	もう少し 	mō sukoshi	もう すこし
Event.cs.1531	もう少し 	mō sukoshi	もう すこし
Event.cs.1535	町内品評会	chōnai hinpyōkai	ちょうない ひんぴょうかい
Event.cs.1535	もう少し 	mō sukoshi	もう すこし
Event.cs.1548	氷上魚釣り大会	hyōjō sakana tsuri taikai	ひょうじょう さかな つり たいかい
Event.cs.1548	もう少し 	mō sukoshi	もう すこし
Event.cs.1584	品評会	hinpyōkai	ひんぴょうかい
Event.cs.1584	評価	hyōka	ひょうか
Event.cs.1584	聞きましょう！	kikimashō	ききましょう
Event.cs.1632	踊ろう！$h	odorō	おどろう
Event.cs.1633	ええ、 	ē	えい
Event.cs.1652	つかんでみよう！	tsukande miyō	つかんで みよう
Event.cs.1666	得よう！	eyō	えよう
Event.cs.1672	交換しますか？	kōkan shimasu ka	こうかん します か
Event.cs.1681	大きいの	ōkii no	おうきい の
Event.cs.1691	ええ… 	ē	えい
Event.cs.1691	水晶球	suishōkyū	すいしょうきゅう
Event.cs.1695	ようですね。	yō desu ne	よう です ね
Event.cs.1714	品切れ中。	shinagire chū	しなぎれ ちゅう
Event.cs.1719	材料	zairyō	ざいりょう
Event.cs.1723	おめでとう！	omedetō	おめでとう
Event.cs.1723	賞品	shōhin	しょうひん
Event.cs.1723	贈ろう！	okurō	おくろう
Event.cs.1723	ああ、	ā	ああ
Event.cs.1726	賞品	shōhin	しょうひん
Event.cs.1726	贈ろう！	okurō	おくろう
Event.cs.1726	ああ、	ā	ああ
Event.cs.1729	それでは、	sore de wa	それ で は
Event.cs.1729	ようだ。#$b#	yō da	よう だ
Event.cs.1729	賞品	shōhin	しょうひん
Event.cs.1729	贈ろう！	okurō	おくろう
Event.cs.1729	ああ、	ā	ああ
Event.cs.1730	したのは？！	shita no wa	した の は
Event.cs.1730	さあ、	sā	さあ
Event.cs.1732	それでは、	sore de wa	それ で は
Event.cs.1732	参加賞	sankashō	さんかしょう
Event.cs.1732	をあげよう。	o ageyō	を あげよう
Event.cs.1732	ああ、	ā	ああ
Event.cs.1736	…どうしたの？#$r -1 0 danceAsk#	dōshita no	どうした の
Event.cs.1738	用？#$r -1 0 danceAsk#	yō	よう
Event.cs.1760	だろうけどな…。	darō kedo na	だろう けど な
Event.cs.1760	もう…	mō	もう
Event.cs.1760	…ああ、	ā	ああ
Event.cs.1760	もう…$7#$b#	mō	もう
Event.cs.1761	言うとおりだよ。	iu tōri da yo	いう とうり だ よ
Event.cs.1761	ああ、	ā	ああ
Event.cs.1761	ああ、	ā	ああ
Event.cs.1764	ありがとう…	arigatō	ありがとう
Event.cs.1785	購入済みです！	kōnyū zumi desu	こうにゅう ずみ です
Event.cs.1798	そう…	sō	そう
Event.cs.1798	じゃあ、	jā	じゃあ
Event.cs.1801	ああ、	ā	ああ
Event.cs.1801	ああ…	ā	ああ
Event.cs.1801	ありがとう。	arigatō	ありがとう
Event.cs.1803	有効な	yūkō na	ゆうこう な
Event.cs.1810	ようで… 	yō de	よう で
Event.cs.1810	ようですね！	yō desu ne	よう です ね
Event.cs.1811	おお…	ō	おう
Event.cs.1811	ようですね…	yō desu ne	よう です ね
Event.cs.1811	ようです…	yō desu	よう です
Event.cs.1811	ふうむ…	fūmu	ふうむ
Event.cs.1811	ようですね。	yō desu ne	よう です ね
Event.cs.1813	は、	wa	は
Event.cs.1813	誕生日ですね。 	tanjōbi desu ne	たんじょうび です ね
Event.cs.1815	誕生日	tanjōbi	たんじょうび
Event.cs.1815	友人でしょう。	yūjin deshō	ゆうじん でしょう
Event.cs.1816	誕生日	tanjōbi	たんじょうび
Event.cs.1816	友人でしょう。	yūjin deshō	ゆうじん でしょう
Event.cs.1818	病院	byōin	びょういん
Event.cs.1818	ご友人ですね。	go-yūjin desu ne	ごゆうじん です ね
Event.cs.1820	そうですね… 	sō desu ne	そう です ね
Event.cs.1821	そうですね… 	sō desu ne	そう です ね
Event.cs.1823	…おお！	ō	おう
Event.cs.1823	親しそうです。	shitashisō desu	したしそう です
Event.cs.1825	高級な	kōkyū na	こうきゅう な
Event.cs.1826	ことになるでしょう… 	koto ni naru deshō	こと に なる でしょう
Event.cs.1826	ううん… 	ūn	ううん
Event.cs.1827	草原	sōgen	そうげん
Event.cs.1827	幸せそうですよ。	shiawase sō desu yo	しあわせ そう です よ
Event.cs.1829	ようです。	yō desu	よう です
Event.cs.1829	表情	hyōjō	ひょうじょう
Event.cs.1829	ようです。	yō desu	よう です
Event.cs.1829	重大な	jūdai na	じゅうだい な
Event.cs.1829	起こるのでしょう。	okoru no deshō	おこる の でしょう
Event.cs.1831	恥ずかしそうですが、	hazukashisō desu ga	はずかしそう です が
Event.cs.1831	しあわせそうです。	shiawase sō desu	しあわせ そう です
Event.cs.1832	ようです。	yō desu	よう です
Event.cs.1833	恥ずかしそうですが、	hazukashisō desu ga	はずかしそう です が
Event.cs.1833	しあわせそうです。	shiawase sō desu	しあわせ そう です
Event.cs.1834	ようです。	yō desu	よう です
Event.cs.1837	ふうむ…	fūmu	ふうむ
Event.cs.1837	占ってみましょう。	uranatte mimashō	うらなって みましょう
Event.cs.1838	ふうむ…	fūmu	ふうむ
Event.cs.1838	占ってみましょう。	uranatte mimashō	うらなって みましょう
Event.cs.1843	きょうみ深い…	kyōmibukai	きょうみぶかい
Event.cs.1843	牧場	bokujō	ぼくじょう
Event.cs.1843	ようです。	yō desu	よう です
Event.cs.1845	年をとって、 	toshi o totte	とし を とって
Event.cs.1845	夕暮れ時	yūguredoki	ゆうぐれどき
Event.cs.1845	向こうで 	mukō de	むこう で
Event.cs.1845	夕食	yūshoku	ゆうしょく
Event.cs.1845	急ぐように 	isogu yō ni	いそぐ よう に
Event.cs.1846	水晶球	suishōkyū	すいしょうきゅう
Event.cs.1846	牧場	bokujō	ぼくじょう
Event.cs.1846	収穫する 	shūkaku suru	しゅうかく する
Event.cs.1847	水晶球	suishōkyū	すいしょうきゅう
Event.cs.1847	宝石	hōseki	ほうせき
Event.cs.1847	目を凝らしている	me o korashite iru	め を こらして いる
Event.cs.1847	ようです！ 	yō desu	よう です
Event.cs.1847	宝石	hōseki	ほうせき
Event.cs.1847	は、 	wa	は
Event.cs.1848	水晶球	suishōkyū	すいしょうきゅう
Event.cs.1848	ようですね！ 	yō desu ne	よう です ね
Event.cs.1849	水晶球	suishōkyū	すいしょうきゅう
Event.cs.1849	大きなもの	ōki na mono	おうき な もの
Event.cs.1850	水晶球	suishōkyū	すいしょうきゅう
Event.cs.1850	は… 	wa	は
Event.cs.1850	ようです。 	yō desu	よう です
Event.cs.1850	貴重で 	kichō de	きちょう で
Event.cs.1851	水晶球	suishōkyū	すいしょうきゅう
Event.cs.1851	黄金の 	ōgon no	おうごん の
Event.cs.1851	ようですね。 	yō desu ne	よう です ね
Event.cs.1851	勝負	shōbu	しょうぶ
Event.cs.1852	ああ… 	ā	ああ
Event.cs.1852	水晶球	suishōkyū	すいしょうきゅう
Event.cs.1853	ごきげんよう。	gokigen yō	ごきげん よう
Event.cs.1871	大きく	ōkiku	おうきく
Event.cs.1872	大きくて	ōkikute	おうきくて
Execute	実行	jikkō	じっこう
FantasyBoardGame.cs.11980	評価： 	hyōka	ひょうか
FarmComputer_FarmCave	農場	nōjō	のうじょう
FarmComputer_FarmCave	洞窟：	dōkutsu	どうくつ
FarmComputer_Intro_Farm	農場	nōjō	のうじょう
FarmComputer_TotalCrops	総	sō	そう
FarmComputer_TotalForage	飼料	shiryō	しりょう
FarmComputer_TotalOpenHoeDirt	耕作地：	kōsakuchi	こうさくち
Farmer.cs.1918	15個 	jūgoko	じゅうごこ
Farmer.cs.1918	をあげよう。 ^ - 	o ageyō	を あげよう
Farmer.cs.1972	牧場	bokujō	ぼくじょう
Farmer.cs.1991	農業	nōgyō	のうぎょう
Farmer.cs.1992	採鉱	saikō	さいこう
Farmer.cs.1995	幸運	kōun	こううん
Farmer.cs.1996	戦闘	sentō	せんとう
Farmer.cs.2016	牧場	bokujō	ぼくじょう
Farmer.cs.2016	王	ō	おう
Farmer.cs.2018	農業者	nōgyōsha	のうぎょうしゃ
Farmer.cs.2019	牧場主	bokujōnushi	ぼくじょうぬし
Farmer.cs.2020	動物飼育者	dōbutsu shiikusha	どうぶつ しいくしゃ
Farmer.cs.2021	農耕者	nōkōsha	のうこうしゃ
Farmer.cs.2022	牧場経営者	bokujō keieisha	ぼくじょう けいえいしゃ
Farmer.cs.2023	牧場	bokujō	ぼくじょう
Farmer.cs.2024	牧場	bokujō	ぼくじょう
Farmer.cs.2026	小作農者	kosaku nōsha	こさく のうしゃ
Farmer.cs.2027	耕作者	kōsakusha	こうさくしゃ
Farmer.cs.2028	労働者	rōdōsha	ろうどうしゃ
FishingGame.cs.12013	報酬： 	hōshū	ほうしゅう
FishingGame.cs.12021	報酬	hōshū	ほうしゅう
FishingQuest.cs.13228	ようです。	yō desu	よう です
FishingQuest.cs.13231	ありがとうございます！$h#$b#	arigatō gozaimasu	ありがとう ございます
FishingQuest.cs.13234	向こう見ずな 	mukōmizu na	むこうみず な
FishingQuest.cs.13234	多く 	ōku	おうく
FishingQuest.cs.13234	ようです。	yō desu	よう です
FishingQuest.cs.13236	遺伝子操作	idenshi sōsa	いでんし そうさ
FishingQuest.cs.13236	養殖場	yōshokujō	ようしょくじょう
FishingQuest.cs.13248	ように、	yō ni	よう に
FishingQuest.cs.13248	賞金	shōkin	しょうきん
FishingQuest.cs.13256	よくやったじゃねえか！$h#$b#	yoku yatta ja nē ka	よく やった じゃ ねい か
FishingQuest.cs.13256	なあ？ 	nā	なあ
FishingQuest.cs.13268	まあ、 	mā	まあ
FishingQuest.cs.13268	報酬だ。 	hōshū da	ほうしゅう だ
FishingQuest.cs.13268	おめでとう。$h	omedetō	おめでとう
FishingQuest.cs.13274	賞金	shōkin	しょうきん
FishingRod.cs.14068	伝説級の 	densetsu kyū no	でんせつ きゅう の
FishingRod.cs.14100	拡張されました。	kakuchō saremashita	かくちょう されました
Fishing_Channel_Intro	ありがとう。	arigatō	ありがとう
Fishing_Channel_Intro	釣り情報	tsuri jōhō	つり じょうほう
Fishing_Channel_Intro	紹介していく	shōkai shite iku	しょうかい して いく
FrogCave	食いしん坊	kuishinbō	くいしんぼう
FrogCave	洞窟	dōkutsu	どうくつ
Furniture.cs.12629	必要が 	hitsuyō ga	ひつよう が
Furniture_Decoration	装飾品	sōshokuhin	そうしょくひん
Furniture_Outdoors	屋外用	okugai yō	おくがい よう
Game1.cs.2574	有効。	yūkō	ゆうこう
Game1.cs.2634	牧場	bokujō	ぼくじょう
Game1.cs.2782	そうでしょ？$h#$e#	sō desho	そう でしょ
Game1.cs.2782	牧場	bokujō	ぼくじょう
Game1.cs.2782	戻りましょう。	modorimashō	もどりましょう
Game1.cs.2973	今日	kyō	きょう
Game1.cs.2973	準備中です。 	junbi chū desu	じゅんび ちゅう です
Game1.cs.3094	大好物	daikōbutsu	だいこうぶつ
Game1.cs.3095	変な感じでは 	hen na kanji de wa	へん な かんじ で は
Game1.cs.3095	好物	kōbutsu	こうぶつ
Game1.cs.3099	大好物	daikōbutsu	だいこうぶつ
Game1.cs.3099	ありがとう！)	arigatō	ありがとう
Game1.cs.3101	上昇しました。	jōshō shimashita	じょうしょう しました
Game1.cs.3209	使用中	shiyō chū	しよう ちゅう
Game1.cs.3210	未使用	mishiyō	みしよう
Game1.cs.3666	起動。 	kidō	きどう
Game1.cs.3666	終了します。	shūryō shimasu	しゅうりょう します
Game1.cs.3685	強制終了しました…	kyōsei shūryō shimashita	きょうせい しゅうりょう しました
Game1.cs.3747	疲労	hirō	ひろう
GameLocation.cs.8429	一通も 	ittsū mo	いっつう も
GameLocation.cs.8525	必要が 	hitsuyō ga	ひつよう が
GameLocation.cs.8708	大きな 	ōki na	おうき な
GrandpaStory.cs.12030	読んでは　いけないよ。	yonde wa ikenai yo	よんで は いけない よ
GrandpaStory.cs.12036	失ってしまいそうな時、　	ushinatte shimaisō na toki	うしなって しまいそう な とき
GrandpaStory.cs.12038	失ってしまいそうな時、　	ushinatte shimaisō na toki	うしなって しまいそう な とき
GrandpaStory.cs.12040	それじゃあ、　	sore jā	それ じゃあ
GrandpaStory.cs.12051	へ　^^	e	へ
GrandpaStory.cs.12051	を読んでいる	o yonde iru	を よんで いる
GrandpaStory.cs.12051	ということは、	to iu koto wa	と いう こと は
GrandpaStory.cs.12051	願っているのだろう。^^	negatte iru no darō	ねがって いる の だろう
GrandpaStory.cs.12051	をすてて、	o sutete	を すてて
GrandpaStory.cs.12051	本当の	hontō no	ほんとう の
GrandpaStory.cs.12051	同封しておいたよ。	dōfū shite oita yo	どうふう して おいた よ
GrandpaStory.cs.12051	あそこは…	asoko wa	あそこ は
GrandpaStory.cs.12051	牧場	bokujō	ぼくじょう
GrandpaStory.cs.12051	は、	wa	は
GrandpaStory.cs.12051	場所は、	basho wa	ばしょ は
GrandpaStory.cs.12051	最高の	saikō no	さいこう の
GrandpaStory.cs.12051	を、	o	を
GrandpaStory.cs.12051	にゆずろう。	ni yuzurō	に ゆずろう
GrandpaStory.cs.12051	愛をこめて。^^	ai o komete	あい を こめて
GrandpaStory.cs.12055	へ　^^	e	へ
GrandpaStory.cs.12055	を読んでいる	o yonde iru	を よんで いる
GrandpaStory.cs.12055	ということは、	to iu koto wa	と いう こと は
GrandpaStory.cs.12055	願っているのだろう。^^	negatte iru no darō	ねがって いる の だろう
GrandpaStory.cs.12055	をすてて、	o sutete	を すてて
GrandpaStory.cs.12055	本当の	hontō no	ほんとう の
GrandpaStory.cs.12055	同封しておいたよ。	dōfū shite oita yo	どうふう して おいた よ
GrandpaStory.cs.12055	あそこは…	asoko wa	あそこ は
GrandpaStory.cs.12055	牧場	bokujō	ぼくじょう
GrandpaStory.cs.12055	は、	wa	は
GrandpaStory.cs.12055	場所は、	basho wa	ばしょ は
GrandpaStory.cs.12055	最高の	saikō no	さいこう の
GrandpaStory.cs.12055	を、	o	を
GrandpaStory.cs.12055	にゆずろう。	ni yuzurō	に ゆずろう
GrandpaStory.cs.12055	愛をこめて。^^	ai o komete	あい を こめて
HUDMessage.cs.3824	を解除： 	o kaijo	を かいじょ
HoeDirt.cs.13915	必要です	hitsuyō desu	ひつよう です
HoeDirt.cs.13916	必要あり	hitsuyō ari	ひつよう あり
HoeDirt.cs.13919	牧場	bokujō	ぼくじょう
Insert	挿入	sōnyū	そうにゅう
IslandTrader1	交換しよう…	kōkan shiyō	こうかん しよう
IslandTrader4_female	交換しよう、	kōkan shiyō	こうかん しよう
IslandTrader4_male	交換しよう、	kōkan shiyō	こうかん しよう
IslandTraderSecret	ねえ！	nē	ねい
IslandTraderSecret	の最終日	no saishūbi	の さいしゅうび
IslandTraderSecret	のべ棒	nobebō	のべぼう
ItemDeliveryQuest.cs.13299	欲しいのは	hoshii no wa	ほしい の は
ItemDeliveryQuest.cs.13300	探しているのは	sagashite iru no wa	さがして いる の は
ItemDeliveryQuest.cs.13301	欲しいのは	hoshii no wa	ほしい の は
ItemDeliveryQuest.cs.13306	牧場主	bokujōnushi	ぼくじょうぬし
ItemDeliveryQuest.cs.13307	報酬	hōshū	ほうしゅう
ItemDeliveryQuest.cs.13311	を持ってきてくれませんか？
	o motte kite kuremasen ka	を もって きて くれません か
ItemDeliveryQuest.cs.13311	研究	kenkyū	けんきゅう
ItemDeliveryQuest.cs.13311	必要なのです。	hitsuyō na no desu	ひつよう な の です
ItemDeliveryQuest.cs.13314	を探しています。	o sagashite imasu	を さがして います
ItemDeliveryQuest.cs.13317	をほしがってるの。	o hoshigatteru no	を ほしがってる の
ItemDeliveryQuest.cs.13320	をあげたいの。	o agetai no	を あげたい の
ItemDeliveryQuest.cs.13320	は、	wa	は
ItemDeliveryQuest.cs.13324	憂うつなんだ… 	yūutsu na n da	ゆううつ な ん だ
ItemDeliveryQuest.cs.13327	をぶん投げたい	o bunnagetai	を ぶんなげたい
ItemDeliveryQuest.cs.13333	を探しています。	o sagashite imasu	を さがして います
ItemDeliveryQuest.cs.13334	が必要です。	ga hitsuyō desu	が ひつよう です
ItemDeliveryQuest.cs.13349	の夕食	no yūshoku	の ゆうしょく
ItemDeliveryQuest.cs.13350	軽食用	keishoku yō	けいしょく よう
ItemDeliveryQuest.cs.13350	冷凍する	reitō suru	れいとう する
ItemDeliveryQuest.cs.13351	の昼食	no chūshoku	の ちゅうしょく
ItemDeliveryQuest.cs.13355	風味	fūmi	ふうみ
ItemDeliveryQuest.cs.13356	気分高揚	kibun kōyō	きぶん こうよう
ItemDeliveryQuest.cs.13357	朝食	chōshoku	ちょうしょく
ItemDeliveryQuest.cs.13367	肥料	hiryō	ひりょう
ItemDeliveryQuest.cs.13367	が必要なんです。	ga hitsuyō na n desu	が ひつよう な ん です
ItemDeliveryQuest.cs.13370	をたのむ。	o tanomu	を たのむ
ItemDeliveryQuest.cs.13373	を届けてくれる方	o todokete kureru kata	を とどけて くれる かた
ItemDeliveryQuest.cs.13373	募集中です。	boshū chū desu	ぼしゅう ちゅう です
ItemDeliveryQuest.cs.13373	報酬	hōshū	ほうしゅう
ItemDeliveryQuest.cs.13378	憂うつなんだ… 	yūutsu na n da	ゆううつ な ん だ
ItemDeliveryQuest.cs.13381	…どうも	dōmo	どうも
ItemDeliveryQuest.cs.13383	を作る	o tsukuru	を つくる
ItemDeliveryQuest.cs.13383	を使いたいです。	o tsukaitai desu	を つかいたい です
ItemDeliveryQuest.cs.13396	料理	ryōri	りょうり
ItemDeliveryQuest.cs.13420	夕食	yūshoku	ゆうしょく
ItemDeliveryQuest.cs.13446	のペーストは、	no pēsuto wa	ノ ペースト は
ItemDeliveryQuest.cs.13451	通風	tsūfū	つうふう
ItemDeliveryQuest.cs.13452	口臭	kōshū	こうしゅう
ItemDeliveryQuest.cs.13456	歯痛	shitsū	しつう
ItemDeliveryQuest.cs.13457	消化不良	shōka furyō	しょうか ふりょう
ItemDeliveryQuest.cs.13458	偏頭痛	hentsūtsū	へんつうつう
ItemDeliveryQuest.cs.13462	やあ！	yā	やあ
ItemDeliveryQuest.cs.13462	をつかいいたいんだ。	o tsukaiitai n da	を つかいいたい ん だ
ItemDeliveryQuest.cs.13462	お礼をするよ。     -	o-rei o suru yo	おれい を する よ
ItemDeliveryQuest.cs.13464	今日明日	kyō ashita	きょう あした
ItemDeliveryQuest.cs.13469	曽祖父	sōsofu	そうそふ
ItemDeliveryQuest.cs.13473	を打ってくれない？	o utte kurenai	を うって くれない
ItemDeliveryQuest.cs.13473	必要なんだ。	hitsuyō na n da	ひつよう な ん だ
ItemDeliveryQuest.cs.13476	をつかいたいんだ。	o tsukaitai n da	を つかいたい ん だ
ItemDeliveryQuest.cs.13481	を探しています。	o sagashite imasu	を さがして います
ItemDeliveryQuest.cs.13482	報酬	hōshū	ほうしゅう
ItemDeliveryQuest.cs.13483	 報酬	hōshū	ほうしゅう
ItemDeliveryQuest.cs.13491	を分けてくれませんか？	o wakete kuremasen ka	を わけて くれません か
ItemDeliveryQuest.cs.13492	を分けてくれませんか？	o wakete kuremasen ka	を わけて くれません か
ItemDeliveryQuest.cs.13494	が必要です。	ga hitsuyō desu	が ひつよう です
ItemDeliveryQuest.cs.13497	を切らしてしまいそうです。	o kirashite shimaisō desu	を きらして しまいそう です
ItemDeliveryQuest.cs.13500	を、	o	を
ItemDeliveryQuest.cs.13500	必要です。	hitsuyō desu	ひつよう です
ItemDeliveryQuest.cs.13518	を取ってきてくれる人	o totte kite kureru hito	を とって きて くれる ひと
ItemDeliveryQuest.cs.13518	を探しています。	o sagashite imasu	を さがして います
ItemDeliveryQuest.cs.13518	は出します。	wa dashimasu	は だします
ItemDeliveryQuest.cs.13520	を市場価格	o shijō kakaku	を しじょう かかく
ItemDeliveryQuest.cs.13523	を市場価格	o shijō kakaku	を しじょう かかく
ItemDeliveryQuest.cs.13526	おお！	ō	おう
ItemDeliveryQuest.cs.13534	を見てくれたのか。^	o mite kureta no ka	を みて くれた の か
ItemDeliveryQuest.cs.13534	を見てくれたんだね。	o mite kureta n da ne	を みて くれた ん だ ね
ItemDeliveryQuest.cs.13535	を見てくれたのか。^	o mite kureta no ka	を みて くれた の か
ItemDeliveryQuest.cs.13535	お知らせを	o-shirase o	おしらせ を
ItemDeliveryQuest.cs.13535	を見てくれたんだね。	o mite kureta n da ne	を みて くれた ん だ ね
ItemDeliveryQuest.cs.13536	を見てくれたのか。^	o mite kureta no ka	を みて くれた の か
ItemDeliveryQuest.cs.13536	を見てくれたんだね。	o mite kureta n da ne	を みて くれた ん だ ね
ItemDeliveryQuest.cs.13538	 本当に	hontō ni	ほんとう に
ItemDeliveryQuest.cs.13538	ありがとう！	arigatō	ありがとう
ItemDeliveryQuest.cs.13542	これは、	kore wa	これ は
ItemDeliveryQuest.cs.13542	手間をかけてくれた 	tema o kakete kureta	てま を かけて くれた
ItemDeliveryQuest.cs.13543	報酬です。	hōshū desu	ほうしゅう です
ItemDeliveryQuest.cs.13546	魔法薬作り	mahōyaku zukuri	まほうやく ずくり
ItemDeliveryQuest.cs.13546	を必要と 	o hitsuyō to	を ひつよう と
ItemDeliveryQuest.cs.13546	研究室	kenkyūshitsu	けんきゅうしつ
ItemDeliveryQuest.cs.13548	は、	wa	は
ItemDeliveryQuest.cs.13548	を調べる	o shiraberu	を しらべる
ItemDeliveryQuest.cs.13548	を探し求めている。	o sagashimotomete iru	を さがしもとめて いる
ItemDeliveryQuest.cs.13548	協力者	kyōryokusha	きょうりょくしゃ
ItemDeliveryQuest.cs.13548	報酬を支払おう。	hōshū o shiharaō	ほうしゅう を しはらおう
ItemDeliveryQuest.cs.13551	を探している。	o sagashite iru	を さがして いる
ItemDeliveryQuest.cs.13553	を探している。	o sagashite iru	を さがして いる
ItemDeliveryQuest.cs.13555	おお、 	ō	おう
ItemDeliveryQuest.cs.13555	報酬を 	hōshū o	ほうしゅう を
ItemDeliveryQuest.cs.13555	やろう。	yarō	やろう
ItemDeliveryQuest.cs.13557	を持ってきてくれたら、	o motte kite kuretara	を もって きて くれたら
ItemDeliveryQuest.cs.13557	を約束しちゃう！　-	o yakusoku shichau	を やくそく しちゃう
ItemDeliveryQuest.cs.13560	を持ってきてくれる	o motte kite kureru	を もって きて くれる
ItemDeliveryQuest.cs.13560	をさがしてます。       -	o sagashitemasu	を さがしてます
ItemDeliveryQuest.cs.13560	ねえ…	nē	ねい
ItemDeliveryQuest.cs.13560	を手に入れたいの…	o te ni iretai no	を て に いれたい の
ItemDeliveryQuest.cs.13560	ヒミツは守ってね！      -	himitsu wa mamotte ne	ヒミツ は マモッテ ネ
ItemDeliveryQuest.cs.13566	そうそう、	sō sō	そう そう
ItemDeliveryQuest.cs.13568	に必要なんだけど、	ni hitsuyō na n da kedo	に ひつよう な ん だ けど
ItemDeliveryQuest.cs.13568	を持ってきてくれないか？    -	o motte kite kurenai ka	を もって きて くれない か
ItemDeliveryQuest.cs.13571	を持ってきてくれるヤツ	o motte kite kureru yatsu	を モッテ キテ クレル ヤツ
ItemDeliveryQuest.cs.13571	はいないか？       -	wa inai ka	は いない か
ItemDeliveryQuest.cs.13571	を持ってきてくれる	o motte kite kureru	を もって きて くれる
ItemDeliveryQuest.cs.13571	募集中だぜ。  (^_-)      -	boshū chū da ze	ぼしゅう ちゅう だ ぜ
ItemDeliveryQuest.cs.13577	おっ、	o	を
ItemDeliveryQuest.cs.13583	の動力源	no dōryokugen	の どうりょくげん
ItemDeliveryQuest.cs.13583	を探しています。	o sagashite imasu	を さがして います
ItemDeliveryQuest.cs.13585	わあ！	wā	わあ
ItemDeliveryQuest.cs.13585	ありがとう、	arigatō	ありがとう
ItemDeliveryQuest.cs.13587	そうそう、 	sō sō	そう そう
ItemDeliveryQuest.cs.13587	を動かす	o ugokasu	を うごかす
ItemDeliveryQuest.cs.13587	これが必要だったの。#$b#	kore ga hitsuyō datta no	これ が ひつよう だった の
ItemDeliveryQuest.cs.13587	ありがとう！$h	arigatō	ありがとう
ItemDeliveryQuest.cs.13590	ねえ、	nē	ねい
ItemDeliveryQuest.cs.13593	をしかけたいんだけど、	o shikaketai n da kedo	を しかけたい ん だ けど
ItemDeliveryQuest.cs.13597	おもしろくなかったなあ…$s#$b#	omoshirokunakatta nā	おもしろくなかった なあ
ItemDeliveryQuest.cs.13597	まあ、	mā	まあ
ItemDeliveryQuest.cs.13599	にはナイショだからね。$h	ni wa naisho da kara ne	ニ は ナイショ ダ カラ ネ
ItemDeliveryQuest.cs.13602	おっ、 	o	を
ItemDeliveryQuest.cs.13602	ありがとう。 	arigatō	ありがとう
ItemDeliveryQuest.cs.13604	本当に 	hontō ni	ほんとう に
ItemDeliveryQuest.cs.13615	必要なんだ。	hitsuyō na n da	ひつよう な ん だ
ItemRecovery_Description	を幾つか	o ikutsuka	を いくつか
ItemRecovery_Description	無料で	muryō de	むりょう で
ItemRecovery_Description	慎重に	shinchō ni	しんちょう に
ItemRecovery_Engaged	を探してみます。	o sagashite mimasu	を さがして みます
ItemRecovery_Engaged_Stack	を探してみます。	o sagashite mimasu	を さがして みます
JunimoNoteMenu.cs.10783	報酬	hōshū	ほうしゅう
KeyToTheTown_desc	一日中	ichinichi jū	いちにち じゅう
KrobusShopGone	は箱のなか	wa hako no naka	は はこ の なか
Krobus_AfterWedding	おはようございます、	ohayō gozaimasu	おはよう ございます
Krobus_AfterWedding	多少	tashō	たしょう
Krobus_AfterWedding	時間がかかるでしょう…	jikan ga kakaru deshō	じかん が かかる でしょう
Krobus_AfterWedding	下水道	gesuidō	げすいどう
Krobus_AfterWedding	とは、	to wa	と は
Krobus_Engaged	どうやって…	dō yatte	どう やって
Krobus_Engaged	には内緒で	ni wa naisho de	に は ないしょ で
Krobus_Engaged	数日後	sūjitsu go	すうじつ ご
Language.5	中国語	chūgokugo	ちゅうごくご
LoadGameMenu.cs.11019	牧場	bokujō	ぼくじょう
LoadGameMenu.cs.11023	を削除しますか？： 	o sakujo shimasu ka	を さくじょ します か
MapPage.cs.11064	牧場	bokujō	ぼくじょう
MapPage.cs.11067	塔	tō	とう
MapPage.cs.11068	牧場	bokujō	ぼくじょう
MapPage.cs.11069	営業時間： 	eigyō jikan	えいぎょう じかん
MapPage.cs.11069	営業)	eigyō	えいぎょう
MapPage.cs.11076	診療所	shinryōjo	しんりょうじょ
MapPage.cs.11077	営業時間： 	eigyō jikan	えいぎょう じかん
MapPage.cs.11080	営業時間： 	eigyō jikan	えいぎょう じかん
MapPage.cs.11080	(水曜 	suiyō	すいよう
MapPage.cs.11080	定休日)	teikyūbi	ていきゅうび
MapPage.cs.11080_ExtendedHours	営業時間： 	eigyō jikan	えいぎょう じかん
MapPage.cs.11082	営業時間： 	eigyō jikan	えいぎょう じかん
MapPage.cs.11084	営業時間： 	eigyō jikan	えいぎょう じかん
MapPage.cs.11085	町長	chōchō	ちょうちょう
MapPage.cs.11087	営業時間： 	eigyō jikan	えいぎょう じかん
MapPage.cs.11089	下水道	gesuidō	げすいどう
MapPage.cs.11094	作業場	sagyōba	さぎょうば
MapPage.cs.11096	営業時間： 	eigyō jikan	えいぎょう じかん
MapPage.cs.11096	営業)	eigyō	えいぎょう
MapPage.cs.11098	鉱山	kōzan	こうざん
MapPage.cs.11099	冒険者	bōkensha	ぼうけんしゃ
MapPage.cs.11100	営業時間： 	eigyō jikan	えいぎょう じかん
MapPage.cs.11106	営業時間： 	eigyō jikan	えいぎょう じかん
MapPage.cs.11106	午後11時	gogo jūichiji	ごご じゅういちじ
MapPage.cs.11108	営業時間： 	eigyō jikan	えいぎょう じかん
MapPage.cs.11111	24時間	nijūyo jikan	にじゅうよ じかん
MapPage.cs.11111	営業	eigyō	えいぎょう
MapPage.cs.11117	公民館	kōminkan	こうみんかん
MeleeWeapon.cs.14122	を変えた！ 	o kaeta	を かえた
MeleeWeapon.cs.14122	を手に入れた^	o te ni ireta	を て に いれた
MeleeWeapon.cs.14140	防御	bōgyo	ぼうぎょ
MilkPail.cs.14177	今は 	ima wa	いま は
MiniObelisk_NeedsPair	必要です。	hitsuyō desu	ひつよう です
MovieTheaterBoxOffice	は、	wa	は
MovieTheaterBoxOffice	購入しましょう！	kōnyū shimashō	こうにゅう しましょう
MovieTheaterBoxOffice	招待しましょう！	shōtai shimashō	しょうたい しましょう
MovieTheaterConcessions1	はいかがですか？	wa ikaga desu ka	は いかが です か
MovieTheaterConcessions2	おなかをすかせてそうですね。	onaka o sukasete sō desu ne	おなか を すかせて そう です ね
MovieTheaterConcessions4	が欲しそうですね。	ga hoshisō desu ne	が ほしそう です ね
MovieTheaterConcessions4	何でしょうか？	nan deshō ka	なん でしょう か
MovieTheater_Hours	(営業時間 	eigyō jikan	えいぎょう じかん
MultiplePetBowls_watered	を入れた。	o ireta	を いれた
MustBePlacedInBarn	必要があります。	hitsuyō ga arimasu	ひつよう が あります
NPC.cs.3927	作業	sagyō	さぎょう
NPC.cs.3957	冗談か？ 	jōdan ka	じょうだん か
NPC.cs.3957	冗談なの？ 	jōdan na no	じょうだん な の
NPC.cs.3960	えっ？ 	e	へ
NPC.cs.3961	どうしよう。 	dō shiyō	どう しよう
NPC.cs.3962	そうしよう。$l#$e#	sō shiyō	そう しよう
NPC.cs.3962	を 考えてる	o kangaeteru	を かんがえてる
NPC.cs.3962	そうしましょう。$l#$e#	sō shimashō	そう しましょう
NPC.cs.3962	を 考えてる	o kangaeteru	を かんがえてる
NPC.cs.3963	付き合っちゃおうか？$l#$e#	tsukiatchaō ka	つきあっちゃおう か
NPC.cs.3963	付き合っちゃおうの？$l#$e#	tsukiatchaō no	つきあっちゃおう の
NPC.cs.3968	を 言ってるんだ！$s/	o itteru n da	を いってる ん だ
NPC.cs.3968	を 言ってるの！$s	o itteru no	を いってる の
NPC.cs.3969	は 今、 	wa ima	は いま
NPC.cs.3969	ようです。	yō desu	よう です
NPC.cs.3971	冗談だ。	jōdan da	じょうだん だ
NPC.cs.3972	えっ！ …$l#$b#	e	へ
NPC.cs.3972	今は、 	ima wa	いま は
NPC.cs.3973	そんな風に 	sonna fū ni	そんな ふう に
NPC.cs.3980	しよう。	shiyō	しよう
NPC.cs.3981	を渡した。	o watashita	を わたした
NPC.cs.3985	きょう、	kyō	きょう
NPC.cs.3985	を贈った	o okutta	を おくった
NPC.cs.3987	今週、	konshū	こんしゅう
NPC.cs.3987	を渡している！	o watashite iru	を わたして いる
NPC.cs.3987	もう十分だ。	mō jūbun da	もう じゅうぶん だ
NPC.cs.3990	興味深い…#$e#	kyōmibukai	きょうみぶかい
NPC.cs.3990	貴重な 	kichō na	きちょう な
NPC.cs.3990	商人だ。	shōnin da	しょうにん だ
NPC.cs.4001	ねぇ… 	nē	ねい
NPC.cs.4001	愛情	aijō	あいじょう
NPC.cs.4018	ああ。	ā	ああ
NPC.cs.4020	そのとおりだ。 	sono tōri da	その とうり だ
NPC.cs.4021	それは… 	sore wa	それ は
NPC.cs.4061	やあ。	yā	やあ
NPC.cs.4068	どうも、	dōmo	どうも
NPC.cs.4091	を教えてあげる。	o oshiete ageru	を おしえて あげる
NPC.cs.4091	を教えてあげる。	o oshiete ageru	を おしえて あげる
NPC.cs.4094	をあげるといいよ。	o ageru to ii yo	を あげる と いい よ
NPC.cs.4097	をあげるといいよ。	o ageru to ii yo	を あげる と いい よ
NPC.cs.4100	をあげるといいよ。	o ageru to ii yo	を あげる と いい よ
NPC.cs.4103	をあげるといいよ。	o ageru to ii yo	を あげる と いい よ
NPC.cs.4118	を渡したら、	o watashitara	を わたしたら
NPC.cs.4118	に熱中してたよ。	ni netchū shiteta yo	に ねっちゅう してた よ
NPC.cs.4120	を渡したら、	o watashitara	を わたしたら
NPC.cs.4120	に熱中してたよ。	ni netchū shiteta yo	に ねっちゅう してた よ
NPC.cs.4125	に なるだろう。	ni naru darō	に なる だろう
NPC.cs.4126	を渡せば、	o wataseba	を わたせば
NPC.cs.4128	を渡せば、	o wataseba	を わたせば
NPC.cs.4135	を見ると	o miru to	を みる と
NPC.cs.4138	を見ると	o miru to	を みる と
NPC.cs.4146	気をつけるんだ。/	ki o tsukeru n da	き を つける ん だ
NPC.cs.4146	気を付けてね: 	ki o tsukete ne	き を つけて ね
NPC.cs.4149	は渡さないことだね。	wa watasanai koto da ne	は わたさない こと だ ね
NPC.cs.4149	ほんとうに大嫌いなんだ。/	hontō ni daikirai na n da	ほんとう に だいきらい な ん だ
NPC.cs.4149	は渡さないでね。	wa watasanaide ne	は わたさないで ね
NPC.cs.4149	ほんとうに大嫌いみたい。	hontō ni daikirai mitai	ほんとう に だいきらい みたい
NPC.cs.4152	は渡さないこと。	wa watasanai koto	は わたさない こと
NPC.cs.4152	ほんとうに大嫌いなんだよ。/	hontō ni daikirai na n da yo	ほんとう に だいきらい な ん だ よ
NPC.cs.4152	は渡さないでね。	wa watasanaide ne	は わたさないで ね
NPC.cs.4152	ほんとうに大嫌いみたい。	hontō ni daikirai mitai	ほんとう に だいきらい みたい
NPC.cs.4153	は渡さないことだね。	wa watasanai koto da ne	は わたさない こと だ ね
NPC.cs.4153	ほんとうに大嫌いなんだ。/	hontō ni daikirai na n da	ほんとう に だいきらい な ん だ
NPC.cs.4153	は渡さないでね。	wa watasanaide ne	は わたさないで ね
NPC.cs.4153	ほんとうに大嫌みたい。	hontō ni daikira mitai	ほんとう に だいきら みたい
NPC.cs.4154	は渡さないこと。	wa watasanai koto	は わたさない こと
NPC.cs.4154	ほんとうに大嫌いなんだよ。/	hontō ni daikirai na n da yo	ほんとう に だいきらい な ん だ よ
NPC.cs.4154	は渡さないでね。	wa watasanaide ne	は わたさないで ね
NPC.cs.4154	ほんとうに大嫌いみたい。	hontō ni daikirai mitai	ほんとう に だいきらい みたい
NPC.cs.4161	冗談	jōdan	じょうだん
NPC.cs.4161	をしかけたいなら、	o shikaketai nara	を しかけたい なら
NPC.cs.4161	をやるといいよ。	o yaru to ii yo	を やる と いい よ
NPC.cs.4164	冗談	jōdan	じょうだん
NPC.cs.4164	をしかけたいなら、	o shikaketai nara	を しかけたい なら
NPC.cs.4164	をやるといいよ。	o yaru to ii yo	を やる と いい よ
NPC.cs.4180	あるんだろう。	aru n darō	ある ん だろう
NPC.cs.4182	を嫌ってる。 	o kiratteru	を きらってる
NPC.cs.4182	理由	riyū	りゆう
NPC.cs.4182	は知らないほうがいいだろう。	wa shiranai hō ga ii darō	は しらない ほう が いい だろう
NPC.cs.4274	誕生日	tanjōbi	たんじょうび
NPC.cs.4274	を覚えていたのか？ 	o oboete ita no ka	を おぼえて いた の か
NPC.cs.4274	ありがとう。$h/	arigatō	ありがとう
NPC.cs.4274	誕生日	tanjōbi	たんじょうび
NPC.cs.4274	を覚えていたの？ 	o oboete ita no	を おぼえて いた の
NPC.cs.4274	うれしいわ。	ureshii wa	うれしい は
NPC.cs.4274	ありがとう。$h	arigatō	ありがとう
NPC.cs.4275	どうも、 	dōmo	どうも
NPC.cs.4275	ありがとう！$h	arigatō	ありがとう
NPC.cs.4276	えっ、 	e	へ
NPC.cs.4276	今日	kyō	きょう
NPC.cs.4276	の　誕生日？ 	no tanjōbi	の たんじょうび
NPC.cs.4276	そうかもな。 	sō kamo na	そう かも な
NPC.cs.4276	ありがとう。$h/	arigatō	ありがとう
NPC.cs.4276	誕生日	tanjōbi	たんじょうび
NPC.cs.4276	を覚えていたの？ 	o oboete ita no	を おぼえて いた の
NPC.cs.4276	うれしいわ。	ureshii wa	うれしい は
NPC.cs.4276	ありがとう。$h	arigatō	ありがとう
NPC.cs.4277	誕生日	tanjōbi	たんじょうび
NPC.cs.4277	を覚えていたんだな！ 	o oboete ita n da na	を おぼえて いた ん だ な
NPC.cs.4277	ありがとう。	arigatō	ありがとう
NPC.cs.4277	誕生日	tanjōbi	たんじょうび
NPC.cs.4277	を覚えていたのね！ 	o oboete ita no ne	を おぼえて いた の ね
NPC.cs.4277	ありがとう。	arigatō	ありがとう
NPC.cs.4278	誕生日	tanjōbi	たんじょうび
NPC.cs.4278	冗談だろ？$s/	jōdan daro	じょうだん だろ
NPC.cs.4278	冗談でしょ？ $s	jōdan desho	じょうだん でしょ
NPC.cs.4279	ありがとう…$s/	arigatō	ありがとう
NPC.cs.4279	ありがとう…$s	arigatō	ありがとう
NPC.cs.4280	ありがとう。	arigatō	ありがとう
NPC.cs.4281	ありがとう。/	arigatō	ありがとう
NPC.cs.4281	ありがとう。	arigatō	ありがとう
NPC.cs.4293	何をしやがるんだ？$s/	nani o shiyagaru n da	なに を しやがる ん だ
NPC.cs.4293	なんでそんなことをするの！$s	nande sonna koto o suru no	なんで そんな こと を する の
NPC.cs.4294	なんでそんなことを…$s	nande sonna koto o	なんで そんな こと を
NPC.cs.4420	はぁ…$s	hā	はあ
NPC.cs.4423	大丈夫。$s	daijōbu	だいじょうぶ
NPC.cs.4424	今日	kyō	きょう
NPC.cs.4425	大きく 	ōkiku	おうきく
NPC.cs.4426	えっ… 	e	へ
NPC.cs.4426	掃除しろ	sōji shiro	そうじ しろ
NPC.cs.4426	を 作れ	o tsukure	を つくれ
NPC.cs.4426	はぁ…$a	hā	はあ
NPC.cs.4427	は肌の調子	wa hada no chōshi	は はだ の ちょうし
NPC.cs.4427	を見たらわかるもん。$a	o mitara wakaru mon	を みたら わかる もん
NPC.cs.4429	は寝ぐせ	wa neguse	は ねぐせ
NPC.cs.4429	を見たらわかるさ。$a	o mitara wakaru sa	を みたら わかる さ
NPC.cs.4439	を 育てること	o sodateru koto	を そだてる こと
NPC.cs.4440	養子縁組	yōshi engumi	ようし えんぐみ
NPC.cs.4440	が 通ってくれると いいな。 	ga tōtte kureru to ii na	が とうって くれる と いい な
NPC.cs.4441	養子縁組	yōshi engumi	ようし えんぐみ
NPC.cs.4441	は 出したから、 	wa dashita kara	は だした から
NPC.cs.4441	を 待つだけね。$l	o matsu dake ne	を まつ だけ ね
NPC.cs.4442	うう… 	ū	うう
NPC.cs.4442	気分が悪いわ。$s	kibun ga warui wa	きぶん が わるい は
NPC.cs.4443	は 妊娠してるのよ… 	wa ninshin shiteru no yo	は にんしん してる の よ
NPC.cs.4443	朝食	chōshoku	ちょうしょく
NPC.cs.4443	は 自分で 作ったら？$s	wa jibun de tsukuttara	は じぶん で つくったら
NPC.cs.4444	が できるわね。$l	ga dekiru wa ne	が できる は ね
NPC.cs.4446	でも大丈夫だ。$a/	demo daijōbu da	でも だいじょうぶ だ
NPC.cs.4446	でも大丈夫よ。$a	demo daijōbu yo	でも だいじょうぶ よ
NPC.cs.4449	面倒な 	mendō na	めんどう な
NPC.cs.4449	面倒な 	mendō na	めんどう な
NPC.cs.4452	を してくれる？$a/	o shite kureru	を して くれる
NPC.cs.4452	を してくれる？$a	o shite kureru	を して くれる
NPC.cs.4455	の 朝食	no chōshoku	の ちょうしょく
NPC.cs.4455	を 作ろうとしたけど、 	o tsukurō to shita kedo	を つくろう と した けど
NPC.cs.4455	の 朝食	no chōshoku	の ちょうしょく
NPC.cs.4455	を 作ろうとしたけど、 	o tsukurō to shita kedo	を つくろう と した けど
NPC.cs.4455	気が変わったわ。$a	ki ga kawatta wa	き が かわった は
NPC.cs.4462	を やったよ。 	o yatta yo	を やった よ
NPC.cs.4462	を やったわ。 	o yatta wa	を やった は
NPC.cs.4465	ああ、	ā	ああ
NPC.cs.4466	おはよう、	ohayō	おはよう
NPC.cs.4470	を やろうとしたけど、 	o yarō to shita kedo	を やろう と した けど
NPC.cs.4470	本当に 	hontō ni	ほんとう に
NPC.cs.4470	を やろうとしたけど、 	o yarō to shita kedo	を やろう と した けど
NPC.cs.4470	本当に 	hontō ni	ほんとう に
NPC.cs.4474	動物達	dōbutsu tachi	どうぶつ たち
NPC.cs.4474	を 上げたよ。 	o ageta yo	を あげた よ
NPC.cs.4474	動物達	dōbutsu tachi	どうぶつ たち
NPC.cs.4474	を 上げたわ。 	o ageta wa	を あげた は
NPC.cs.4481	の修理	no shūri	の しゅうり
NPC.cs.4481	を していたんだ。 	o shite ita n da	を して いた ん だ
NPC.cs.4481	新品同様に	shinpin dōyō ni	しんぴん どうよう に
NPC.cs.4481	の修理	no shūri	の しゅうり
NPC.cs.4481	を していたわ。 	o shite ita wa	を して いた は
NPC.cs.4481	新品同様に	shinpin dōyō ni	しんぴん どうよう に
NPC.cs.4486	どう思う、	dō omou	どう おもう
NPC.cs.4488	注文した 	chūmon shita	ちゅうもん した
NPC.cs.4488	注文した 	chūmon shita	ちゅうもん した
NPC.cs.4488	届いたわ。	todoita wa	とどいた は
NPC.cs.4489	もう少し 	mō sukoshi	もう すこし
NPC.cs.4490	今日	kyō	きょう
NPC.cs.4490	は 飾りつけ	wa kazaritsuke	は かざりつけ
NPC.cs.4490	を しようと 思ってたけど、 	o shiyō to omotteta kedo	を しよう と おもってた けど
NPC.cs.4496	どう思う？	dō omou	どう おもう
NPC.cs.4497	どう思う？	dō omou	どう おもう
NPC.cs.4498	はぁ… 	hā	はあ
NPC.cs.4498	はぁ… 	hā	はあ
NPC.cs.4500	掃除でも 	sōji demo	そうじ でも
NPC.cs.4500	掃除でも 	sōji demo	そうじ でも
Nauseous_BuffDescription	病気で	byōki de	びょうき で
NewReward	報酬！	hōshū	ほうしゅう
NoSprinklers	はこの場所	wa kono basho	は この ばしょ
NoSprinklers	では使用できません。	de wa shiyō dekimasen	で は しよう できません
Object.cs.12721	必要です。	hitsuyō desu	ひつよう です
Object.cs.12772	必要	hitsuyō	ひつよう
Object.cs.12777	必要です。	hitsuyō desu	ひつよう です
Object.cs.12783	必要	hitsuyō	ひつよう
Object.cs.12787	必要	hitsuyō	ひつよう
Object.cs.12822	遠くで 	tōku de	とうく で
Object.cs.12850	鉱物	kōbutsu	こうぶつ
Object.cs.12853	料理	ryōri	りょうり
Object.cs.12856	肥料	hiryō	ひりょう
Object.cs.12859	装飾	sōshoku	そうしょく
Object.cs.12862	加工品	kakōhin	かこうひん
Object.cs.12864	動物	dōbutsu	どうぶつ
Object.cs.12926	を 見ていません。	o mite imasen	を みて いません
Object.cs.12927	を1羽	o ichiwa	を いちわ
Object.cs.12929	を{0}羽	o wa	を は
Object.cs.12942	は空です。 	wa kara desu	は から です
Object.cs.12942	を 建設し、 	o kensetsu shi	を けんせつ し
Object.cs.12942	牧草	bokusō	ぼくそう
Object.cs.12942	補充してください。	hojū shite kudasai	ほじゅう して ください
Object.cs.12993	を 手に入れました！ 	o te ni iremashita	を て に いれました
Object.cs.12993	の 館長	no kanchō	の かんちょう
Object.cs.12993	に 見せてみましょう。	ni misete mimashō	に みせて みましょう
Object.cs.12994	を 見つけました。 	o mitsukemashita	を みつけました
Object.cs.12994	が 拡張されました。	ga kakuchō saremashita	が かくちょう されました
Object.cs.12995	を 見つけました！ 	o mitsukemashita	を みつけました
Object.cs.12995	に 砕いてもらいましょう。 	ni kudaite moraimashō	に くだいて もらいましょう
Object.cs.12996	像	zō	ぞう
Object.cs.12996	を 見つけました。	o mitsukemashita	を みつけました
Object.cs.13078	へ 寄贈すれば、 	e kizō sureba	へ きぞう すれば
Object.cs.13078	でしょう。	deshō	でしょう
OnlyPlaceOnFarm	農場	nōjō	のうじょう
Options.cs.4556	自動的に	jidōteki ni	じどうてき に
Options.cs.4558	効果音	kōkaon	こうかおん
Options.cs.4559	文字入力	moji nyūryoku	もじ にゅうりょく
Options.cs.4562	解像度	kaizōdo	かいぞうど
OptionsElement.cs.11225	を 推してください…	o oshite kudasai	を おして ください
OptionsElement.cs.11228	は 割当済みです。 	wa wariate zumi desu	は わりあて ずみ です
OptionsElement.cs.11228	もう一度 	mō ichido	もう いちど
OptionsPage.cs.11234	自動的に	jidōteki ni	じどうてき に
OptionsPage.cs.11235	を表示	o hyōji	を ひょうじ
OptionsPage.cs.11236	商人	shōnin	しょうにん
OptionsPage.cs.11236	を表示	o hyōji	を ひょうじ
OptionsPage.cs.11237	の 使用先	no shiyōsaki	の しようさき
OptionsPage.cs.11237	を 表示	o hyōji	を ひょうじ
OptionsPage.cs.11238	移動中	idō chū	いどう ちゅう
OptionsPage.cs.11238	の 使用先	no shiyōsaki	の しようさき
OptionsPage.cs.11238	を 隠す	o kakusu	を かくす
OptionsPage.cs.11239	表示	hyōji	ひょうじ
OptionsPage.cs.11243	効果音	kōkaon	こうかおん
OptionsPage.cs.11244	環境音	kankyōon	かんきょうおん
OptionsPage.cs.11246	文字入力	moji nyūryoku	もじ にゅうりょく
OptionsPage.cs.11251	解像度	kaizōdo	かいぞうど
OptionsPage.cs.11271	の透明化	no tōmeika	の とうめいか
OptionsPage.cs.11272	の表示	no hyōji	の ひょうじ
OptionsPage.cs.11273	を使用	o shiyō	を しよう
OptionsPage.cs.11274	操作：	sōsa	そうさ
OptionsPage.cs.11275	振動	shindō	しんどう
OptionsPage.cs.11276	を逆転	o gyakuten	を ぎゃくてん
OptionsPage.cs.11277	操作設定	sōsa settei	そうさ せってい
OptionsPage.cs.11279	を使う	o tsukau	を つかう
OptionsPage.cs.11280	を開く	o hiraku	を ひらく
OptionsPage.cs.11281	を開く	o hiraku	を ひらく
OptionsPage.cs.11282	を開く	o hiraku	を ひらく
OptionsPage.cs.11283	へ移動	e idō	へ いどう
OptionsPage.cs.11284	へ移動	e idō	へ いどう
OptionsPage.cs.11285	へ移動	e idō	へ いどう
OptionsPage.cs.11286	へ移動	e idō	へ いどう
OptionsPage_UIScale	の大きさ	no ōkisa	の おうきさ
Options_ToggleAnimalSounds	動物	dōbutsu	どうぶつ
Ostrich_Description	成長した	seichō shita	せいちょう した
Ostrich_Description	は、	wa	は
Ostrich_Description	週に一度	shū ni ichido	しゅう に いちど
Ostrich_Description	とても大きな	totemo ōki na	とても おうき な
Ostrich_Description	を産みます。	o umimasu	を うみます
Pickaxe.cs.14194	を 破壊する	o hakai suru	を はかい する
Pickaxe.cs.14194	を 強化する 	o kyōka suru	を きょうか する
Pickaxe.cs.14194	必要が 	hitsuyō ga	ひつよう が
PurchaseAnimalsMenu.ChooseLocation	動物	dōbutsu	どうぶつ
PurchaseAnimalsMenu.ChooseLocation	を飼いたいですか？	o kaitai desu ka	を かいたい です か
PurchaseAnimalsMenu.cs.11308	が利用できません	ga riyō dekimasen	が りよう できません
PurchaseAnimalsMenu.cs.11311	毎度どうも！	maido dōmo	まいど どうも
PurchaseAnimalsMenu.cs.11314	毎度どうも！	maido dōmo	まいど どうも
PurchaseAnimalsMenu.cs.11321	は 満員です	wa man'in desu	は まんいん です
PurchaseAnimalsMenu.cs.11334	は 毎日 	wa mainichi	は まいにち
PurchaseAnimalsMenu.cs.11334	を 生みます。	o umimasu	を うみます
PurchaseAnimalsMenu.cs.11337	幸福な 	kōfuku na	こうふく な
PurchaseAnimalsMenu.cs.11337	は 数日ごとに 	wa sūjitsu goto ni	は すうじつ ごと に
PurchaseAnimalsMenu.cs.11337	を 生みます。	o umimasu	を うみます
PurchaseAnimalsMenu.cs.11340	数日ごとに 	sūjitsu goto ni	すうじつ ごと に
PurchaseAnimalsMenu.cs.11340	を 採取 	o saishu	を さいしゅ
PurchaseAnimalsMenu.cs.11343	成長すると 	seichō suru to	せいちょう する と
PurchaseAnimalsMenu.cs.11343	を 採取できます。 	o saishu dekimasu	を さいしゅ できます
PurchaseAnimalsMenu.cs.11343	採取には 	saishu ni wa	さいしゅ に は
PurchaseAnimalsMenu.cs.11343	が 必要です。	ga hitsuyō desu	が ひつよう です
PurchaseAnimalsMenu.cs.11344	動物小屋	dōbutsu goya	どうぶつ ごや
PurchaseAnimalsMenu.cs.11346	を 受けた 	o uketa	を うけた
PurchaseAnimalsMenu.cs.11349	から 数日ごとに 	kara sūjitsu goto ni	から すうじつ ごと に
PurchaseAnimalsMenu.cs.11349	を 採取できます。 	o saishu dekimasu	を さいしゅ できます
PurchaseAnimalsMenu.cs.11349	採取には 	saishu ni wa	さいしゅ に は
PurchaseAnimalsMenu.cs.11349	が 必要です。	ga hitsuyō desu	が ひつよう です
PurchaseAnimalsMenu.cs.11352	成長すると 	seichō suru to	せいちょう する と
PurchaseAnimalsMenu.cs.11352	を 採取すること	o saishu suru koto	を さいしゅ する こと
PurchaseAnimalsMenu.cs.11352	を早く 	o hayaku	を はやく
PurchaseAnimalsMenu.cs.11352	生やすようになります。 	hayasu yō ni narimasu	はやす よう に なります
PurchaseAnimalsMenu.cs.11352	を 採取する	o saishu suru	を さいしゅ する
PurchaseAnimalsMenu.cs.11352	が必要です。	ga hitsuyō desu	が ひつよう です
PurchaseAnimalsMenu.cs.11355	をえらんでください：　	o erande kudasai	を えらんで ください
PurchaseAnimalsMenu.cs.11357	動物	dōbutsu	どうぶつ
Quest.cs.13636	更新	kōshin	こうしん
QuestLog.cs.11376	報酬:	hōshū	ほうしゅう
Quest_FinalDay	最終日	saishūbi	さいしゅうび
QuestionEvent.cs.6692	を選択：	o sentaku	を せんたく
Raft.cs.14205	へ 出る	e deru	へ でる
Raft.cs.14205	向かないでしょう。	mukanai deshō	むかない でしょう
RandomSentence.10	泥棒	dorobō	どろぼう
RandomSentence.11	勇気ある	yūki aru	ゆうき ある
RandomSentence.11	もう一羽	mō ichiwa	もう いちわ
RandomSentence.11	遠く離れた	tōku hanareta	とうく はなれた
RandomSentence.13	実用的な	jitsuyōteki na	じつようてき な
RandomSentence.14	遠く離れた	tōku hanareta	とうく はなれた
RandomSentence.5	においを嗅ぎました	nioi o kagimashita	におい を かぎました
RandomSentence.6	居心地が悪そうに	igokochi ga warusō ni	いごこち が わるそう に
RandomSentence.7	もう一匹	mō ippiki	もう いっぴき
RenovationBlocked	を削除します。	o sakujo shimasu	を さくじょ します
ResourceClump.cs.13945	を 破壊する	o hakai suru	を はかい する
ResourceClump.cs.13945	を 強化する 	o kyōka suru	を きょうか する
ResourceClump.cs.13945	必要が 	hitsuyō ga	ひつよう が
ResourceClump.cs.13948	を 破壊する	o hakai suru	を はかい する
ResourceClump.cs.13948	を 強化する 	o kyōka suru	を きょうか する
ResourceClump.cs.13948	必要が 	hitsuyō ga	ひつよう が
ResourceClump.cs.13952	を 破壊する	o hakai suru	を はかい する
ResourceClump.cs.13952	を 強化する 	o kyōka suru	を きょうか する
ResourceClump.cs.13952	必要が 	hitsuyō ga	ひつよう が
ResourceClump.cs.13956	大岩	ōiwa	おういわ
ResourceClump.cs.13956	を 破壊する	o hakai suru	を はかい する
ResourceClump.cs.13956	を 強化する 	o kyōka suru	を きょうか する
ResourceClump.cs.13956	必要が 	hitsuyō ga	ひつよう が
ResourceClump.cs.13962	大きな 	ōki na	おうき な
ResourceClump.cs.13962	を 破壊する	o hakai suru	を はかい する
ResourceClump.cs.13962	を 強化する必要が 	o kyōka suru hitsuyō ga	を きょうか する ひつよう が
ResourceClump.cs.13962	あるようだ。	aru yō da	ある よう だ
ResourceClump.cs.13963	大きな 	ōki na	おうき な
ResourceClump.cs.13963	を 破壊する	o hakai suru	を はかい する
ResourceClump.cs.13963	を 強化する必要が 	o kyōka suru hitsuyō ga	を きょうか する ひつよう が
ResourceClump.cs.13963	あるようだ。	aru yō da	ある よう だ
ResourceClump.cs.13964	結構 	kekkō	けっこう
ResourceClump.cs.13964	硬そうだけど… 	katasō da kedo	かたそう だ けど
ResourceClump.cs.13964	とても強力な 	totemo kyōryoku na	とても きょうりょく な
ResourceClump.cs.13964	壊せそうかな？	kowasesō ka na	こわせそう か な
ResourceCollectionQuest.cs.13647	を{0}個	o ko	を こ
ResourceCollectionQuest.cs.13649	を 持ってきてくれ。 	o motte kite kure	を もって きて くれ
ResourceCollectionQuest.cs.13649	を より良く 	o yori yoku	を より よく
ResourceCollectionQuest.cs.13650	を 持ってきてくれ。 	o motte kite kure	を もって きて くれ
ResourceCollectionQuest.cs.13651	を 持ってきてくれ。 	o motte kite kure	を もって きて くれ
ResourceCollectionQuest.cs.13651	の 地質調査	no chishitsu chōsa	の ちしつ ちょうさ
ResourceCollectionQuest.cs.13652	を 持ってきてくれ。 	o motte kite kure	を もって きて くれ
ResourceCollectionQuest.cs.13652	貴重な 	kichō na	きちょう な
ResourceCollectionQuest.cs.13652	宝石	hōseki	ほうせき
ResourceCollectionQuest.cs.13655	を 持って来てくれたようだな。 	o motte kite kureta yō da na	を もって きて くれた よう だ な
ResourceCollectionQuest.cs.13657	ありがとう。	arigatō	ありがとう
ResourceCollectionQuest.cs.13659	この鉱石	kono kōseki	この こうせき
ResourceCollectionQuest.cs.13659	の中には、	no naka ni wa	の なか に は
ResourceCollectionQuest.cs.13659	貴重な	kichō na	きちょう な
ResourceCollectionQuest.cs.13659	宝石	hōseki	ほうせき
ResourceCollectionQuest.cs.13659	は埋まってない	wa umattenai	は うまってない
ResourceCollectionQuest.cs.13659	まあ、いいさ。#$b#	mā ii sa	まあ いい さ
ResourceCollectionQuest.cs.13659	鉱石	kōseki	こうせき
ResourceCollectionQuest.cs.13659	は返すよ。	wa kaesu yo	は かえす よ
ResourceCollectionQuest.cs.13659	は約束してた	wa yakusoku shiteta	は やくそく してた
ResourceCollectionQuest.cs.13659	報酬だ。	hōshū da	ほうしゅう だ
ResourceCollectionQuest.cs.13662	を 持って来てくれたか！ 	o motte kite kureta ka	を もって きて くれた か
ResourceCollectionQuest.cs.13667	地元の鉱石	jimoto no kōseki	じもと の こうせき
ResourceCollectionQuest.cs.13667	の状態は、	no jōtai wa	の じょうたい は
ResourceCollectionQuest.cs.13667	と量	to ryō	と りょう
ResourceCollectionQuest.cs.13667	をちょっと見せてくれ…	o chotto misete kure	を ちょっと みせて くれ
ResourceCollectionQuest.cs.13667	鉱石	kōseki	こうせき
ResourceCollectionQuest.cs.13667	は持って帰っていいぜ。	wa motte kaette ii ze	は もって かえって いい ぜ
ResourceCollectionQuest.cs.13667	みんな質は	minna shitsu wa	みんな しつ は
ResourceCollectionQuest.cs.13672	どの鉱石	dono kōseki	どの こうせき
ResourceCollectionQuest.cs.13672	鉱石	kōseki	こうせき
ResourceCollectionQuest.cs.13672	はとっといていいぞ。	wa tottoite ii zo	は とっといて いい ぞ
ResourceCollectionQuest.cs.13672	は近場の鉱床	wa chikaba no kōshō	は ちかば の こうしょう
ResourceCollectionQuest.cs.13673	報酬だ。	hōshū da	ほうしゅう だ
ResourceCollectionQuest.cs.13674	どうも！	dōmo	どうも
ResourceCollectionQuest.cs.13674	を{0}個	o ko	を こ
ResourceCollectionQuest.cs.13677	ああ、	ā	ああ
ResourceCollectionQuest.cs.13677	を持ってきてくれたのか。 	o motte kite kureta no ka	を もって きて くれた の か
ResourceCollectionQuest.cs.13681	最高だね！$h	saikō da ne	さいこう だ ね
ResourceCollectionQuest.cs.13682	ありがとう！$h	arigatō	ありがとう
ResourceCollectionQuest.cs.13688	は 返します	wa kaeshimasu	は かえします
SaveGame.cs.4697	を 作成中…	o sakusei chū	を さくせい ちゅう
SaveGame.cs.4698	を 読込中…	o yomikomi chū	を よみこみ ちゅう
SaveGame.cs.4699	を 読込中…	o yomikomi chū	を よみこみ ちゅう
SaveGame.cs.4700	鉱山	kōzan	こうざん
SaveGame.cs.4700	を 読込中…	o yomikomi chū	を よみこみ ちゅう
SaveGame.cs.4701	を 実行中…	o jikkō chū	を じっこう ちゅう
SaveGameMenu.cs.11378	進行状況	shinkō jōkyō	しんこう じょうきょう
Seasoning_UsedLast	Qi調味料	Qi chōmiryō	Qi ちょうみりょう
Seasoning_UsedLast	を使い切りました。	o tsukaikirimashita	を つかいきりました
Shears.cs.14245	を 産出しません。	o sanshutsu shimasen	を さんしゅつ しません
Shears.cs.14247	を 取れません。	o toremasen	を とれません
ShippingMenu.cs.11389	農業	nōgyō	のうぎょう
ShippingMenu.cs.11392	採鉱	saikō	さいこう
ShippingMenu.cs.11394	合計	gōkei	ごうけい
ShopMenu.cs.11457	商品	shōhin	しょうひん
ShopMenu.cs.11457	を みていってちょうだい。	o mite itte chōdai	を みて いって ちょうだい
ShopMenu.cs.11460	が 必要なの？ 	ga hitsuyō na no	が ひつよう な の
ShopMenu.cs.11460	を したいのかしら？	o shitai no kashira	を したい の かしら
ShopMenu.cs.11461	を 日替わりで 	o higawari de	を ひがわり で
ShopMenu.cs.11461	売ってるわよ。	utteru wa yo	うってる は よ
ShopMenu.cs.11463	を 売ってくれるかしら？	o utte kureru kashira	を うって くれる かしら
ShopMenu.cs.11464	を入荷したけど、	o nyūka shita kedo	を にゅうか した けど
ShopMenu.cs.11469	鉱石	kōseki	こうせき
ShopMenu.cs.11469	を 掘るのが 	o horu no ga	を ほる の が
ShopMenu.cs.11469	面倒？ 	mendō	めんどう
ShopMenu.cs.11470	は 原石	wa genseki	は げんせき
ShopMenu.cs.11470	を 売ってるから、 	o utteru kara	を うってる から
ShopMenu.cs.11470	見てみたらどうだ。	mite mitara dō da	みて みたら どう だ
ShopMenu.cs.11471	か 鉱物	ka kōbutsu	か こうぶつ
ShopMenu.cs.11471	を 売りに 	o uri ni	を うり に
ShopMenu.cs.11474	を 強化すること	o kyōka suru koto	を きょうか する こと
ShopMenu.cs.11474	を 数日間 	o sūjitsukan	を すうじつかん
ShopMenu.cs.11477	が必要か？ 	ga hitsuyō ka	が ひつよう か
ShopMenu.cs.11477	へ来た。	e kita	へ きた
ShopMenu.cs.11481	ご入用ですか？	go-iriyō desu ka	ごいりよう です か
ShopMenu.cs.11482	は 日替わりで	wa higawari de	は ひがわり で
ShopMenu.cs.11483	いたしましょうか？	itashimashō ka	いたしましょう か
ShopMenu.cs.11484	最高品質	saikō hinshitsu	さいこう ひんしつ
ShopMenu.cs.11484	を 取り扱ってますよ。	o toriatsukattemasu yo	を とりあつかってます よ
ShopMenu.cs.11485	良質	ryōshitsu	りょうしつ
ShopMenu.cs.11485	商品	shōhin	しょうひん
ShopMenu.cs.11485	を お安くしますよ。	o o-yasuku shimasu yo	を おやすく します よ
ShopMenu.cs.11486	お買い上げでしょうか？	o-kaiage deshō ka	おかいあげ でしょう か
ShopMenu.cs.11489	は 品揃え	wa shinazoroe	は しなぞろえ
ShopMenu.cs.11489	を 変えますよ。	o kaemasu yo	を かえます よ
ShopMenu.cs.11494	よぉ。 	yō	よう
ShopMenu.cs.11494	を 売ってる。	o utteru	を うってる
ShopMenu.cs.11499	を 取り扱ってるわ。 	o toriatsukatteru wa	を とりあつかってる は
ShopMenu.cs.11500	は ゴトロ帝国	wa Gotoro teikoku	は ゴトロ テイコク
ShopMenu.cs.11500	文句はないでしょ？	monku wa nai desho	もんく は ない でしょ
ShopMenu.cs.11501	週ごとに 	shū goto ni	しゅう ごと に
ShopMenu.cs.11501	商品	shōhin	しょうひん
ShopMenu.cs.11501	を 仕入れるから、 	o shiireru kara	を しいれる から
ShopMenu.cs.11504	は 美しい 	wa utsukushii	は うつくしい
ShopMenu.cs.11504	も 気に入ってるわ。	mo ki ni itteru wa	も き に いってる は
ShopMenu.cs.11507	動物用の 	dōbutsu yō no	どうぶつ よう の
ShopMenu.cs.11507	商品	shōhin	しょうひん
ShopMenu.cs.11507	を 安く売ってるわよ！	o yasuku utteru wa yo	を やすく うってる は よ
ShopMenu.cs.11508	はぁ… 	hā	はあ
ShopMenu.cs.11508	が来たかと 思ったわ。	ga kita ka to omotta wa	が きた か と おもった は
ShopMenu.cs.11511	何を 	nani o	なに を
ShopMenu.cs.11514	へ ようこそ！ 	e yōkoso	へ ようこそ
ShopMenu.cs.11514	ご注文は？	go-chūmon wa	ごちゅうもん は
ShopMenu.cs.11517	洞窟	dōkutsu	どうくつ
ShopMenu.cs.11517	は 危険な場所だ。 	wa kiken na basho da	は きけん な ばしょ だ
ShopMenu.cs.11517	を 整えるんだな。	o totonoeru n da na	を ととのえる ん だ な
ShopMenu.cs.11518	を 買いに 	o kai ni	を かい に
ShopMenu.cs.11519	へ よくきた。	e yoku kita	へ よく きた
ShopMenu.cs.11520	を 倒した？ 	o taoshita	を たおした
ShopMenu.cs.11520	を 買い取るよ。	o kaitoru yo	を かいとる よ
ShopMenu.cs.11521	洞窟	dōkutsu	どうくつ
ShopMenu.cs.11521	は 危険な場所だ。 	wa kiken na basho da	は きけん な ばしょ だ
ShopMenu.cs.11524	の 商品	no shōhin	の しょうひん
ShopMenu.cs.11524	は 他じゃ 	wa hoka ja	は ほか じゃ
ShopMenu.cs.11525	商品	shōhin	しょうひん
ShopMenu.cs.11525	が あるわ。	ga aru wa	が ある は
ShopMenu.cs.blueboat	は 屋外の 	wa okugai no	は おくがい の
ShopMenu.cs.blueboat	何か目を 引いたもの	nanika me o hiita mono	なにか め を ひいた もの
ShopMenu.cs.blueboat	は あるかな？	wa aru ka na	は ある か な
ShopMenu.cs.magicBoat	し…新入荷あり…	shi... shin nyūka ari	し... しん にゅうか あり
ShopMenu.cs.travelernightmarket	商売するのよ！	shōbai suru no yo	しょうばい する の よ
ShopMenu.cs.travelernightmarket	は 泳ぎも 	wa oyogi mo	は およぎ も
SkillsPage.cs.11592	の効率	no kōritsu	の こうりつ
SkillsPage.cs.11594	の効率	no kōritsu	の こうりつ
SkillsPage.cs.11596	の効率	no kōritsu	の こうりつ
SkillsPage.cs.11598	の効率	no kōritsu	の こうりつ
SkillsPage.cs.11600	の効率	no kōritsu	の こうりつ
SkillsPage.cs.11604	農業	nōgyō	のうぎょう
SkillsPage.cs.11605	採鉱	saikō	さいこう
SkillsPage.cs.11608	戦闘	sentō	せんとう
SkillsPage.cs.11609	幸運	kōun	こううん
SlayMonsterQuest.cs.13696	討伐	tōbatsu	とうばつ
SlayMonsterQuest.cs.13711	地域の鉱山	chiiki no kōzan	ちいき の こうざん
SlayMonsterQuest.cs.13711	を荒らしている！	o arashite iru	を あらして いる
SlayMonsterQuest.cs.13711	は、	wa	は
SlayMonsterQuest.cs.13711	鉱山の構造	kōzan no kōzō	こうざん の こうぞう
SlayMonsterQuest.cs.13711	をもろくしてしまうんだ。	o moroku shite shimau n da	を もろく して しまう ん だ
SlayMonsterQuest.cs.13711	を倒してくれる人	o taoshite kureru hito	を たおして くれる ひと
SlayMonsterQuest.cs.13711	はいないか？	wa inai ka	は いない か
SlayMonsterQuest.cs.13725	鉱山	kōzan	こうざん
SlayMonsterQuest.cs.13725	を 倒してくれる 	o taoshite kureru	を たおして くれる
SlayMonsterQuest.cs.13725	を募集中！	o boshū chū	を ぼしゅう ちゅう
SlayMonsterQuest.cs.13727	鉱山	kōzan	こうざん
SlayMonsterQuest.cs.13727	の 溶岩地帯	no yōgan chitai	の ようがん ちたい
SlayMonsterQuest.cs.13727	を 倒してくれる 	o taoshite kureru	を たおして くれる
SlayMonsterQuest.cs.13727	を募集中！	o boshū chū	を ぼしゅう ちゅう
SlayMonsterQuest.cs.13728	鉱山	kōzan	こうざん
SlayMonsterQuest.cs.13728	を 倒してくれる 	o taoshite kureru	を たおして くれる
SlayMonsterQuest.cs.13728	を募集中！	o boshū chū	を ぼしゅう ちゅう
SlayMonsterQuest.cs.13730	に 協力してくれたのですね？ 	ni kyōryoku shite kureta no desu ne	に きょうりょく して くれた の です ね
SlayMonsterQuest.cs.13730	ありがとうございます！$h#$b# 	arigatō gozaimasu	ありがとう ございます
SlayMonsterQuest.cs.13731	を 捕まえようと した時に 	o tsukamaeyō to shita toki ni	を つかまえよう と した とき に
SlayMonsterQuest.cs.13731	を 数着 	o sūchaku	を すうちゃく
SlayMonsterQuest.cs.13734	を汚すと、	o yogosu to	を よごす と
SlayMonsterQuest.cs.13734	起こったのを思い出します… $h#$b# 	okotta no o omoidashimasu	おこった の を おもいだします
SlayMonsterQuest.cs.13734	まあ、	mā	まあ
SlayMonsterQuest.cs.13734	報酬	hōshū	ほうしゅう
SlayMonsterQuest.cs.13734	を受けとってください。	o uketotte kudasai	を うけとって ください
SlayMonsterQuest.cs.13744	は 群れると 	wa mureru to	は むれる と
SlayMonsterQuest.cs.13744	に なるだろう。#$b#	ni naru darō	に なる だろう
SlayMonsterQuest.cs.13744	も 少しは 	mo sukoshi wa	も すこし は
SlayMonsterQuest.cs.13744	楽になるだろう。 	raku ni naru darō	らく に なる だろう
SlayMonsterQuest.cs.13744	報酬	hōshū	ほうしゅう
SlayMonsterQuest.cs.13744	を 受け取ってくれ！	o uketotte kure	を うけとって くれ
SlayMonsterQuest.cs.13747	地元の鉱山	jimoto no kōzan	じもと の こうざん
SlayMonsterQuest.cs.13747	をおびやかしているようなんだ！	o obiyakashite iru yō na n da	を おびやかして いる よう な ん だ
SlayMonsterQuest.cs.13747	は石に擬態する	wa ishi ni gitai suru	は いし に ぎたい する
SlayMonsterQuest.cs.13747	には賞金をはらおう。 -	ni wa shōkin o haraō	に は しょうきん を はらおう
SlayMonsterQuest.cs.13750	ああ、	ā	ああ
SlayMonsterQuest.cs.13750	の数を減らしてくれたんだね。	no kazu o herashite kureta n da ne	の かず を へらして くれた ん だ ね
SlayMonsterQuest.cs.13750	人間が鉱山で活動した影響	ningen ga kōzan de katsudō shita eikyō	にんげん が こうざん で かつどう した えいきょう
SlayMonsterQuest.cs.13750	今回の駆除の効果	konkai no kujo no kōka	こんかい の くじょ の こうか
SlayMonsterQuest.cs.13750	をおびやかさなくなるといいんだが。#$b#	o obiyakasanaku naru to ii n da ga	を おびやかさなく なる と いい ん だ が
SlayMonsterQuest.cs.13750	地域の動物たち	chiiki no dōbutsu tachi	ちいき の どうぶつ たち
SlayMonsterQuest.cs.13750	さあ、	sā	さあ
SlayMonsterQuest.cs.13750	報酬	hōshū	ほうしゅう
SlayMonsterQuest.cs.13750	を受け取ってくれ。$h	o uketotte kure	を うけとって くれ
SlayMonsterQuest.cs.13752	を崩しておる。	o kuzushite oru	を くずして おる
SlayMonsterQuest.cs.13752	鉱山	kōzan	こうざん
SlayMonsterQuest.cs.13752	へ足を踏み入れ、	e ashi o fumiire	へ あし を ふみいれ
SlayMonsterQuest.cs.13752	を{1}匹	o hiki	を ひき
SlayMonsterQuest.cs.13752	討伐してきてもらいたい。  -	tōbatsu shite kite moraitai	とうばつ して きて もらいたい
SlayMonsterQuest.cs.13760	約束した報酬だ。	yakusoku shita hōshū da	やくそく した ほうしゅう だ
SlayMonsterQuest.cs.13764	募集：	boshū	ぼしゅう
SlayMonsterQuest.cs.13764	地元の鉱山	jimoto no kōzan	じもと の こうざん
SlayMonsterQuest.cs.13764	を{0}体	o tai	を たい
SlayMonsterQuest.cs.13764	討伐してくれる	tōbatsu shite kureru	とうばつ して くれる
SlayMonsterQuest.cs.13767	に 協力してくれたのですね？ 	ni kyōryoku shite kureta no desu ne	に きょうりょく して くれた の です ね
SlayMonsterQuest.cs.13767	ありがとうございます！$h#$b# 	arigatō gozaimasu	ありがとう ございます
Slingshot.cs.14258	を外す	o hazusu	を はずす
Slots.cs.12117	10	jū	じゅう
SocialPage_Relationship_Housemate_Female	(同居人)	dōkyonin	どうきょにん
SocialPage_Relationship_Housemate_Male	(同居人)	dōkyonin	どうきょにん
SocializeQuest.cs.13786	ねえねえ！	nē nē	ねい ねい
SocializeQuest.cs.13787	喜びを	yorokobi o	よろこび を
SocializeQuest.cs.13788	と親切の心を	to shinsetsu no kokoro o	と しんせつ の こころ を
SocializeQuest.cs.13789	の 精神を	no seishin o	の せいしん を
SocializeQuest.cs.13791	を 少し 	o sukoshi	を すこし
SpecialItem.cs.13090	を見つけた！	o mitsuketa	を みつけた
SpecialItem.cs.13090	は分からないが、	wa wakaranai ga	は わからない が
SpecialItem.cs.13090	重要そうな 	jūyō sō na	じゅうよう そう な
SpecialItem.cs.13090	を財布に入れた。	o saifu ni ireta	を さいふ に いれた
SpecialItem.cs.13092	を見つけた！	o mitsuketa	を みつけた
SpecialItem.cs.13092	は分からないが、	wa wakaranai ga	は わからない が
SpecialItem.cs.13092	重要そうな 	jūyō sō na	じゅうよう そう な
SpecialItem.cs.13092	を財布に入れた。	o saifu ni ireta	を さいふ に いれた
SpecialItem.cs.13094	を手に入れた！	o te ni ireta	を て に いれた
Stats.cs.5129	の 目標達成！ 	no mokuhyō tassei	の もくひょう たっせい
Stats.cs.5129	から 報酬	kara hōshū	から ほうしゅう
Stats.cs.5129	を 貰いましょう。	o moraimashō	を もらいましょう
StrengthGame.cs.11660	おお！ 	ō	おう
StrengthGame.cs.11660	を あげよう。	o ageyō	を あげよう
StrengthGame.cs.11672	の教師	no kyōshi	の きょうし
StrengthGame.cs.11673	大岩	ōiwa	おういわ
StrengthGame.cs.11676	牧羊犬	bokuyōken	ぼくようけん
StrengthGame.cs.11682	硬粘土	kōnendo	こうねんど
StrengthGame.cs.11705	弱いとは 	yowai to wa	よわい と は
StrengthGame.cs.11705	やろう。	yarō	やろう
TV.cs.13105	天気予報	tenki yohō	てんき よほう
TV.cs.13107	占い情報	uranai jōhō	うらない じょうほう
TV.cs.13114	の 女王	no joō	の じょおう
TV.cs.13117	の 女王 	no joō	の じょおう
TV.cs.13117	(再放送)	saihōsō	さいほうそう
TV.cs.13120	を 選択:	o sentaku	を せんたく
TV.cs.13124	「自然とくらそう」	shizen to kurasō	しぜん と くらそう
TV.cs.13124	にお得な情報	ni o-toku na jōhō	に おとく な じょうほう
TV.cs.13124	をお届けしますよ。	o o-todoke shimasu yo	を おとどけ します よ
TV.cs.13127	へ ようこそ… 	e yōkoso	へ ようこそ
TV.cs.13127	を お送りします。 	o o-okuri shimasu	を おおくり します
TV.cs.13127	今週は…	konshū wa	こんしゅう は
TV.cs.13128	新しい視聴者	atarashii shichōsha	あたらしい しちょうしゃ
TV.cs.13128	が来てくれたようです。	ga kite kureta yō desu	が きて くれた よう です
TV.cs.13128	これは…	kore wa	これ は
TV.cs.13128	からのようですね。	kara no yō desu ne	から の よう です ね
TV.cs.13128	どうぞ、	dōzo	どうぞ
TV.cs.13130	新しい視聴者	atarashii shichōsha	あたらしい しちょうしゃ
TV.cs.13130	が来てくれたようです。	ga kite kureta yō desu	が きて くれた よう です
TV.cs.13130	これは…	kore wa	これ は
TV.cs.13130	からのようですね。	kara no yō desu ne	から の よう です ね
TV.cs.13130	どうぞ、	dōzo	どうぞ
TV.cs.13132	ああ… 	ā	ああ
TV.cs.13132	を 伝えようと しています… 	o tsutaeyō to shite imasu	を つたえよう と して います
TV.cs.13133	へ よく 戻ってきました… 	e yoku modotte kimashita	へ よく もどって きました
TV.cs.13133	を 求めているなら、 	o motomete iru nara	を もとめて いる なら
TV.cs.13134	水晶球	suishōkyū	すいしょうきゅう
TV.cs.13135	へ ようこそ… 	e yōkoso	へ ようこそ
TV.cs.13135	を 視聴者	o shichōsha	を しちょうしゃ
TV.cs.13135	へ 直接 	e chokusetsu	へ ちょくせつ
TV.cs.13136	へようこそ… 	e yōkoso	へ ようこそ
TV.cs.13136	を お届けする	o o-todoke suru	を おとどけ する
TV.cs.13136	最高の番組です。^	saikō no bangumi desu	さいこう の ばんぐみ です
TV.cs.13136	明日の天気予報	ashita no tenki yohō	あした の てんき よほう
TV.cs.13148	冗談さ… 	jōdan sa	じょうだん さ
TV.cs.13148	準備は 	junbi wa	じゅんび は
TV.cs.13148	今日	kyō	きょう
TV.cs.13148	は 何もないよ。	wa nani mo nai yo	は なに も ない よ
TV.cs.13151	はすでに知っている。	wa sude ni shitte iru	は すで に しって いる
TV.cs.13153	を覚えた！	o oboeta	を おぼえた
TV.cs.13164	これは恥ずかしい… 	kore wa hazukashii	これ は はずかしい
TV.cs.13175	は快晴になりそうです…	wa kaisei ni narisō desu	は かいせい に なりそう です
TV.cs.13175	にはうってつけですね！	ni wa uttetsuke desu ne	に は うってつけ です ね
TV.cs.13175	当日、	tōjitsu	とうじつ
TV.cs.13175	は{1}	wa	は
TV.cs.13175	を会場に、	o kaijō ni	を かいじょう に
TV.cs.13175	どうか遅れずに！	dōka okurezu ni	どうか おくれず に
TV.cs.13180	は 雪	wa yuki	は ゆき
TV.cs.13180	厚着しましょう！	atsugi shimashō	あつぎ しましょう
TV.cs.13181	は 数センチ	wa sūsenchi	は スーセンチ
TV.cs.13181	が 予想されるでしょう。	ga yosō sareru deshō	が よそう される でしょう
TV.cs.13182	は 美しく 	wa utsukushiku	は うつくしく
TV.cs.13182	なるでしょう。	naru deshō	なる でしょう
TV.cs.13183	は 一日中 	wa ichinichi jū	は いちにち じゅう
TV.cs.13183	見通しです。	mitōshi desu	みとうし です
TV.cs.13184	は 一日中 	wa ichinichi jū	は いちにち じゅう
TV.cs.13184	なりそうですね。	narisō desu ne	なりそう です ね
TV.cs.13185	ようです。  	yō desu	よう です
TV.cs.13185	が 予想されるでしょう。	ga yosō sareru deshō	が よそう される でしょう
TV.cs.13187	風が吹くでしょう。 	kaze ga fuku deshō	かぜ が ふく でしょう
TV.cs.13187	に 気をつけてください！	ni ki o tsukete kudasai	に き を つけて ください
TV.cs.13189	は 一日中 	wa ichinichi jū	は いちにち じゅう
TV.cs.13189	ことになるでしょう。	koto ni naru deshō	こと に なる でしょう
TV.cs.13190	は 一日中 	wa ichinichi jū	は いちにち じゅう
TV.cs.13190	が 降るでしょう。 	ga furu deshō	が ふる でしょう
TV.cs.13190	のを 忘れないでください！	no o wasurenaide kudasai	の を わすれないで ください
TV.cs.13191	ようです。 	yō desu	よう です
TV.cs.13191	を ささげようと したみたいで… 	o sasageyō to shita mitai de	を ささげよう と した みたい で
TV.cs.13191	で 笑いを取るのは 	de warai o toru no wa	で わらい を とる の は
TV.cs.13192	今日	kyō	きょう
TV.cs.13192	は 精霊達	wa seirei tachi	は せいれい たち
TV.cs.13192	の 邪魔をしたがっている	no jama o shitagatte iru	の じゃま を したがって いる
TV.cs.13193	は少々	wa shōshō	は しょうしょう
TV.cs.13193	いらだっているようです。	iradatte iru yō desu	いらだって いる よう です
TV.cs.13195	は少々	wa shōshō	は しょうしょう
TV.cs.13195	いらだっているようです。	iradatte iru yō desu	いらだって いる よう です
TV.cs.13197	が うれしがってるようじゃ！ 	ga ureshigatteru yō ja	が うれしがってる よう じゃ
TV.cs.13197	今日 	kyō	きょう
TV.cs.13197	を したらしく、 	o shita rashiku	を した らしく
TV.cs.13198	今日	kyō	きょう
TV.cs.13198	は 精霊たち	wa seirei tachi	は せいれい たち
TV.cs.13198	幸せなようです！	shiawase na yō desu	しあわせ な よう です
TV.cs.13198	に 幸運	ni kōun	に こううん
TV.cs.13198	を 振りまこう、 	o furimakō	を ふりまこう
TV.cs.13199	今日	kyō	きょう
TV.cs.13199	は 精霊たち	wa seirei tachi	は せいれい たち
TV.cs.13199	が 良くなるでしょう。	ga yoku naru deshō	が よく なる でしょう
TV.cs.13200	今日	kyō	きょう
TV.cs.13200	は ごく自然な 	wa goku shizen na	は ごく しぜん な
TV.cs.13200	は あなた次第です。	wa anata shidai desu	は あなた しだい です
TV.cs.13201	今日	kyō	きょう
TV.cs.13201	は 精霊達	wa seirei tachi	は せいれい たち
TV_Fishing_Channel	釣り情報	tsuri jōhō	つり じょうほう
TV_IslandWeatherIntro	の特別予報です： 	no tokubetsu yohō desu	の とくべつ よほう です
TitleMenu.cs.11718	を 差し込むと 	o sashikomu to	を さしこむ と
TitleMenu.cs.11718	を 使用できます。	o shiyō dekimasu	を しよう できます
TitleMenu.cs.11719	は、 	wa	は
TitleMenu.cs.11720	を 5つ 	o itsutsu	を いつつ
TitleMenu.cs.11721	は 強化した後、 	wa kyōka shita ato	は きょうか した あと
TitleMenu.cs.11721	を 押しっぱなしに すること	o oshippanashi ni suru koto	を おしっぱなし に する こと
TitleMenu.cs.11721	で 効果範囲	de kōka han'i	で こうか はんい
TitleMenu.cs.11721	を 拡大 	o kakudai	を かくだい
TitleMenu.cs.11722	を 使います。	o tsukaimasu	を つかいます
TitleMenu.cs.11723	を 見て、 	o mite	を みて
TitleMenu.cs.11723	料理	ryōri	りょうり
TitleMenu.cs.11723	などを 学びましょう！	nado o manabimashō	など を まなびましょう
TitleMenu.cs.11724	行商人	gyōshōnin	ぎょうしょうにん
TitleMenu.cs.11724	は 週に１回 	wa shū ni ikkai	は しゅう に いっかい
TitleMenu.cs.11724	を 訪れます。 	o otozuremasu	を おとずれます
TitleMenu.cs.11724	は 様々な 	wa samazama na	は さまざま な
TitleMenu.cs.11724	商品	shōhin	しょうひん
TitleMenu.cs.11724	を、 	o	を
TitleMenu.cs.11725	ありがとうございます！	arigatō gozaimasu	ありがとう ございます
TitleMenu.cs.11731	を 残機を失わずに 	o zanki o ushinawazu ni	を ざんき を うしなわず に
TitleMenu.cs.11732	を 100回 	o hyakkai	を ひゃっかい
TitleMenu.cs.11732	起動しました。	kidō shimashita	きどう しました
TitleMenu.cs.11733	を 1,000回 	o senkai	を せんかい
TitleMenu.cs.11733	起動しました！	kidō shimashita	きどう しました
TitleMenu.cs.11734	を 10,000回 	o ichimankai	を いちまんかい
TitleMenu.cs.11734	起動しました！ 	kidō shimashita	きどう しました
TitleMenu.cs.11734	本当に 	hontō ni	ほんとう に
TitleMenu.cs.11734	ありがとうございます。 - 	arigatō gozaimasu	ありがとう ございます
TitleMenu.cs.11738	終了	shūryō	しゅうりょう
Tool.cs.14317	ありがとう。 	arigatō	ありがとう
Tool.cs.14317	作業しよう。 	sagyō shiyō	さぎょう しよう
Tool.cs.14317	数日で 	sūjitsu de	すうじつ で
ToolReady	の用意ができました。	no yōi ga dekimashita	の ようい が できました
TriedToMarryButKrobus	同居人	dōkyonin	どうきょにん
TriedToMarryButKrobus	がいる状態で、	ga iru jōtai de	が いる じょうたい で
TutorialMenu.cs.11809	採鉱	saikō	さいこう
TutorialMenu.cs.11817	町の情報	machi no jōhō	まち の じょうほう
TutorialMenu.cs.11819	動物	dōbutsu	どうぶつ
Utility.cs.5367	誰が想像しただろうな…#$b#	dare ga sōzō shita darō na	だれ が そうぞう した だろう な
Utility.cs.5367	時はすぎた。	toki wa sugita	とき は すぎた
Utility.cs.5367	きょう、	kyō	きょう
Utility.cs.5367	は、	wa	は
Utility.cs.5367	が夫婦となる	ga fūfu to naru	が ふうふ と なる
Utility.cs.5369	誰が想像しただろうな…#$b#	dare ga sōzō shita darō na	だれ が そうぞう した だろう な
Utility.cs.5369	時はすぎた。	toki wa sugita	とき は すぎた
Utility.cs.5369	きょう、	kyō	きょう
Utility.cs.5369	は、	wa	は
Utility.cs.5369	が夫婦となる	ga fūfu to naru	が ふうふ と なる
Utility.cs.5370	をはじめよう！	o hajimeyō	を はじめよう
Utility.cs.5371	の町長、	no chōchō	の ちょうちょう
Utility.cs.5371	ことを宣言します！$h	koto o sengen shimasu	こと を せんげん します
Utility.cs.5373	の町長、	no chōchō	の ちょうちょう
Utility.cs.5373	ことを宣言します！$h	koto o sengen shimasu	こと を せんげん します
Utility.cs.5375	の町長、	no chōchō	の ちょうちょう
Utility.cs.5375	ことを宣言します！$h	koto o sengen shimasu	こと を せんげん します
Utility.cs.5377	の町長、	no chōchō	の ちょうちょう
Utility.cs.5377	ことを宣言します！$h	koto o sengen shimasu	こと を せんげん します
Utility.cs.5379	を お願いします。	o o-negai shimasu	を おねがい します
Utility.cs.5381	変わりそうだ…	kawarisō da	かわりそう だ
Utility.cs.5383	は明るいはず！	wa akarui hazu	は あかるい はず
Utility.cs.5718	は大きい）	wa ōkii	は おうきい
Utility.cs.5730	教室	kyōshitsu	きょうしつ
Utility.cs.5732	（氷	kōri	こうり
Utility.cs.5738	鉱山	kōzan	こうざん
Utility.cs.5738	への訪問者）	e no hōmonsha	へ の ほうもんしゃ
Utility.cs.5742	（太陽	taiyō	たいよう
Utility.cs.5742	を染める）	o someru	を そめる
Utility.cs.5752	と豊穣	to hōjō	と ほうじょう
Utility.cs.5756	鉱山	kōzan	こうざん
Utility.cs.5760	鉱山	kōzan	こうざん
Utility.cs.5760	（溶岩	yōgan	ようがん
Utility.cs.5760	の住人）	no jūnin	の じゅうにん
Utility.cs.5768	鉱山	kōzan	こうざん
Utility.cs.5770	鉱山	kōzan	こうざん
Utility.cs.5770	（凍った	kōtta	こうった
Utility.cs.5772	もう一つの世界	mō hitotsu no sekai	もう ひとつ の せかい
Utility.cs.5778	鉱山	kōzan	こうざん
Utility.cs.5790	を見る人	o miru hito	を みる ひと
Utility.cs.5798	鉱山 	kōzan	こうざん
Utility.cs.5800	の練習	no renshū	の れんしゅう
Utility.cs.5810	鉱山	kōzan	こうざん
Utility.cs.5810	（魔法の靴）	mahō no kutsu	まほう の くつ
Utility.cs.5825	黄金の星	ōgon no hoshi	おうごん の ほし
Utility.cs.5825	の誕生	no tanjō	の たんじょう
Utility.cs.5829	陽気	yōki	ようき
Utility.cs.5843	遠く	tōku	とうく
Utility.cs.5847	鉱山	kōzan	こうざん
Utility.cs.5849	の冒険	no bōken	の ぼうけん
Utility.cs.5851	の冒険	no bōken	の ぼうけん
Utility.cs.5853	の冒険	no bōken	の ぼうけん
Utility.cs.5855	の冒険 	no bōken	の ぼうけん
Utility.cs.5857	の冒険	no bōken	の ぼうけん
Utility.cs.5859	鉱山	kōzan	こうざん
Utility.cs.5864_6	の風景	no fūkei	の ふうけい
Utility.cs.5926	が 必要	ga hitsuyō	が ひつよう
Utility.cs.5927	乳牛	nyūgyū	にゅうぎゅう
Utility.cs.5931	動物小屋	dōbutsu goya	どうぶつ ごや
Utility.cs.5931	が 必要	ga hitsuyō	が ひつよう
Utility.cs.5936	大きな 	ōki na	おうき な
Utility.cs.5936	動物小屋	dōbutsu goya	どうぶつ ごや
Utility.cs.5936	が 必要	ga hitsuyō	が ひつよう
Utility.cs.5940	大きな 	ōki na	おうき な
Utility.cs.5940	が 必要	ga hitsuyō	が ひつよう
Utility.cs.5944	動物小屋	dōbutsu goya	どうぶつ ごや
Utility.cs.5944	が 必要	ga hitsuyō	が ひつよう
Utility.cs.5947	が必要です。	ga hitsuyō desu	が ひつよう です
Utility.cs.5950	動物小屋	dōbutsu goya	どうぶつ ごや
Utility.cs.5950	が 必要	ga hitsuyō	が ひつよう
VolcanoMines1	の鉱山	no kōzan	の こうざん
VolcanoMines2	の鉱山	no kōzan	の こうざん
VolcanoShop0	を話す	o hanasu	を はなす
VolcanoShop1	どうぞ、	dōzo	どうぞ
VolcanoShop1	はいない。	wa inai	は いない
VolcanoShop2	ここでは、	koko de wa	ここ で は
VolcanoShop2	もう何年も	mō nannen mo	もう なんねん も
VolcanoShop2	を見ていない…	o mite inai	を みて いない
VolcanoShop3	とても勇気があるんだな。	totemo yūki ga aru n da na	とても ゆうき が ある ん だ な
VolcanoShop3	どうぞ、	dōzo	どうぞ
VolcanoShop3	を見ていってくれ。	o mite itte kure	を みて いって くれ
VolcanoShop4	は私の祖先たち	wa watashi no sosen tachi	は わたし の そせん たち
VolcanoShop4	は、	wa	は
VolumeDown	音量	onryō	おんりょう
VolumeDown	を下げる	o sageru	を さげる
VolumeMute	音量	onryō	おんりょう
VolumeUp	音量	onryō	おんりょう
VolumeUp	を上げる	o ageru	を あげる
Wallpaper.cs.13205	を 模様替えします。	o moyōgae shimasu	を もようがえ します
Wallpaper.cs.13206	を 模様替えします。	o moyōgae shimasu	を もようがえ します
WheelSpinGame.cs.11829	勝利！	shōri	しょうり
Wilted_Bouquet_Meaningless	を{0}	o	を
bonemill_5	が必要です。	ga hitsuyō desu	が ひつよう です
category_clothes	洋服	yōfuku	ようふく
junimokart_mushroommusic	の洞窟）	no dōkutsu	の どうくつ
junimokart_whalemusic	（宝石の海	hōseki no umi	ほうせき の うみ
movie_nature	を探検	o tanken	を たんけん
AnimalShop.1	これは…	kore wa	これ は
AnimalShop.10	をつかったあとがある。	o tsukatta ato ga aru	を つかった あと が ある
AnimalShop.12	絵や工作で	e ya kōsaku de	へ や こうさく で
AnimalShop.16	はあまりこれをつかっていないようだ、	wa amari kore o tsukatte inai yō da	は あまり これ を つかって いない よう だ
AnimalShop.19	だれかが野菜を切っていたらしい。	dareka ga yasai o kitte ita rashii	だれか が やさい を きって いた らしい
AnimalShop.19	だが、途中で放りだしたようだ。	da ga tochū de hōridashita yō da	だ が とちゅう で ほうりだした よう だ
AnimalShop.2	これは…	kore wa	これ は
AnimalShop.4	家族の人形がそろって	kazoku no ningyō ga sorotte	かぞく の にんぎょう が そろって
AnimalShop.4	おじいちゃんの人形だけ、	ojīchan no ningyō dake	おじいちゃん の にんぎょう だけ
AnimalShop.5	家族の人形がそろって	kazoku no ningyō ga sorotte	かぞく の にんぎょう が そろって
AnimalShop.5	おじいちゃんの人形だけ、	ojīchan no ningyō dake	おじいちゃん の にんぎょう だけ
AnimalShop.6	をあさってみた。	o asatte mita	を あさって みた
AnimalShop.6	中身はほとんどロングドレスだが、	nakami wa hotondo rongu doresu da ga	ナカミ は ホトンド ロング ドレス ダ ガ
AnimalShop.7	をあさってみた。	o asatte mita	を あさって みた
AnimalShop.7	特に変わったものは入っていない。	toku ni kawatta mono wa haitte inai	とく に かわった もの は はいって いない
AnimalShop.8	ラジオを目覚ましがわりにつかっているようだ。	rajio o mezamashi gawari ni tsukatte iru yō da	ラジオ を メザマシ ガワリ ニ ツカッテ イル ヨー ダ
AnimalShop.9	びっくり箱の人形	bikkuribako no ningyō	びっくりばこ の にんぎょう
AnimalShop.9	人形の腕はグロテスクな方向に曲がり、	ningyō no ude wa gurotesuku na hōkō ni magari	ニンギョー ノ ウデ は グロテスク ナ ホーコー ニ マガリ
AnimalShop.9	うつろな目は宙に冷たいまなざしをそそいでいる。	utsuro na me wa chū ni tsumetai manazashi o sosoide iru	うつろ な め は ちゅう に つめたい まなざし を そそいで いる
ArchaeologyHouse.2	は必要なのか？	wa hitsuyō na no ka	は ひつよう な の か
ArchaeologyHouse.3	をめぐる旅	o meguru tabi	を めぐる たび
ArchaeologyHouse.5	動植物相	dōshokubutsusō	どうしょくぶつそう
ArchaeologyHouse.6	星図表	seizuhyō	せいずひょう
ArchaeologyHouse.7	かわいらしさは残っている。	kawairashisa wa nokotte iru	かわいらしさ は のこって いる
ArchaeologyHouse.9	さあ、牧場にいってみよう。	sā bokujō ni itte miyō	さあ ぼくじょう に いって みよう
ArchaeologyHouse.9	アヒルはガアガア、	ahiru wa gāgā	アヒル は ガーガー
ArchaeologyHouse.9	ウサギはプウプウ。	usagi wa pūpū	ウサギ は プープー
ArchaeologyHouse.9	ウシはモーモー鳴いてるよ。	ushi wa mōmō naiteru yo	ウシ は モーモー ナイテル ヨ
BathHouse_MensLocker.2	服を着たまま	fuku o kita mama	ふく を きた まま
BathHouse_MensLocker.2	シャワーを浴びるわけにはいかない！	shawā o abiru wake ni wa ikanai	シャワー を アビル ワケ ニ は イカナイ
BathHouse_MensLocker.3	持ちあげるには	mochiageru ni wa	もちあげる に は
Blacksmith.2	を物色してみた。	o busshoku shite mita	を ぶっしょく して みた
Blacksmith.2	雑誌数冊、	zasshi sūsatsu	ざっし すうさつ
Blacksmith.2	それに彼のお母さんが笑顔で写った写真がある。	sore ni kare no okāsan ga egao de utsutta shashin ga aru	それ に かれ の おかあさん が えがお で うつった しゃしん が ある
Blacksmith.3	を物色してみた。	o busshoku shite mita	を ぶっしょく して みた
Blacksmith.3	雑誌数冊、	zasshi sūsatsu	ざっし すうさつ
Blacksmith.3	それに彼のお母さんが笑顔で写った写真がある。	sore ni kare no okāsan ga egao de utsutta shashin ga aru	それ に かれ の おかあさん が えがお で うつった しゃしん が ある
Blacksmith.4	エミリーへ^	Emirī e	エミリー へ
Blacksmith.4	きみはおれのことを友だちとしか考えてないと思う。^	kimi wa ore no koto o tomodachi to shika kangaetenai to omou	きみ は おれ の こと を ともだち と しか かんがえてない と おもう
Blacksmith.4	気づいてなくて当然だ。	kizuitenakute tōzen da	きずいてなくて とうぜん だ
Blacksmith.4	おれは恥ずかしがりやだから、	ore wa hazukashigariya da kara	おれ は はずかしがりや だ から
Blacksmith.4	きみに想いを伝える勇気がないんだ。^	kimi ni omoi o tsutaeru yūki ga nai n da	きみ に おもい を つたえる ゆうき が ない ん だ
Blacksmith.4	だからこうして手紙に書いてる。	dakara kō shite tegami ni kaiteru	だから こう して てがみ に かいてる
Blacksmith.4	どうせ書いても、	dōse kaite mo	どうせ かいて も
Blacksmith.4	丸めて部屋の角に捨ててしまうだろうけど。	marumete heya no kado ni sutete shimau darō kedo	まるめて へや の かど に すてて しまう だろう けど
Blacksmith.5	中をのぞくと、	naka o nozoku to	なか を のぞく と
Blacksmith.6	中をのぞくと、	naka o nozoku to	なか を のぞく と
Blacksmith.7	がつくった一級品だ。	ga tsukutta ikkyūhin da	が つくった いっきゅうひん だ
Blacksmith.8	がつくった一級品だ。	ga tsukutta ikkyūhin da	が つくった いっきゅうひん だ
Blacksmith.9	金属加工の設計図	kinzoku kakō no sekkeizu	きんぞく かこう の せっけいず
Club.1	きょうはツイてねえなあ。	kyō wa tsuitenē nā	キョー は ツイテネー ナー
Club.2	なんだあ？	nandā	なんだあ
Club.2	こっちはいそがしいんだよ。	kotchi wa isogashii n da yo	こっち は いそがしい ん だ よ
Club.2	きょうは調子がいいんだ。	kyō wa chōshi ga ii n da	きょう は ちょうし が いい ん だ
ElliottHouse.3	棚はからっぽだ。	tana wa karappo da	たな は からっぽ だ
ElliottHouse.4	は盆栽を仕立てている途中らしい。	wa bonsai o shitatete iru tochū rashii	は ぼんさい を したてて いる とちゅう らしい
ElliottHouse.5	から取りよせたようだ。	kara toriyoseta yō da	から とりよせた よう だ
ElliottHouse.6	は盆栽を仕立てている途中らしい。	wa bonsai o shitatete iru tochū rashii	は ぼんさい を したてて いる とちゅう らしい
FishShop.1	ここは立ち入り禁止だ。	koko wa tachiiri kinshi da	ここ は たちいり きんし だ
FishShop.5	ビンの中は	bin no naka wa	ビン ノ ナカ は
Forest.1	` 牧場^	bokujō	ぼくじょう
HaleyHouse.10	豪華な化粧台	gōka na keshōdai	ごうか な けしょうだい
HaleyHouse.14	地球儀	chikyūgi	ちきゅうぎ
HaleyHouse.17	愛しい娘たちへ^	itoshii musume-tachi e	いとしい むすめたち へ
HaleyHouse.17	わたしたちはフェーン諸島を離れました。^	watashitachi wa Fēn shotō o hanaremashita	ワタシタチ は フェーン ショトー を ハナレマシタ
HaleyHouse.17	あなたたちも行ってみてはどうでしょうか。^	anata-tachi mo itte mite wa dō deshō ka	あなたたち も いって みて は どう でしょう か
HaleyHouse.17	健康的な食事と、	kenkōteki na shokuji to	けんこうてき な しょくじ と
HaleyHouse.17	電気料金の支払いを忘れないようにね！^^	denki ryōkin no shiharai o wasurenai yō ni ne	でんき りょうきん の しはらい を わすれない よう に ね
HaleyHouse.17	愛をこめて、母さんと父さんより	ai o komete kāsan to tōsan yori	あい を こめて かあさん と とうさん より
HaleyHouse.2	をチラッとのぞいた。	o chiratto nozoita	を チラット ノゾイタ
HaleyHouse.3	をチラッとのぞいた。	o chiratto nozoita	を チラット ノゾイタ
HaleyHouse.5	中は白紙のようだ。	naka wa hakushi no yō da	なか は はくし の よう だ
HaleyHouse.7	布には、ふちにそってもようが刺しゅうされているようだ。	nuno ni wa fuchi ni sotte moyō ga shishū sarete iru yō da	ぬの に は ふち に そって もよう が ししゅう されて いる よう だ
HaleyHouse.8	のぞき見はできない。	nozokimi wa dekinai	のぞきみ は できない
HaleyHouse.9	“トレンドを探せ！： 	torendo o sagase	トレンド を サガセ
HarveyRoom.13	“対空通信の手順”	taikū tsūshin no tejun	たいくう つうしん の てじゅん
HarveyRoom.5	無線通信用の複雑な機械	musen tsūshin yō no fukuzatsu na kikai	むせん つうしん よう の ふくざつ な きかい
HarveyRoom.6	無線通信用の複雑な機械	musen tsūshin yō no fukuzatsu na kikai	むせん つうしん よう の ふくざつ な きかい
HarveyRoom.8	“やってみよう！	yatte miyō	やって みよう
HarveyRoom.9	“肺高血圧症 	hai kōketsuatsushō	はい こうけつあつしょう
Hospital.1	ヨバを信じる人たち	Yoba o shinjiru hito-tachi	ヨバ を シンジル ヒトタチ
Hospital.1	を元気づけるために、	o genkizukeru tame ni	を げんきずける ため に
Hospital.2	指はつっこまないほうがよさそう。	yubi wa tsukkomanai hō ga yosasō	ゆび は つっこまない ほう が よさそう
Hospital.3	ここに手はつっこむのはやめておこう。	koko ni te wa tsukkomu no wa yamete okō	ここ に て は つっこむ の は やめて おこう
Hospital.3	使用済みの注射器やよごれた綿棒、	shiyōzumi no chūshaki ya yogoreta menbō	しようずみ の ちゅうしゃき や よごれた めんぼう
Hospital.3	がたくさん放りこんである。	ga takusan hōrikonde aru	が たくさん ほうりこんで ある
Hospital.4	集中するのがむずかしくなっていませんか？	shūchū suru no ga muzukashiku natte imasen ka	しゅうちゅう する の が むずかしく なって いません か
Hospital.4	そんな時には	sonna toki ni wa	そんな とき に は
Hospital.4	をどうぞ。^	o dōzo	を どうぞ
Hospital.4	（人によっては	hito ni yotte wa	ひと に よって は
Hospital.4	不眠症、	fuminshō	ふみんしょう
Hospital.4	脳卒中などの副作用があるほか、	nōsotchū nado no fukusayō ga aru hoka	のうそっちゅう など の ふくさよう が ある ほか
Hospital.4	骨が1本もしくは数本砕ける場合もあります。） 	hone ga ippon moshiku wa sūhon kudakeru baai mo arimasu	ほね が いっぽん もしく は すうほん くだける ばあい も あります
Hospital.5	“感染拡大をふせぐために…	kansen kakudai o fusegu tame ni	かんせん かくだい を ふせぐ ため に
Hospital.5	くしゃみするときは口をふさごう！”	kushami suru toki wa kuchi o fusagō	くしゃみ する とき は くち を ふさごう
Hospital.6	当診療所の診療行為は、	tō shinryōjo no shinryō kōi wa	とう しんりょうじょ の しんりょう こうい は
IslandShrine_Shrine	あなたの探求は始まる^	anata no tankyū wa hajimaru	あなた の たんきゅう は はじまる
IslandShrine_Shrine	伝説の4羽の宝石鳥	densetsu no yonwa no hōsekidori	でんせつ の よんわ の ほうせきどり
IslandShrine_Shrine	を探し出して^	o sagashidashite	を さがしだして
IslandShrine_Shrine	扉の前に彼らの贈り物を並べるのです	tobira no mae ni karera no okurimono o naraberu no desu	とびら の まえ に かれら の おくりもの を ならべる の です
JojaMart.104	合成洗剤	gōsei senzai	ごうせい せんざい
JojaMart.109	缶づめ料理	kanzume ryōri	かんずめ りょうり
JojaMart.12	おばあちゃん印の	obāchan jirushi no	おばあちゃん じるし の
JojaMart.51	- 水を加えるだけでOK！ 	mizu o kuwaeru dake de ōkē	みず を くわえる だけ で おうけい
JojaMart.57	超絶激辛	chōzetsu gekikara	ちょうぜつ げきから
JojaMart.60	- 水を加えるだけでOK！ 	mizu o kuwaeru dake de ōkē	みず を くわえる だけ で おうけい
JojaMart.76	… いざ、宇宙へ！	iza uchū e	いざ うちゅう へ
JojaMart.79	いろんな料理につかえます。	ironna ryōri ni tsukaemasu	いろんな りょうり に つかえます
JojaMart.80	Joja万能洗剤 	Joja bannō senzai	Joja ばんのう せんざい
JojaMart.86	… 歯のホワイトニング成分をソースに配合。	ha no howaitoningu seibun o sōsu ni haigō	ハ ノ ホワイトニング セイブン を ソース ニ ハイゴー
JojaMart.91	衣料用洗剤 	iryō yō senzai	いりょう よう せんざい
JojaMart.91	- 香り成分を10倍増量！	kaori seibun o jūbai zōryō	かおり せいぶん を じゅうばい ぞうりょう
JojaMart.94	甘みづけなど様々な用途につかえます。	amamizuke nado samazama na yōto ni tsukaemasu	あまみずけ など さまざま な ようと に つかえます
JojaMart.94	水を加えるだけで、	mizu o kuwaeru dake de	みず を くわえる だけ で
JojaMart.96	… 歯のホワイトニング成分をソースに配合。	ha no howaitoningu seibun o sōsu ni haigō	ハ ノ ホワイトニング セイブン を ソース ニ ハイゴー
JojaMart.99	缶づめ料理	kanzume ryōri	かんずめ りょうり
JoshHouse.1	母さんへ^	kāsan e	かあさん へ
JoshHouse.1	母さんがこれを読んでいるということは、	kāsan ga kore o yonde iru to iu koto wa	かあさん が これ を よんで いる と いう こと は
JoshHouse.1	わたしはもうこの世にいないんだね。	watashi wa mō kono yo ni inai n da ne	わたし は もう この よ に いない ん だ ね
JoshHouse.1	母さんと父さんのこと、	kāsan to tōsan no koto	かあさん と とうさん の こと
JoshHouse.1	ほんとうに愛してるよ。^	hontō ni aishiteru yo	ほんとう に あいしてる よ
JoshHouse.1	どうかあんまり悲しまないでください。	dō ka anmari kanashimanaide kudasai	どう か あんまり かなしまないで ください
JoshHouse.1	大丈夫、	daijōbu	だいじょうぶ
JoshHouse.1	いまはヨバさまと共にいるから。^	ima wa Yoba-sama to tomo ni iru kara	イマ は ヨバサマ ト トモ ニ イル カラ
JoshHouse.1	どうかアレックスをお願いします。	dō ka Arekkusu o onegai shimasu	ドー カ アレックス を オネガイ シマス
JoshHouse.1	あの子には家族が―ちゃんとした家族が必要だから。	ano ko ni wa kazoku ga chanto shita kazoku ga hitsuyō da kara	あの こ に は かぞく が ちゃんと した かぞく が ひつよう だ から
JoshHouse.1	あの子はいい子よ。^ 	ano ko wa ii ko yo	あの こ は いい こ よ
JoshHouse.1	愛をこめて ^	ai o komete	あい を こめて
JoshHouse.11	冷蔵庫には食べものがたくさん入っている。	reizōko ni wa tabemono ga takusan haitte iru	れいぞうこ に は たべもの が たくさん はいって いる
JoshHouse.13	“群青色の人生：	gunjōiro no jinsei	ぐんじょういろ の じんせい
JoshHouse.13	ある炭鉱夫の回想録”	aru tankōfu no kaisōroku	ある たんこうふ の かいそうろく
JoshHouse.2	ラジオは古いポピュラー音楽のチャンネルに合わせてある。	rajio wa furui popyurā ongaku no channeru ni awasete aru	ラジオ は フルイ ポピュラー オンガク ノ チャンネル ニ アワセテ アル
JoshHouse.4	“喪失との向きあい方”	sōshitsu to no mukiaikata	そうしつ と の むきあいかた
JoshHouse.7	をのぞいてみた。	o nozoite mita	を のぞいて みた
JoshHouse.7	中には服とヘアジェル、	naka ni wa fuku to hea jeru	ナカ ニ は フク ト ヘア ジェル
JoshHouse.8	をのぞいてみた。	o nozoite mita	を のぞいて みた
JoshHouse.8	中には服とヘアジェル、	naka ni wa fuku to hea jeru	ナカ ニ は フク ト ヘア ジェル
JoshHouse.9	はよく磨いているようだ。	wa yoku migaite iru yō da	は よく みがいて いる よう だ
LeahHouse.1	まだ制作中だ。	mada seisakuchū da	まだ せいさくちゅう だ
LeahHouse.2	リアが描いた絵	Ria ga kaita e	リア ガ カイタ へ
LeahHouse.2	ほとんどは風景画と、	hotondo wa fūkeiga to	ほとんど は ふうけいが と
LeahHouse.2	自然画の習作だ。	shizenga no shūsaku da	しぜんが の しゅうさく だ
LeahHouse.3	“自然とくらそう：	shizen to kurasō	しぜん と くらそう
LeahHouse.4	“威圧的な人から身を守るには”	iatsuteki na hito kara mi o mamoru ni wa	いあつてき な ひと から み を まもる に は
LeahHouse.6	メッセージはきていない。	messēji wa kite inai	メッセージ は キテ イナイ
ManorHouse.1	町長は	chōchō wa	ちょうちょう は
ManorHouse.1	オーブンを掃除したほうがよさそうだ。	ōbun o sōji shita hō ga yosasō da	オーブン を ソージ シタ ホー ガ ヨサソー ダ
ManorHouse.2	町長は	chōchō wa	ちょうちょう は
ManorHouse.3	あなたがいそがしいのはわかっているけど、	anata ga isogashii no wa wakatte iru kedo	あなた が いそがしい の は わかって いる けど
ManorHouse.3	もっと時間をつくってくれない？^	motto jikan o tsukutte kurenai	もっと じかん を つくって くれない
ManorHouse.3	明日来てくれるのを楽しみにしてます。^	asu kite kureru no o tanoshimi ni shitemasu	あす きて くれる の を たのしみ に してます
MovieTheater_Child2	お母さん！	okāsan	おかあさん
MovieTheater_ConcessionMan	おやつの選択肢が多すぎるなぁ！	oyatsu no sentakushi ga ōsugiru nā	おやつ の せんたくし が おうすぎる なあ
MovieTheater_ConcessionMan2	ああ、あのポップコーンを見て！	ā ano poppukōn o mite	アー アノ ポップコーン を ミテ
MovieTheater_CraneMan	集中してるんだ。	shūchū shiteru n da	しゅうちゅう してる ん だ
MovieTheater_CraneMan2	もう少し…	mō sukoshi	もう すこし
MovieTheater_CraneOccupied	は他の人が使用中です。	wa hoka no hito ga shiyōchū desu	は ほか の ひと が しようちゅう です
MovieTheater_CranePlay	をプレイする？	o purei suru	を プレイ スル
MovieTheater_Governor	谷の経済が発展していくのを見るのは素晴らしいことだ！	tani no keizai ga hatten shite iku no o miru no wa subarashii koto da	たに の けいざい が はってん して いく の を みる の は すばらしい こと だ
MovieTheater_Governor2	本当に妻を連れないといけないんだ！	hontō ni tsuma o tsurenai to ikenai n da	ほんとう に つま を つれない と いけない ん だ
MovieTheater_Gunther	チャットをしたいんだが、	chatto o shitai n da ga	チャット を シタイ ン ダ ガ
MovieTheater_Gunther	美術館に戻る必要があるんだ！	bijutsukan ni modoru hitsuyō ga aru n da	びじゅつかん に もどる ひつよう が ある ん だ
MovieTheater_Gunther2	ちょうど映画を見たところで、	chōdo eiga o mita tokoro de	ちょうど えいが を みた ところ で
MovieTheater_Gunther2	意見としては…	iken to shite wa	いけん と して は
MovieTheater_Lupini	しろうとだね！	shirōto da ne	しろうと だ ね
MovieTheater_Lupini	そのセットのデザインはチョー普通だよ！	sono setto no dezain wa chō futsū da yo	ソノ セット ノ デザイン は チョー フツー ダ ヨ
MovieTheater_Lupini2	しろうとだね！	shirōto da ne	しろうと だ ね
MovieTheater_Lupini2	は、もっと良い撮り方だったよ！	wa motto yoi torikata datta yo	は もっと よい とりかた だった よ
MovieTheater_Marlon	は映画中ずっと寝てました...	wa eigachū zutto netemashita	は えいがちゅう ずっと ねてました
MovieTheater_Marlon	普通ですね。	futsū desu ne	ふつう です ね
MovieTheater_Marlon2	それはおもしろかった...	sore wa omoshirokatta	それ は おもしろかった
MovieTheater_Marlon2	どう思う、	dō omou	どう おもう
MovieTheater_Morris	見てのとおり、	mite no tōri	みて の とうり
MovieTheater_Morris	映画館は大成功です！$h#$b#	eigakan wa daiseikō desu	えいがかん は だいせいこう です
MovieTheater_Morris	えっ…？ 	e	へ
MovieTheater_Morris	あなたの投資に対する見返りは？ 	anata no tōshi ni taisuru mikaeri wa	あなた の とうし に たいする みかえり は
MovieTheater_Morris	まぁ、それは難しいね、	mā sore wa muzukashii ne	まあ それ は むずかしい ね
MovieTheater_Morris	あなたも分かってるだろうけど...	anata mo wakatteru darō kedo	あなた も わかってる だろう けど
MovieTheater_Morris2	あぁ、	ā	ああ
MovieTheater_Morris2	それはとっても大事な投資パートナーだ！	sore wa tottemo daiji na tōshi pātonā da	ソレ は トッテモ ダイジ ナ トーシ パートナー ダ
MovieTheater_Morris2	ショーを楽しんだり、	shō o tanoshindari	ショー を タノシンダリ
MovieTheater_Morris2	途中でJojaコーンのバッグを買うのをお忘れなく！$h	tochū de Joja kōn no baggu o kau no o o-wasure naku	トチュー デ Joja コーン ノ バッグ を カウ ノ を オワスレ ナク
MovieTheater_Mother	健康になりたくないの？ 	kenkō ni naritakunai no	けんこう に なりたくない の
MovieTheater_RedCapGuy2	大きな間違いだった。	ōkina machigai datta	おうきな まちがい だった
MovieTheater_ShortsMan2	ネタばらしはしないから。	netabarashi wa shinai kara	ネタバラシ は シナイ カラ
MovieTheater_Welwick	この映画に多額の投資をしたのに！	kono eiga ni tagaku no tōshi o shita no ni	この えいが に たがく の とうし を した の に
MovieTheater_Welwick2	この映画のチケットを沢山買えばです！	kono eiga no chiketto o takusan kaeba desu	コノ エイガ ノ チケット を タクサン カエバ デス
PirateBartender_PirateClothes	お前のような奴には会ったことがないぞ。	omae no yō na yatsu ni wa atta koto ga nai zo	おまえ の よう な やつ に は あった こと が ない ぞ
PirateBartender_PirateClothes	だがお前は海賊のようだな、	daga omae wa kaizoku no yō da na	だが おまえ は かいぞく の よう だ な
PirateBartender_PirateClothes	これは俺のおごりだ！	kore wa ore no ogori da	これ は おれ の おごり だ
PirateBartender_PirateClothes_NoMore	もう十分だろう、	mō jūbun darō	もう じゅうぶん だろう
PirateBartender_PirateClothes_NoMore	兄弟…	kyōdai	きょうだい
Pirates3	（はぁ）…#	hā	はあ
Pirates3	正直に言うと、	shōjiki ni iu to	しょうじき に いう と
Pirates3	本当は海賊にはなりたくないんだ。	hontō wa kaizoku ni wa naritakunai n da	ほんとう は かいぞく に は なりたくない ん だ
Pirates3	ヤシを育てたいのに。#	yashi o sodatetai no ni	ヤシ を ソダテタイ ノ ニ
Pirates3	ヤシの商売では稼げなくて…	yashi no shōbai de wa kasegenakute	ヤシ ノ ショーバイ デ は カセゲナクテ
Pirates4	我々の秘密の入り江を見つけるとは、	wareware no himitsu no irie o mitsukeru to wa	われわれ の ひみつ の いりえ を みつける と は
Pirates4	なかなか鋭い目を持っているな。	nakanaka surudoi me o motte iru na	なかなか するどい め を もって いる な
Pirates5	凍えるような物語、	kogoeru yō na monogatari	こごえる よう な ものがたり
Pirates5	悪夢がお前を眠りに誘う…#	akumu ga omae o nemuri ni sasou	あくむ が おまえ を ねむり に さそう
Pirates5	オレが手を失ったのは真夜中のことだった…	ore ga te o ushinatta no wa mayonaka no koto datta	オレ ガ テ を ウシナッタ ノ は マヨナカ ノ コト ダッタ
Pirates5	深海のどう猛な怪物に…#	shinkai no dōmō na kaibutsu ni	しんかい の どうもう な かいぶつ に
Pirates5	いや、ちょっとした冗談だ。	iya chotto shita jōdan da	いや ちょっと した じょうだん だ
Pirates5	本当はミキサーから卵のカラを拾おうとしたんだ。#	hontō wa mikisā kara tamago no kara o hiroō to shita n da	ホントー は ミキサー カラ タマゴ ノ カラ を ヒロオー ト シタ ン ダ
Pirates5	ああ…	ā	ああ
Pirates5	私の素晴らしいケーキ作りの日々は終わってしまった…	watashi no subarashii kēki zukuri no hibi wa owatte shimatta	ワタシ ノ スバラシイ ケーキ ズクリ ノ ヒビ は オワッテ シマッタ
Pirates6	彼は呆然としている…	kare wa bōzen to shite iru	かれ は ぼうぜん と して いる
Pirates7_1	もっと面白くしよう。	motto omoshiroku shiyō	もっと おもしろく しよう
Pirates7_2	ああ、また会えてうれしいよ、	ā mata aete ureshii yo	ああ また あえて うれしい よ
Pirates7_2	301点取れるかどうか見せてくれよ…	sanbyakuichi ten toreru ka dō ka misete kure yo	さんびゃくいち てん とれる か どう か みせて くれ よ
Pirates7_2	ダーツは、10本だ！	dātsu wa jippon da	ダーツ は ジッポン ダ
Pirates7_3	よお！	yō	よう
Pirates7_Win	おい、やるじゃねえか！	oi yaru ja nē ka	おい やる じゃ ねい か
Pirates8	…酒と料理は海賊のもんだ。	sake to ryōri wa kaizoku no mon da	さけ と りょうり は かいぞく の もん だ
SamHouse.10	--通信簿--^	tsūshinbo	つうしんぼ
SamHouse.10	算数： C^	sansū	さんすう
SamHouse.10	図工： B-^	zukō	ずこう
SamHouse.10	はとてもいい子ですが、	wa totemo ii ko desu ga	は とても いい こ です が
SamHouse.10	勉強はもうちょっとがんばってほしいですね！^ 	benkyō wa mō chotto ganbatte hoshii desu ne	べんきょう は もう ちょっと がんばって ほしい です ね
SamHouse.12	が部屋中に散らかっている。	ga heyajū ni chirakatte iru	が へやじゅう に ちらかって いる
SamHouse.3	ジョディへ ^	Jodi e	ジョディ へ
SamHouse.3	もうすぐ家に帰れるが、	mō sugu ie ni kaereru ga	もう すぐ いえ に かえれる が
SamHouse.3	帰ったおれは、	kaetta ore wa	かえった おれ は
SamHouse.3	きみが知っている男とはちがってしまっているかもしれない。	kimi ga shitte iru otoko to wa chigatte shimatte iru kamoshirenai	きみ が しって いる おとこ と は ちがって しまって いる かもしれない
SamHouse.3	ここで目にしたいろんなものはおれをぐちゃぐちゃにしてしまった。	koko de me ni shita ironna mono wa ore o guchagucha ni shite shimatta	ここ で め に した いろんな もの は おれ を ぐちゃぐちゃ に して しまった
SamHouse.3	きみを不安にさせたいわけじゃない。	kimi o fuan ni sasetai wake ja nai	きみ を ふあん に させたい わけ じゃ ない
SamHouse.3	ただ、帰ってきたおれを見たときにショックを受けてほしくないんだ。^	tada kaette kita ore o mita toki ni shokku o ukete hoshikunai n da	タダ カエッテ キタ オレ を ミタ トキ ニ ショック を ウケテ ホシクナイ ン ダ
SamHouse.3	たとえなにがあろうと、	tatoe nani ga arō to	たとえ なに が あろう と
SamHouse.3	おれにとってはきみと子どもたちがいちばん大切なんだ。^^	ore ni totte wa kimi to kodomo-tachi ga ichiban taisetsu nan da	おれ に とって は きみ と こどもたち が いちばん たいせつ なん だ
SamHouse.4	チャンネルはニュースチャンネルに合わせてある。	channeru wa nyūsu channeru ni awasete aru	チャンネル は ニュース チャンネル ニ アワセテ アル
ScienceHouse.10	元素の周期表	genso no shūkihyō	げんそ の しゅうきひょう
ScienceHouse.13	双眼顕微鏡	sōgan kenbikyō	そうがん けんびきょう
ScienceHouse.14	双眼顕微鏡	sōgan kenbikyō	そうがん けんびきょう
ScienceHouse.2	はかなり古い。	wa kanari furui	は かなり ふるい
ScienceHouse.2	ファイルのバックアップにはまだフロッピーディスクを使っている。	fairu no bakkuappu ni wa mada furoppī disuku o tsukatte iru	ファイル ノ バックアップ ニ は マダ フロッピー ディスク を ツカッテ イル
ScienceHouse.3	“2度目の結婚を成功させるには” 	nidome no kekkon o seikō saseru ni wa	にどめ の けっこん を せいこう させる に は
ScienceHouse.3	“養父の子育てはじめの一歩”	yōfu no kosodate hajime no ippo	ようふ の こそだて はじめ の いっぽ
ScienceHouse.8	季節ごとの星図表	kisetsu goto no seizuhyō	きせつ ごと の せいずひょう
SebastianRoom.1	ラジオの電源はオフだ。	rajio no dengen wa ofu da	ラジオ ノ デンゲン は オフ ダ
SeedShop.1	11曲”	jūikkyoku	じゅういっきょく
SeedShop.12	食器棚は	shokkidana wa	しょっきだな は
SeedShop.5	思春期を乗りきる”	shishunki o norikiru	ししゅんき を のりきる
SeedShop.8	“Joja社を止めろ 	Joja sha o tomero	Joja しゃ を とめろ
SeedShop.8	大企業の脅威 ”	daikigyō no kyōi	だいきぎょう の きょうい
SeedShop.9	ピエール様へ^	Piēru-sama e	ピエールサマ へ
SeedShop.9	暗いニュースをお知らせするのは大変心苦しいのですが、	kurai nyūsu o o-shirase suru no wa taihen kokorogurushii no desu ga	クライ ニュース を オシラセ スル ノ は タイヘン ココログルシイ ノ デス ガ
SeedShop.9	あなた様の生活を大きく脅かす事態について、	anata-sama no seikatsu o ōkiku obiyakasu jitai ni tsuite	あなたさま の せいかつ を おうきく おびやかす じたい に ついて
SeedShop.9	ぜひとも知らせるべきだと思い筆を取りました次第です。^	zehitomo shiraseru beki da to omoi fude o torimashita shidai desu	ぜひとも しらせる べき だ と おもい ふで を とりました しだい です
SeedShop.9	は、ペリカンタウンでの業務拡大を決定しました。^	wa Perikan Taun de no gyōmu kakudai o kettei shimashita	は ペリカン タウン デ ノ ギョーム カクダイ を ケッテイ シマシタ
SeedShop.9	抗議活動は間に合いません。	kōgi katsudō wa maniaimasen	こうぎ かつどう は まにあいません
SeedShop.9	建築業者はすでに、	kenchiku gyōsha wa sude ni	けんちく ぎょうしゃ は すで に
SeedShop.9	あなた様にとっては致命的なニュースでしょう。	anata-sama ni totte wa chimeiteki na nyūsu deshō	アナタサマ ニ トッテ は チメイテキ ナ ニュース デショー
SeedShop.9	長年築いてきた事業…	naganen kizuite kita jigyō	ながねん きずいて きた じぎょう
SeedShop.9	強力無比で効率的な経済力を持った、	kyōryoku muhi de kōritsuteki na keizairyoku o motta	きょうりょく むひ で こうりつてき な けいざいりょく を もった
SeedShop.9	成長著しい大企業の影におびやかされようとしているのです。	seichō ichijirushii daikigyō no kage ni obiyakasareyō to shite iru no desu	せいちょう いちじるしい だいきぎょう の かげ に おびやかされよう と して いる の です
SeedShop.9	なんという損失でしょうか！^^	nan to iu sonshitsu deshō ka	なん と いう そんしつ でしょう か
SeedShop.9	わたくしはあなた様の苦境に対して個人的な責任を感じております。	watakushi wa anata-sama no kukyō ni taishite kojinteki na sekinin o kanjite orimasu	わたくし は あなたさま の くきょう に たいして こじんてき な せきにん を かんじて おります
SeedShop.9	としてのポストをご用意させていただけないでしょうか。	to shite no posuto o go-yōi sasete itadakenai deshō ka	ト シテ ノ ポスト を ゴヨーイ サセテ イタダケナイ デショー カ
SeedShop.9	賃金は時給5Gからのスタートです。	chingin wa jikyū go-gōrudo kara no sutāto desu	チンギン は ジキュー ゴゴールド カラ ノ スタート デス
SeedShop.9	あなた様からの履歴書が届くことを楽しみにしております！^^	anata-sama kara no rirekisho ga todoku koto o tanoshimi ni shite orimasu	あなたさま から の りれきしょ が とどく こと を たのしみ に して おります
Town-Christmas.1	診療所 	shinryōjo	しんりょうじょ
Town-EggFestival.1	診療所 	shinryōjo	しんりょうじょ
Town-Fair.1	観光客： 	kankōkyaku	かんこうきゃく
Town-Fair.1	もう食べられないよ…	mō taberarenai yo	もう たべられない よ
Town-Fair.2	腕っぷしに自信はあるかい？	udeppushi ni jishin wa aru kai	うでっぷし に じしん は ある かい
Town-Fair.2	こいつをぶったたいてみな！	koitsu o buttataite mi na	こいつ を ぶったたいて み な
Town-Fair.3	診療所 	shinryōjo	しんりょうじょ
Town-Fair.4	観光客： 	kankōkyaku	かんこうきゃく
Town-Fair.4	すごいなあ。	sugoi nā	すごい なあ
Town-Fair.5	観光客： 	kankōkyaku	かんこうきゃく
Town-Fair.5	ガマンしただけの価値はあったよ。	gaman shita dake no kachi wa atta yo	ガマン シタ ダケ ノ カチ は アッタ ヨ
Town-Fair.5	はこういうの好きだよね…	wa kō iu no suki da yo ne	は こう いう の すき だ よ ね
Town-Fair.6	観光客： 	kankōkyaku	かんこうきゃく
Town-Fair.6	なごやかで居心地よさそうだ。	nagoyaka de igokochi yosasō da	なごやか で いごこち よさそう だ
Town-Halloween.1	診療所 	shinryōjo	しんりょうじょ
Town.1	診療所 	shinryōjo	しんりょうじょ
Trailer.1	“教師用指導書： 	kyōshi yō shidōsho	きょうし よう しどうしょ
Trailer.1	2年生用”	ninensei yō	にねんせい よう
WitchHut.1	だれだってそうじが好きになるにちがいない！	dare datte sōji ga suki ni naru ni chigainai	だれ だって そうじ が すき に なる に ちがいない
WitchHut.2	腕を突っこむのは、	ude o tsukkomu no wa	うで を つっこむ の は
WitchHut.2	やめておいたほうがよさそうだ。	yamete oita hō ga yosasō da	やめて おいた ほう が よさそう だ
WitchHut.3	ばい菌がびっしりついていそうな骨	baikin ga bisshiri tsuite isō na hone	ばいきん が びっしり ついて いそう な ほね
WitchHut.3	さわらないでおこう。	sawaranaide okō	さわらないで おこう
WitchHut.4	ビンのコルクを抜き、	bin no koruku o nuki	ビン ノ コルク を ヌキ
WitchHut.4	ただようにおいを吸い込んでみた。	tadayou nioi o suikonde mita	ただよう におい を すいこんで みた
WitchHut.4	アプリコットとスパイスベリーを思わせるいい香りがする。	apurikotto to supaisu berī o omowaseru ii kaori ga suru	アプリコット ト スパイス ベリー を オモワセル イイ カオリ ガ スル
WitchHut.5	田舎で呪おう！	inaka de norō	いなか で のろう
WitchHut.6	目をあわせないようにしよう…	me o awasenai yō ni shiyō	め を あわせない よう に しよう
Axe_Copper_Name	銅	dō	どう
FishingRod_AdvancedIridium_Description	同時に	dōji ni	どうじ に
FishingRod_AdvancedIridium_Name	改良型	kairyōgata	かいりょうがた
FishingRod_Training_Description	普通の	futsū no	ふつう の
FishingRod_Training_Name	練習用	renshū yō	れんしゅう よう
Hoe_Copper_Name	銅	dō	どう
MilkPail_Description	動物	dōbutsu	どうぶつ
Pan_Copper_Name	銅	dō	どう
Pan_Description	鉱石	kōseki	こうせき
Pan_Gold_Description	鉱石	kōseki	こうせき
Pan_Gold_Description	大きい	ōkii	おうきい
Pan_Gold_Description	多く	ōku	おうく
Pan_Iridium_Description	鉱石	kōseki	こうせき
Pan_Iridium_Description	多く	ōku	おうく
Pan_Steel_Description	鉱石	kōseki	こうせき
Pan_Steel_Description	銅	dō	どう
Pan_Steel_Description	大きい	ōkii	おうきい
Pan_Steel_Description	多く	ōku	おうく
Pickaxe_Copper_Name	銅	dō	どう
ReturnScepter_Description	黄金	ōgon	おうごん
ReturnScepter_Description	柄	e	へ
TrashCan_Copper_Name	銅	dō	どう
WateringCan_Copper_Name	銅	dō	どう
WateringCan_Description	補充できる。	hojū dekiru	ほじゅう できる
AGO_CCB	公民館	kōminkan	こうみんかん
AGO_CCB_Tooltip	公民館	kōminkan	こうみんかん
AGO_CCB_Tooltip	表示される	hyōji sareru	ひょうじ される
AGO_CCB_Tooltip	変更します。	henkō shimasu	へんこう します
AGO_CabinLayout_Tooltip	遠く	tōku	とうく
AGO_FarmMonsters	農場	nōjō	のうじょう
AGO_Label	高度な	kōdo na	こうど な
AGO_LegacyRandomization	従来	jūrai	じゅうらい
AGO_LegacyRandomization	使用する	shiyō suru	しよう する
AGO_LegacyRandomization_Tooltip	無効に	mukō ni	むこう に
AGO_MineTreasureShuffle	鉱山	kōzan	こうざん
AGO_MineTreasureShuffle	報酬：	hōshū	ほうしゅう
AGO_MineTreasureShuffle_Tooltip	鉱山	kōzan	こうざん
AGO_MineTreasureShuffle_Tooltip	表示される	hyōji sareru	ひょうじ される
AGO_MineTreasureShuffle_Tooltip	報酬	hōshū	ほうしゅう
AGO_MineTreasureShuffle_Tooltip	変更します。	henkō shimasu	へんこう します
AGO_ProfitMargin_Tooltip	商品	shōhin	しょうひん
AGO_ProfitMargin_Tooltip	乗数	jōsū	じょうすう
AGO_RandomSeed_Tooltip	使用される	shiyō sareru	しよう される
AGO_Year1Completable	保証	hoshō	ほしょう
AGO_Year1Completable_Tooltip	行商人	gyōshōnin	ぎょうしょうにん
AGO_Year1Completable_Tooltip	保証します。	hoshō shimasu	ほしょう します
AcceptQuest	受領	juryō	じゅりょう
AnimalQuery_AgeBaby	 (赤ん坊)	akanbō	あかんぼう
AnimalQuery_Move	変更	henkō	へんこう
AnimalQuery_Moving_HomeChanged	変更しました	henkō shimashita	へんこう しました
AskToDance_Female	申し出てみます	mōshidete mimasu	もうしでて みます
AskToDance_Male	申し出てみます	mōshidete mimasu	もうしでて みます
AskedToAdoptBaby_Accepted_Female	養子	yōshi	ようし
AskedToAdoptBaby_Accepted_Female	必要な	hitsuyō na	ひつよう な
AskedToAdoptBaby_Accepted_Female	14日後	jūyokka go	じゅうよっか ご
AskedToAdoptBaby_Accepted_Male	養子	yōshi	ようし
AskedToAdoptBaby_Accepted_Male	必要な	hitsuyō na	ひつよう な
AskedToAdoptBaby_Accepted_Male	14日後	jūyokka go	じゅうよっか ご
AskedToAdoptBaby_Female	養子	yōshi	ようし
AskedToAdoptBaby_Female	そうです！	sō desu	そう です
AskedToAdoptBaby_Female	力を合わせて	chikara o awasete	ちから を あわせて
AskedToAdoptBaby_Male	養子	yōshi	ようし
AskedToAdoptBaby_Male	そうです！	sō desu	そう です
AskedToAdoptBaby_Male	力を合わせて	chikara o awasete	ちから を あわせて
AskedToAdoptBaby_Rejected_Female	は、	wa	は
AskedToAdoptBaby_Rejected_Female	養子	yōshi	ようし
AskedToAdoptBaby_Rejected_Male	は、	wa	は
AskedToAdoptBaby_Rejected_Male	養子	yōshi	ようし
AskedToDance_Accepted_Female	申し出	mōshide	もうしで
AskedToDance_Accepted_Male	申し出	mōshide	もうしで
AskedToDance_Rejected_Female	申し出	mōshide	もうしで
AskedToDance_Rejected_Male	申し出	mōshide	もうしで
AskedToHaveBaby_Accepted_Female	14日後	jūyokka go	じゅうよっか ご
AskedToHaveBaby_Accepted_Male	14日後	jūyokka go	じゅうよっか ご
AskedToHaveBaby_Female	そうです！	sō desu	そう です
AskedToHaveBaby_Male	そうです！	sō desu	そう です
AskedToMarry_Female	もうしこんできました！	mōshikonde kimashita	もうしこんで きました
AskedToMarry_Male	もうしこんできました！	mōshikonde kimashita	もうしこんで きました
AskedToMarry_NotSingle_Female	ではないですよ！	de wa nai desu yo	で は ない です よ
AskedToMarry_NotSingle_Male	ではないですよ！	de wa nai desu yo	で は ない です よ
Bed_CantMoveOthersBeds	移動する	idō suru	いどう する
Bed_InUse	使用中	shiyō chū	しよう ちゅう
Bed_InUse	移動する	idō suru	いどう する
Bed_NeedsUpgrade	は、	wa	は
Billboard_Birthday	誕生日	tanjōbi	たんじょうび
Billboard_NothingPosted	今日	kyō	きょう
Billboard_SBirthday	誕生日	tanjōbi	たんじょうび
Carpenter_CantDemolish_AnimalsHere	動物	dōbutsu	どうぶつ
Carpenter_CantDemolish_DuringConstruction	建設中	kensetsu chū	けんせつ ちゅう
Carpenter_CantDemolish_FarmhandOnline	（労働者）	rōdōsha	ろうどうしゃ
Carpenter_CantDemolish_FarmhandOnline	は、	wa	は
Carpenter_CantDemolish_PlayerHere	は、	wa	は
Carpenter_ChangeAppearance	変更する	henkō suru	へんこう する
Carpenter_DemolishCabinConfirm	実行する	jikkō suru	じっこう する
Carpenter_DemolishCabinConfirm	農場	nōjō	のうじょう
Carpenter_DemolishCabinConfirm	本当に	hontō ni	ほんとう に
Carpenter_MoveBuildings	移動	idō	いどう
Carpenter_SelectBuilding_Move	移動したい 	idō shitai	いどう したい
Character_Accessory	装飾品	sōshokuhin	そうしょくひん
Character_CoopHelpString	状態	jōtai	じょうたい
Character_CoopHelpString	状態	jōtai	じょうたい
Character_CoopHelpString	牧場	bokujō	ぼくじょう
Character_CoopHelpString	は、	wa	は
Character_CoopHelpString	農場	nōjō	のうじょう
Character_CoopHelpString	遠く	tōku	とうく
Character_CoopHelpString	商品	shōhin	しょうひん
Character_CoopHelpString	量）	ryō	りょう
Character_CoopHelpString	調整します。	chōsei shimasu	ちょうせい します
Character_CoopHelpString	通常	tsūjō	つうじょう
Character_CoopHelpString	豊富な	hōfu na	ほうふ な
Character_CoopHelpString	大人数	ōninzū	おうにんずう
Character_CoopHelpString	は、	wa	は
Character_CoopHelpString2	使用方法	shiyō hōhō	しよう ほうほう
Character_CoopHelpString2	「共有」	kyōyū	きょうゆう
Character_CoopHelpString2	では、	de wa	で は
Character_CoopHelpString2	共有します。	kyōyū shimasu	きょうゆう します
Character_CoopHelpString2	では、	de wa	で は
Character_CoopHelpString2	「共有」	kyōyū	きょうゆう
Character_DyeColor	染料	senryō	せんりょう
Character_Farm	牧場	bokujō	ぼくじょう
Character_FarmBeach	牧場_	bokujō	ぼくじょう
Character_FarmBeach	補給用	hokyū yō	ほきゅう よう
Character_FarmBeach	機能しない。	kinō shinai	きのう しない
Character_FarmCombat	気をつける	ki o tsukeru	き を つける
Character_FarmForaging	特徴。	tokuchō	とくちょう
Character_FarmForaging	牧場用	bokujō yō	ぼくじょう よう
Character_FarmForaging	遠出しなくても	tōde shinakute mo	とうで しなくて も
Character_FarmMining	牧場	bokujō	ぼくじょう
Character_FarmMining	鉱床	kōshō	こうしょう
Character_FarmNameSuffix	牧場	bokujō	ぼくじょう
Character_FarmStandard	広大な	kōdai na	こうだい な
Character_FarmStandard	牧場	bokujō	ぼくじょう
Character_FarmStandard	自由に	jiyū ni	じゆう に
Character_SharedWallet	共有	kyōyū	きょうゆう
Character_combat	戦闘	sentō	せんとう
Character_mining	採鉱	saikō	さいこう
ChatCommands_Clear_Help	消去	shōkyo	しょうきょ
ChatCommands_ColorList_Help	使用可能な	shiyō kanō na	しよう かのう な
ChatCommands_ConcernedApe_1	ありがとう！	arigatō	ありがとう
ChatCommands_ConcernedApe_1	それじゃあ！ [126]	sore jā	それ じゃあ
ChatCommands_ConcernedApe_2	一生懸命…	isshōkenmei	いっしょうけんめい
ChatCommands_Emote_Help	実行する。	jikkō suru	じっこう する
ChatCommands_Emote_Help	引数	hikisū	ひきすう
ChatCommands_Emote_Help	省略します）。	shōryaku shimasu	しょうりゃく します
ChatCommands_Error_CheatsOnly	有効な	yūkō na	ゆうこう な
ChatCommands_Error_CheatsOnly	使用できます。	shiyō dekimasu	しよう できます
ChatCommands_Error_HostOnly	使用できる	shiyō dekiru	しよう できる
ChatCommands_Error_MultiplayerOnly	使用できます。	shiyō dekimasu	しよう できます
ChatCommands_Help_CommandList	使用可能な	shiyō kanō na	しよう かのう な
ChatCommands_Help_Intro	入力してください。	nyūryoku shite kudasai	にゅうりょく して ください
ChatCommands_Message_Help	送信します。	sōshin shimasu	そうしん します
ChatCommands_Qi_1	やあやあ。	yā yā	やあ やあ
ChatCommands_Qi_2	やあ…	yā	やあ
ChatCommands_Qi_2	その調子で	sono chōshi de	その ちょうし で
ChatCommands_Qi_2	足を止めて	ashi o tomete	あし を とめて
ChatCommands_Qi_2	はならないぞ！      	wa naranai zo	は ならない ぞ
ChatCommands_Qi_2	お目にかかろう…	o-me ni kakarō	おめ に かかろう
ChatCommands_UnbanAll_Help	牧場	bokujō	ぼくじょう
ChatCommands_UnlinkPlayer_Help	自由に	jiyū ni	じゆう に
ChatCommands_UnlinkPlayer_Help	使用できる	shiyō dekiru	しよう できる
Chat_AcceptedSpecialOrder	特別注文	tokubetsu chūmon	とくべつ ちゅうもん
Chat_Baby	は、	wa	は
Chat_BackpackLarge	大きな 	ōki na	おうき な
Chat_BuildingMagicBuild	召喚しました！	shōkan shimashita	しょうかん しました
Chat_CalicoStatue_Activated	像：	zō	ぞう
Chat_CaughtLegendaryFish	伝説級	densetsu kyū	でんせつ きゅう
Chat_CompletedSpecialOrder	特別注文	tokubetsu chūmon	とくべつ ちゅうもん
Chat_DartsWin	投	tō	とう
Chat_DartsWin	勝利しました！	shōri shimashita	しょうり しました
Chat_DartsWinPerfect	勝利しました！	shōri shimashita	しょうり しました
Chat_DisablingServer	ではありません。	de wa arimasen	で は ありません
Chat_Earned100m	農場	nōjō	のうじょう
Chat_Earned10m	農場	nōjō	のうじょう
Chat_Earned15k	農場	nōjō	のうじょう
Chat_Earned1m	農場	nōjō	のうじょう
Chat_Earned250k	農場	nōjō	のうじょう
Chat_Earned50k	農場	nōjō	のうじょう
Chat_Eternal1	は、	wa	は
Chat_Eternal1	ことでしょう。	koto deshō	こと でしょう
Chat_Eternal2	牧場	bokujō	ぼくじょう
Chat_Eternal3	遠く	tōku	とうく
Chat_Eternal3	の方で	no hō de	の ほう で
Chat_FinishedSurvey	調査しました。	chōsa shimashita	ちょうさ しました
Chat_Gifted100k	合計	gōkei	ごうけい
Chat_Gifted100k	以上	ijō	いじょう
Chat_Gifted10k	合計	gōkei	ごうけい
Chat_Gifted10k	以上	ijō	いじょう
Chat_Gifted1k	合計	gōkei	ごうけい
Chat_Gifted1k	以上	ijō	いじょう
Chat_Gifted1mil	合計	gōkei	ごうけい
Chat_Gifted1mil	以上	ijō	いじょう
Chat_GoneToBedEarly0	電話をかけています。	denwa o kakete imasu	でんわ を かけて います
Chat_GoneToBedEarly1	今日	kyō	きょう
Chat_GoneToBedEarly2	今日	kyō	きょう
Chat_GoneToBedLate1	は、	wa	は
Chat_GoneToBedLate1	健康的に	kenkōteki ni	けんこうてき に
Chat_GuessRacer_10	勝利	shōri	しょうり
Chat_GuessRacer_7	応援している！	ōen shite iru	おうえん して いる
Chat_GuessRacer_9	自信を持っている！	jishin o motte iru	じしん を もって いる
Chat_HardModeMinesActivated	鉱山	kōzan	こうざん
Chat_HardModeMinesActivated	魔法	mahō	まほう
Chat_HardModeMinesActivated	封印	fūin	ふういん
Chat_HardModeMinesActivated	強力な	kyōryoku na	きょうりょく な
Chat_HardModeMinesActivated	でしょう…	deshō	でしょう
Chat_HardModeMinesDeactivated	鉱山	kōzan	こうざん
Chat_HardModeMinesDeactivated	魔法	mahō	まほう
Chat_HardModeMinesDeactivated	封印	fūin	ふういん
Chat_HardModeMinesDeactivated	鉱山	kōzan	こうざん
Chat_HardModeMinesDeactivated	でしょう…	deshō	でしょう
Chat_LobbyLost_LobbyClosed	終了しました）	shūryō shimashita	しゅうりょう しました
Chat_Lupini	購入しました。	kōnyū shimashita	こうにゅう しました
Chat_Makeover	魔法	mahō	まほう
Chat_Makeover_Pet	魔法	mahō	まほう
Chat_MonsterSlayer0	目標	mokuhyō	もくひょう
Chat_MonstersActivated	農場	nōjō	のうじょう
Chat_MonstersActivated	封印	fūin	ふういん
Chat_MonstersActivated	気を付けて！	ki o tsukete	き を つけて
Chat_MonstersDeActivated	農場	nōjō	のうじょう
Chat_MonstersDeActivated	封印	fūin	ふういん
Chat_MonstersDeActivated	もう一度	mō ichido	もう いちど
Chat_MonstersDeActivated	封印しました。	fūin shimashita	ふういん しました
Chat_MovieEnd	表示	hyōji	ひょうじ
Chat_MovieInviteAccept	招待しました！	shōtai shimashita	しょうたい しました
Chat_MovieStart	表示	hyōji	ひょうじ
Chat_MovieStart	始まろうとしています！	hajimarō to shite imasu	はじまろう と して います
Chat_Museum40	農場	nōjō	のうじょう
Chat_MuseumComplete	農場	nōjō	のうじょう
Chat_PassedOut_Hospital	病院	byōin	びょういん
Chat_PlayerJoinedNewName	労働者	rōdōsha	ろうどうしゃ
Chat_PrivateMessageFormat	 [非公開]：	hikōkai	ひこうかい
Chat_RaceSabotage_3	「修正」	shūsei	しゅうせい
Chat_RaceSabotage_4	ようだ…	yō da	よう だ
Chat_RaceSabotage_5	緊張している	kinchō shite iru	きんちょう して いる
Chat_RaceSabotage_5	ようだ…	yō da	よう だ
Chat_RaceWinners_Many	優勝だ！	yūshō da	ゆうしょう だ
Chat_RaceWinners_Many	おめでとう！	omedetō	おめでとう
Chat_RaceWinners_One	優勝だ！	yūshō da	ゆうしょう だ
Chat_RaceWinners_Two	優勝だ！	yūshō da	ゆうしょう だ
Chat_RaceWinners_Zero	優勝だ！	yūshō da	ゆうしょう だ
Chat_RepairBoat	修理する	shūri suru	しゅうり する
Chat_RepairBoatAnchor	修理しました！	shūri shimashita	しゅうり しました
Chat_RepairBoatHull	修理しました！	shūri shimashita	しゅうり しました
Chat_RepairBoatMachine	修理しました！	shūri shimashita	しゅうり しました
Chat_Sent1g	1g	ichi jī	いち じい
Chat_SeparatedWallets	農場	nōjō	のうじょう
Chat_UpgradePerch_Bridge	修理	shūri	しゅうり
Chat_UpgradePerch_House	農家	nōka	のうか
Chat_UpgradePerch_House	修復	shūfuku	しゅうふく
Chat_UpgradePerch_Resort	復興	fukkō	ふっこう
Chat_UpgradePerch_Trader	貿易小屋	bōeki goya	ぼうえき ごや
Chat_donation	農場	nōjō	のうじょう
Client_WaitForHostAvailability	終了する	shūryō suru	しゅうりょう する
Client_WaitForHostLoad	完了する	kanryō suru	かんりょう する
Collections_Cooking	料理	ryōri	りょうり
Collections_Description_ArtifactsFound	合計 	gōkei	ごうけい
Collections_Description_ArtifactsFound	発見数: 	hakken sū	はっけん すう
Collections_Description_FishCaught	回数： 	kaisū	かいすう
Collections_Description_RecipesCooked	料理した 	ryōri shita	りょうり した
Collections_Description_RecipesCooked	回数： 	kaisū	かいすう
Collections_Minerals	鉱物	kōbutsu	こうぶつ
Collections_Shipped	納品した	nōhin shita	のうひん した
Collections_Shipped	（牧場	bokujō	ぼくじょう
Collections_Shipped	/採集）	saishū	さいしゅう
CoopMenu_Connecting	接続中…	setsuzoku chū	せつぞく ちゅう
CoopMenu_ConnectingOnlineServices	接続中	setsuzoku chū	せつぞく ちゅう
CoopMenu_EnterIP	入力…	nyūryoku	にゅうりょく
CoopMenu_EnterInviteCode	入力…	nyūryoku	にゅうりょく
CoopMenu_HostFile	農場	nōjō	のうじょう
CoopMenu_HostNewFarm	農場	nōjō	のうじょう
CoopMenu_JoinFriendFarm	農場	nōjō	のうじょう
CoopMenu_NewFarmhand	牧場主	bokujōnushi	ぼくじょうぬし
CoopMenu_NoInvites	招待	shōtai	しょうたい
CoopMenu_Refresh	更新	kōshin	こうしん
CoopMenu_RevisitFriendFarm	農場	nōjō	のうじょう
Crafting_NumberCrafted	生産番号：	seisan bangō	せいさん ばんごう
Darts_PointToGo	勝利	shōri	しょうり
Darts_PointsToGo	勝利	shōri	しょうり
Darts_WinText	投	tō	とう
Darts_WinText	勝利しました！	shōri shimashita	しょうり しました
DisplayAdjustmentButton	調整	chōsei	ちょうせい
DisplayAdjustmentText	上下	jōge	じょうげ
DisplayAdjustmentText	調整してください	chōsei shite kudasai	ちょうせい して ください
DropOutLocalMulti	終了	shūryō	しゅうりょう
DyePot_CanDye	染料	senryō	せんりょう
DyePot_Help	染料	senryō	せんりょう
DyePot_WillDye	でしょう：	deshō	でしょう
Emote_Note	注意	chūi	ちゅうい
Emote_Sick	病気	byōki	びょうき
EndCredit_Animals	動物	dōbutsu	どうぶつ
FarmerFile_1	移動歩数: 	idō hosū	いどう ほすう
FarmerFile_1	日数: 	nissū	にっすう
FarmerFile_1	料理した	ryōri shita	りょうり した
FarmerFile_2	回数: 	kaisū	かいすう
Forge_Unforge	鍛造	tanzō	たんぞう
Forge_description1	道具	dōgu	どうぐ
Forge_description1	宝石	hōseki	ほうせき
Forge_forging	鍛造しています…	tanzō shite imasu	たんぞう して います
Forge_shards	鍛造する	tanzō suru	たんぞう する
Forge_shards	消費します。	shōhi shimasu	しょうひ します
Forge_unforge_invalid	鍛造された	tanzō sareta	たんぞう された
Forge_unforge_invalid	鍛造	tanzō	たんぞう
Forge_unforge_right_slot	鍛造	tanzō	たんぞう
Forge_unforge_right_slot	には、	ni wa	に は
Forge_valid	鍛造	tanzō	たんぞう
Forge_valid	には、	ni wa	に は
FruitTree_Warning	昨日	kinō	きのう
FruitTree_Warning	成長しませんでした。	seichō shimasen deshita	せいちょう しません でした
GameMenu_Exit	終了	shūryō	しゅうりょう
GameMenu_JunimoNote_Hover	公民館	kōminkan	こうみんかん
GameMenu_MoveBuildingPermissions	移動	idō	いどう
GameMenu_MoveBuildingPermissions_Owned	所有者	shoyūsha	しょゆうしゃ
GameMenu_ServerInvite	招待…	shōtai	しょうたい
GameMenu_ServerMode_InviteOnly	招待	shōtai	しょうたい
GeodeMenu_Description_NotEnoughMoney	加工料	kakōryō	かこうりょう
GeodeMenu_Description_NotEnoughMoney	ようです。	yō desu	よう です
GiftPlayerItem_NoInventorySpace_Female	は、	wa	は
GiftPlayerItem_NoInventorySpace_Female	これ以上	kore ijō	これ いじょう
GiftPlayerItem_NoInventorySpace_Male	は、	wa	は
GiftPlayerItem_NoInventorySpace_Male	これ以上	kore ijō	これ いじょう
GivenGift_Female	そうです。	sō desu	そう です
GivenGift_Male	そうです。	sō desu	そう です
Inventory_FarmName	牧場	bokujō	ぼくじょう
Inventory_TotalEarnings_Separate	農場	nōjō	のうじょう
Inventory_TotalEarnings_Separate	収益：	shūeki	しゅうえき
ItemHover_Buff0	農業	nōgyō	のうぎょう
ItemHover_Buff10	防御	bōgyo	ぼうぎょ
ItemHover_Buff11	攻撃	kōgeki	こうげき
ItemHover_Buff2	採鉱	saikō	さいこう
ItemHover_Buff3	戦闘	sentō	せんとう
ItemHover_Buff4	幸運	kōun	こううん
ItemHover_Buff8	吸引力	kyūinryoku	きゅういんりょく
ItemHover_DefenseBonus	防御	bōgyo	ぼうぎょ
ItemHover_DiamondForge_Plural	鍛造	tanzō	たんぞう
ItemHover_DiamondForge_Singular	鍛造	tanzō	たんぞう
ItemHover_ImmunityBonus	無効	mukō	むこう
ItemHover_Requirements	必要	hitsuyō	ひつよう
ItemList_ItemsLostValue	合計値：	gōkeichi	ごうけいち
Item_CantBeUsedHere	使用できません。	shiyō dekimasen	しよう できません
Item_Tooltip_Forged	鍛造済み	tanzō zumi	たんぞう ずみ
JojaCDMenu_Hover0	復旧します。	fukkyū shimasu	ふっきゅう します
JojaCDMenu_Hover1	修理します。	shūri shimasu	しゅうり します
JojaCDMenu_Hover2	修理します。	shūri shimasu	しゅうり します
JojaCDMenu_Hover3	牧場	bokujō	ぼくじょう
JojaCDMenu_Hover3	を、 	o	を
JojaCDMenu_Hover4	鉱山	kōzan	こうざん
JojaCDMenu_Hover4	大岩	ōiwa	おういわ
JunimoNote_MustBeAtAJM	放棄された	hōki sareta	ほうき された
JunimoNote_MustBeAtAJM	入金	nyūkin	にゅうきん
JunimoNote_MustBeAtAJM	必要です	hitsuyō desu	ひつよう です
JunimoNote_MustBeAtCC	公民館	kōminkan	こうみんかん
JunimoNote_MustBeAtCC	必要が 	hitsuyō ga	ひつよう が
JunimoNote_RewardBoiler	ごほうび： 	go-hōbi	ごほうび
JunimoNote_RewardBoiler	修理	shūri	しゅうり
JunimoNote_RewardBulletin	ごほうび： 	go-hōbi	ごほうび
JunimoNote_RewardBulletin	友情	yūjō	ゆうじょう
JunimoNote_RewardCrafts	ごほうび： 	go-hōbi	ごほうび
JunimoNote_RewardCrafts	修理	shūri	しゅうり
JunimoNote_RewardFishTank	ごほうび： 	go-hōbi	ごほうび
JunimoNote_RewardPantry	ごほうび： 	go-hōbi	ごほうび
JunimoNote_RewardPantry	修理	shūri	しゅうり
JunimoNote_RewardVault	ごほうび： 	go-hōbi	ごほうび
JunimoNote_RewardVault	修理	shūri	しゅうり
Junimo_Kart_Level_0	洞窟	dōkutsu	どうくつ
Junimo_Kart_Level_2	宝石	hōseki	ほうせき
Junimo_Kart_Level_9	洞窟	dōkutsu	どうくつ
Kitchen_InUse	台所用品	daidokoro yōhin	だいどころ ようひん
Kitchen_InUse	もう一度	mō ichido	もう いちど
LearnedRecipe_cooking	料理	ryōri	りょうり
LetterViewer_MoneyIncluded	同封されていた	dōfū sarete ita	どうふう されて いた
LevelUp_ProfessionDescription_Acrobat	特殊攻撃	tokushu kōgeki	とくしゅ こうげき
LevelUp_ProfessionDescription_Agriculturist	成長速度	seichō sokudo	せいちょう そくど
LevelUp_ProfessionDescription_Artisan	加工品	kakōhin	かこうひん
LevelUp_ProfessionDescription_Blacksmith	のべ棒	nobebō	のべぼう
LevelUp_ProfessionDescription_Botanist	最高に 	saikō ni	さいこう に
LevelUp_ProfessionDescription_Brute	増加する。	zōka suru	ぞうか する
LevelUp_ProfessionDescription_Coopmaster	動物	dōbutsu	どうぶつ
LevelUp_ProfessionDescription_Desperado	殺傷力	sasshōryoku	さっしょうりょく
LevelUp_ProfessionDescription_Fighter	攻撃	kōgeki	こうげき
LevelUp_ProfessionDescription_Fighter	増加する。	zōka suru	ぞうか する
LevelUp_ProfessionDescription_Gemologist	宝石	hōseki	ほうせき
LevelUp_ProfessionDescription_Geologist	宝石が 	hōseki ga	ほうせき が
LevelUp_ProfessionDescription_Lumberjack	硬木が 	kōboku ga	こうぼく が
LevelUp_ProfessionDescription_Luremaster	必要と 	hitsuyō to	ひつよう と
LevelUp_ProfessionDescription_Miner	+鉱脈 	kōmyaku	こうみゃく
LevelUp_ProfessionDescription_Miner	鉱石が 	kōseki ga	こうせき が
LevelUp_ProfessionDescription_Shepherd	動物小屋	dōbutsu goya	どうぶつ ごや
LevelUp_ProfessionDescription_Shepherd	動物	dōbutsu	どうぶつ
LevelUp_ProfessionDescription_Tracker	採取可能な 	saishu kanō na	さいしゅ かのう な
LevelUp_ProfessionDescription_Trapper	必要な 	hitsuyō na	ひつよう な
LevelUp_ProfessionName_Agriculturist	農業者	nōgyōsha	のうぎょうしゃ
LevelUp_ProfessionName_Defender	防衛者	bōeisha	ぼうえいしゃ
LevelUp_ProfessionName_Forester	住人	jūnin	じゅうにん
LevelUp_ProfessionName_Gatherer	収集者	shūshūsha	しゅうしゅうしゃ
LevelUp_ProfessionName_Gemologist	宝石学者	hōseki gakusha	ほうせき がくしゃ
LevelUp_ProfessionName_Miner	鉱山労働者	kōzan rōdōsha	こうざん ろうどうしゃ
LevelUp_ProfessionName_Prospector	探鉱者	tankōsha	たんこうしゃ
LevelUp_ProfessionName_Rancher	動物飼育者	dōbutsu shiikusha	どうぶつ しいくしゃ
LevelUp_ProfessionName_Tapper	樹液採集器	jueki saishūki	じゅえき さいしゅうき
LevelUp_ProfessionName_Tiller	耕作者	kōsakusha	こうさくしゃ
LevelUp_ProfessionName_Trapper	漁師	ryōshi	りょうし
LoadGameMenu_Deleting	削除中…	sakujo chū	さくじょ ちゅう
Mini_JukeBox_NotFarmPlay	農場	nōjō	のうじょう
MovieStartRequest	始まろうとしてます！	hajimarō to shitemasu	はじまろう と してます
NameChange_EasterEgg3	牧場	bokujō	ぼくじょう
NameChange_EasterEgg3	方法	hōhō	ほうほう
NameChange_EasterEgg3	何をやっても	nani o yatte mo	なに を やって も
NameChange_EasterEgg4	は、	wa	は
NameChange_EasterEgg5	本当は	hontō wa	ほんとう は
NameChange_EasterEgg6	応答せよ！	ōtō seyo	おうとう せよ
NameChange_EasterEgg6	応答せよ！	ōtō seyo	おうとう せよ
NameChange_EasterEgg6	泥棒	dorobō	どろぼう
NameChange_EasterEgg6	逃走中だ！	tōsō chū da	とうそう ちゅう だ
OptionsPage_FarmhandCreation	有効に	yūkō ni	ゆうこう に
OptionsPage_ShowInviteCode	表示	hyōji	ひょうじ
OptionsPage_ShowReadyStatus	表示	hyōji	ひょうじ
Options_GamepadMode_Auto	自動検出	jidō kenshutsu	じどう けんしゅつ
Options_GamepadStyleMenus	使用	shiyō	しよう
Options_ShowAdvancedCraftingInformation	高度な	kōdo na	こうど な
Options_ShowAdvancedCraftingInformation	生産情報	seisan jōhō	せいさん じょうほう
Options_ShowAdvancedCraftingInformation	表示	hyōji	ひょうじ
Options_SlingshotMode_Pull	反対方向	hantai hōkō	はんたい ほうこう
Options_StowingMode	収納	shūnō	しゅうのう
PT_Cooking	料理	ryōri	りょうり
PT_FarmerLevel	牧場主	bokujōnushi	ぼくじょうぬし
PT_GoldClock	牧場	bokujō	ぼくじょう
PT_Obelisks	牧場	bokujō	ぼくじょう
PT_Total	合計	gōkei	ごうけい
PT_Total_ValueWithWaiver	1％ 	ichi pāsento	いち ぱあせんと
PT_Total_ValueWithWaiver	放棄）	hōki	ほうき
PT_Total_ValueWithWaivers	放棄）	hōki	ほうき
ParrotPlatform_Farm	牧場	bokujō	ぼくじょう
PondQuery_ChangeNetting	変更する	henkō suru	へんこう する
PondQuery_ConfirmEmpty	状態	jōtai	じょうたい
PondQuery_Population	人口：	jinkō	じんこう
PondQuery_StatusOk2	大丈夫！」	daijōbu	だいじょうぶ
PondQuery_StatusOk4	健康	kenkō	けんこう
PondQuery_StatusOk5	幸せそうに	shiawase sō ni	しあわせ そう に
PondQuery_StatusOk_Coral	機能しています。	kinō shite imasu	きのう して います
PondQuery_StatusRequestComplete1	「ねぇ、	nē	ねい
PondQuery_StatusRequestComplete1	必要な	hitsuyō na	ひつよう な
PondQuery_StatusRequestComplete3	「ありがとう！	arigatō	ありがとう
PondQuery_StatusRequestComplete3	健康	kenkō	けんこう
PondQuery_StatusRequestComplete4	「ああ、	ā	ああ
PondQuery_StatusRequestComplete4	本当に	hontō ni	ほんとう に
PondQuery_StatusRequestComplete6	幸せそうだね。	shiawase sō da ne	しあわせ そう だ ね
PondQuery_StatusRequestComplete_Carnivore0	登場！」	tōjō	とうじょう
PondQuery_StatusRequestComplete_Carnivore2	美味しそうだね。	oishisō da ne	おいしそう だ ね
PondQuery_StatusRequestComplete_Carnivore2	ありがとうご！」	arigatō go	ありがとう ご
PondQuery_StatusRequestComplete_Demanding0	「ありがとう！	arigatō	ありがとう
PondQuery_StatusRequestComplete_Demanding0	ありがとう！」	arigatō	ありがとう
PondQuery_StatusRequestComplete_Demanding2	輪	wa	は
PondQuery_StatusRequestComplete_Rude1	「ああ…	ā	ああ
PondQuery_StatusRequestComplete_Rude1	ありがとう、	arigatō	ありがとう
PondQuery_StatusRequestComplete_Rude1	少年。」	shōnen	しょうねん
PondQuery_StatusRequestComplete_Rude2	「ありがとう、	arigatō	ありがとう
PondQuery_StatusRequestComplete_Stiff0	「ああ…	ā	ああ
PondQuery_StatusRequestComplete_Stiff0	要求した	yōkyū shita	ようきゅう した
PondQuery_StatusRequestComplete_Stiff2	ようだね。	yō da ne	よう だ ね
PondQuery_StatusRequestPending0	でしょう！」	deshō	でしょう
PondQuery_StatusRequestPending1	多くない	ōkunai	おうくない
PondQuery_StatusRequestPending2	快適だろうね。」	kaiteki darō ne	かいてき だろう ね
PondQuery_StatusRequestPending3	「どうぞ...	dōzo	どうぞ
PondQuery_StatusRequestPending4	大丈夫だけど、	daijōbu da kedo	だいじょうぶ だ けど
PondQuery_StatusRequestPending_Carnivore1	「夕食	yūshoku	ゆうしょく
PondQuery_StatusRequestPending_Carnivore2	必要だよ... 	hitsuyō da yo	ひつよう だ よ
PondQuery_StatusRequestPending_Demanding1	必要！	hitsuyō	ひつよう
PondQuery_StatusRequestPending_Demanding1	必要！」	hitsuyō	ひつよう
PondQuery_StatusRequestPending_Demanding2	必要！」	hitsuyō	ひつよう
PondQuery_StatusRequestPending_Rude0_Female	「ねぇ、	nē	ねい
PondQuery_StatusRequestPending_Rude0_Female	住人さん、	jūnin san	じゅうにん さん
PondQuery_StatusRequestPending_Rude0_Male	「ねえ、	nē	ねい
PondQuery_StatusRequestPending_Rude1_Female	「やあ、	yā	やあ
PondQuery_StatusRequestPending_Rude1_Male	「おおい...	ōi	おうい
PondQuery_StatusRequestPending_Rude1_Male	はどうですか、	wa dō desu ka	は どう です か
PondQuery_StatusRequestPending_Rude2_Male	ねぇ、	nē	ねい
PondQuery_StatusRequestPending_Stiff0	必要なんだ...」	hitsuyō na n da	ひつよう な ん だ
PondQuery_StatusRequestPending_Stiff2	必要だ	hitsuyō da	ひつよう だ
Profile_Birthday	誕生日	tanjōbi	たんじょうび
Profile_Gift_Category_CookedItems	調理された	chōri sareta	ちょうり された
Profile_Gift_Category_Ingredients	材料	zairyō	ざいりょう
Profile_Gift_Category_MineralsAndGems	鉱物	kōbutsu	こうぶつ
Profile_Gift_Category_MineralsAndGems	宝石	hōseki	ほうせき
Profile_Gift_Disliked	好きではない	suki de wa nai	すき で は ない
Profile_Gift_Neutral	通常	tsūjō	つうじょう
Profile_Status	状態	jōtai	じょうたい
Proposal_PlayerBusy_Female	対応できません。	taiō dekimasen	たいおう できません
Proposal_PlayerBusy_Male	対応できません。	taiō dekimasen	たいおう できません
Syncing_cloud_saves	同期しています	dōki shite imasu	どうき して います
Tailor_Feed	飼料	shiryō	しりょう
Tailor_InvalidRecipe	材料	zairyō	ざいりょう
Tailor_InvalidRecipe	使用できません！	shiyō dekimasen	しよう できません
Tailor_MissingIngredients	飼料	shiryō	しりょう
Tailor_MissingIngredients	材料	zairyō	ざいりょう
Tailor_NotDyeable	飼料中	shiryō chū	しりょう ちゅう
Tailor_Valid	には、	ni wa	に は
TextSignEntry	入力	nyūryoku	にゅうりょく
TooManyFarmsMenu_TooManyFarms	牧場	bokujō	ぼくじょう
TooManyFarmsMenu_TooManyFarms	所有可能数	shoyū kanō sū	しょゆう かのう すう
TooManyFarmsMenu_TooManyFarms	上限	jōgen	じょうげん
TrashCanSale	回収	kaishū	かいしゅう
UpgradePerch_Bridge	修理！	shūri	しゅうり
UpgradePerch_House	修理！	shūri	しゅうり
UpgradePerch_Trader	貿易小屋	bōeki goya	ぼうえき ごや
UserSignoutMenu_Exit	終了	shūryō	しゅうりょう
UserSignoutMenu_SignInChange	状態	jōtai	じょうたい
UserSignoutMenu_SignInChange	変更されました。	henkō saremashita	へんこう されました
UserSignoutMenu_SignInChange	もう一度	mō ichido	もう いちど
Workbench_Chest_Warning	使用中です。	shiyō chū desu	しよう ちゅう です
adjust_joypad_controls	操作	sōsa	そうさ
adjust_joypad_controls	調整	chōsei	ちょうせい
android_storage_migration	は、	wa	は
android_storage_migration	必要が	hitsuyō ga	ひつよう が
android_storage_migration	「このフォルダを使用」	kono foruda o shiyō	コノ フォルダ を シヨー
confirmExit	本当に	hontō ni	ほんとう に
confirmExit	終了します	shūryō shimasu	しゅうりょう します
control_method_attack_joystick	攻撃	kōgeki	こうげき
control_method_invis_1	透明	tōmei	とうめい
control_method_invis_2	透明	tōmei	とうめい
invisible_button_width	透明	tōmei	とうめい
mobile_options_bigger_numbers	数字	sūji	すうじ
mobile_options_bigger_numbers	大きくする	ōkiku suru	おうきく する
mobile_options_menu_side_margin	調整	chōsei	ちょうせい
mobile_options_toolbar_padding	調整	chōsei	ちょうせい
question_restore_backup	途中で	tochū de	とちゅう で
shippingInstructionText	販売用	hanbai yō	はんばい よう
show_controls_toggle_button	表示	hyōji	ひょうじ
store_demo	は、	wa	は
tutorial1	まずは、	mazu wa	まず は
tutorial1	決めようね。	kimeyō ne	きめよう ね
tutorial10	用意しないとね	yōi shinai to ne	ようい しない と ね
tutorial11	上出来だね…	jōdeki da ne	じょうでき だ ね
tutorial11	まいてみようか？	maite miyō ka	まいて みよう か
tutorial12	欲しそうだね。	hoshisō da ne	ほしそう だ ね
tutorial14	自由に	jiyū ni	じゆう に
tutorial14	ご挨拶しよう！	go-aisatsu shiyō	ごあいさつ しよう
tutorial15	補充できるよ	hojū dekiru yo	ほじゅう できる よ
tutorial16	方向	hōkō	ほうこう
tutorial17	方向	hōkō	ほうこう
tutorial18	見ておこう	mite okō	みて おこう
tutorial2	おはよう！	ohayō	おはよう
tutorial2	忘れないようにね！	wasurenai yō ni ne	わすれない よう に ね
tutorial20	採集	saishū	さいしゅう
tutorial20	戦闘	sentō	せんとう
tutorial21	では、	de wa	で は
tutorial21	交流	kōryū	こうりゅう
tutorial21	状況	jōkyō	じょうきょう
tutorial22	では、	de wa	で は
tutorial23	地図上	chizu jō	ちず じょう
tutorial23	見てみよう	mite miyō	みて みよう
tutorial24	は、	wa	は
tutorial24	調理したり	chōri shitari	ちょうり したり
tutorial25	「商店」	shōten	しょうてん
tutorial25	では、	de wa	で は
tutorial25	商品	shōhin	しょうひん
tutorial3	開いてみよう！	hiraite miyō	ひらいて みよう
tutorial4	登場した。	tōjō shita	とうじょう した
tutorial4	内容	naiyō	ないよう
tutorial4	確認してみよう。	kakunin shite miyō	かくにん して みよう
tutorial4	情報	jōhō	じょうほう
tutorial6	片づけようか	katazukeyō ka	かたずけよう か
tutorial7	雑草	zassō	ざっそう
tutorial8	雑草	zassō	ざっそう
tutorial9	耕そう	tagayasō	たがやそう
tutorialWant	有効に	yūkō ni	ゆうこう に
AlexsBat_Description	は、	wa	は
BoneSword_Description	非常に	hijō ni	ひじょう に
BurglarsShank_Description	優先した	yūsen shita	ゆうせん した
Claymore_Description	両手剣。	ryōte ken	りょうて けん
DragontoothClub_Description	魔法	mahō	まほう
DragontoothCutlass_Description	魔法	mahō	まほう
DragontoothShiv_Description	魔法	mahō	まほう
ElfBlade_Description	器用な	kiyō na	きよう な
ElliottsPencil_Description	小説	shōsetsu	しょうせつ
Femur_Description	数世紀ぶん	sūseiki bun	すうせいき ぶん
ForestSword_Description	強力な	kyōryoku na	きょうりょく な
ForestSword_Description	魔法	mahō	まほう
GalaxySlingshot_Description	強力。	kyōryoku	きょうりょく
GoldenScythe_Description	通常の	tsūjō no	つうじょう の
GoldenScythe_Description	強力です。	kyōryoku desu	きょうりょく です
HarveysMallet_Description	診療所	shinryōjo	しんりょうじょ
InsectHead_Description	正直	shōjiki	しょうじき
InsectHead_Description	微妙。	bimyō	びみょう
InsectHead_Name	昆虫	konchū	こんちゅう
IridiumScythe_Description	収穫	shūkaku	しゅうかく
IridiumScythe_Description	使用できる。	shiyō dekiru	しよう できる
IronEdge_Description	重厚な	jūkō na	じゅうこう な
Kudgel_Description	蛮勇	ban'yū	ばんゆう
LavaKatana_Description	溶岩	yōgan	ようがん
LavaKatana_Description	強靭な	kyōjin na	きょうじん な
LeadRod_Description	驚異的な	kyōiteki na	きょういてき な
LeahsWhittler_Description	流木	ryūboku	りゅうぼく
LeahsWhittler_Description	愛用している	aiyō shite iru	あいよう して いる
MarusWrench_Description	大きな	ōki na	おうき な
MasterSlingshot_Description	鉱石	kōseki	こうせき
MasterSlingshot_Description	必要。	hitsuyō	ひつよう
Meowmere_Description	遠い	tōi	とうい
NeptunesGlaive_Description	宝剣。	hōken	ほうけん
ObsidianEdge_Name	黒曜石	kokuyōseki	こくようせき
OssifiedBlade_Description	大きく	ōkiku	おうきく
Rapier_Description	優美な	yūbi na	ゆうび な
Scythe_Description	牧場	bokujō	ぼくじょう
Scythe_Description	牧草	bokusō	ぼくそう
SebsLostMace_Description	中世	chūsei	ちゅうせい
Slingshot_Description	鉱石	kōseki	こうせき
Slingshot_Description	必要。	hitsuyō	ひつよう
SteelSmallsword_Name	鋼鉄	kōtetsu	こうてつ
TemperedBroadsword_Description	攻撃	kōgeki	こうげき
TemperedBroadsword_Description	耐えぬきそうな	taenukisō na	たえぬきそう な
TemplarsBlade_Description	高潔な	kōketsu na	こうけつ な
TheSlammer_Description	宙	chū	ちゅう
WickedKris_Name	魔性の	mashō no	ましょう の
YetiTooth_Description	氷	kōri	こうり
GingerIsland_North_DigSite	採掘場	saikutsujō	さいくつじょう
GingerIsland_West_GourmandCave	食いしん坊	kuishinbō	くいしんぼう
GingerIsland_West_House	農場	nōjō	のうじょう
demetrius_dance	は取り込み中だ。	wa torikomi chū da	は とりこみ ちゅう だ
demetrius_read	外の世界からは遠ざかってしまうね。	soto no sekai kara wa tōzakatte shimau ne	そと の せかい から は とうざかって しまう ね
haley_photo	は写真を撮るのに夢中で、	wa shashin o toru no ni muchū de	は しゃしん を とる の に むちゅう で
harvey_examine_left	では、じっとして…	de wa jitto shite	で は じっと して
harvey_examine_left	おおきく深呼吸してください。$u	ōkiku shinkokyū shite kudasai	おうきく しんこきゅう して ください
harvey_radio	は今いそがしそうだ。	wa ima isogashisō da	は いま いそがしそう だ
marnie_exercise	%霧になった汗の向こうから、	kiri ni natta ase no mukō kara	きり に なった あせ の むこう から
marnie_exercise	はあなたにほほえみかけた。	wa anata ni hohoemikaketa	は あなた に ほほえみかけた
penny_wave_left	この町は安全だけど、	kono machi wa anzen da kedo	この まち は あんぜん だ けど
penny_wave_left	いちおう子供たち	ichiō kodomo tachi	いちおう こども たち
penny_wave_left	のことはいつも家まで送ることにしてるの。	no koto wa itsumo ie made okuru koto ni shiteru no	の こと は いつも いえ まで おくる こと に してる の
robin_dance	は取り込み中だ。	wa torikomi chū da	は とりこみ ちゅう だ
robin_exercise	腕力はあるけど…	wanryoku wa aru kedo	わんりょく は ある けど
robin_exercise	ふぅ…	fū	ふう
robin_exercise	足はまだまだきたえなきゃ…	ashi wa mada mada kitaenakya	あし は まだ まだ きたえなきゃ
robin_exercise	はぁっ。	hā	はあ
sam_guitar	はギターの練習に熱中している。	wa gitā no renshū ni netchū shite iru	は ギター ノ レンシュー ニ ネッチュー シテ イル
sam_pool	キューボールにちょっとトップスピンをかければ、	kyū bōru ni chotto toppu supin o kakereba	キュー ボール ニ チョット トップ スピン を カケレバ
sam_skateboarding	はキックフリップに挑戦している。	wa kikku furippu ni chōsen shite iru	は キック フリップ ニ チョーセン シテ イル
sam_work	は仕事中だ…	wa shigoto chū da	は しごと ちゅう だ
shane_work	はまじめにはたらいている。	wa majime ni hataraite iru	は まじめ に はたらいて いる
shane_work	おしゃべりする気はなさそうだ。	oshaberi suru ki wa nasasō da	おしゃべり する き は なさそう だ
vincent_read_right	この本を読んでからね、	kono hon o yonde kara ne	この ほん を よんで から ね
